keyword,normalized_keyword,language,market,country,primary_cluster,secondary_cluster,search_intent,buyer_stage,search_volume,keyword_difficulty,cpc,trend,serp_type,serp_notes,commercial_value,strategic_relevance,malaysia_origin_relevance,existing_architecture_target,page_recommendation,priority,source,data_date,verification_status,notes
malaysia titanium dioxide,malaysia titanium dioxide,EN,GLOBAL,MALAYSIA,ORIGIN,ORIGIN-01 Malaysia-origin supply,I,Supplier Search,Unavailable,11,Unavailable,Unavailable,Manufacturer/supplier/directory mix,Local SERP raw shows the current Malaysia-origin supplier site plus manufacturer/category competitors.,5,5,3,MALAYSIA ORIGIN > Malaysia-Origin Titanium Dioxide,EXISTING_PAGE,P3,SEMRUSH-UK-ORIGIN-20260829-001,2026-08-29,VERIFIED,"Metric row verified from local Semrush capture. Semrush raw intent: Informational. Priority audit: CI=1.5/5, Strategic=5/5, Market=3/5, Demand=0/5, Feasibility=5/5, weighted=56. Unavailable demand/feasibility contributes 0 rather than an inferred value."
titanium dioxide malaysia,titanium dioxide malaysia,EN,GLOBAL,MALAYSIA,ORIGIN,ORIGIN-01 Malaysia-origin supply,C,Supplier Search,Unavailable,Unavailable,Unavailable,Unavailable,Manufacturer/supplier/directory mix,Local SERP raw shows the current Malaysia-origin supplier site plus manufacturer/category competitors.,5,5,3,MALAYSIA ORIGIN > Malaysia-Origin Titanium Dioxide,EXISTING_PAGE,P2,PROJECT-BRIEF-TIO2-MALAYSIA-V1.0 | SERP-GLOBAL-MY-TIO2-SUPPLIER-20260829,2026-08-29,VERIFIED,"No numeric metrics available; retained as qualitative seed/evidence term. Priority audit: CI=4.5/5, Strategic=5/5, Market=3/5, Demand=0/5, Feasibility=0/5, weighted=64. Unavailable demand/feasibility contributes 0 rather than an inferred value."
malaysia tio2,malaysia tio2,EN,GLOBAL,MALAYSIA,ORIGIN,ORIGIN-01 Malaysia-origin supply,C,Supplier Search,Unavailable,Unavailable,Unavailable,Unavailable,Manufacturer/supplier/directory mix,Local SERP raw shows the current Malaysia-origin supplier site plus manufacturer/category competitors.,5,5,3,MALAYSIA ORIGIN > Malaysia-Origin Titanium Dioxide,EXISTING_PAGE,P2,PROJECT-BRIEF-TIO2-MALAYSIA-V1.0 | SERP-GLOBAL-MY-TIO2-SUPPLIER-20260829,2026-08-29,VERIFIED,"No numeric metrics available; retained as qualitative seed/evidence term. Priority audit: CI=4.5/5, Strategic=5/5, Market=3/5, Demand=0/5, Feasibility=0/5, weighted=64. Unavailable demand/feasibility contributes 0 rather than an inferred value."
titanium dioxide supplier malaysia,titanium dioxide supplier malaysia,EN,GLOBAL,MALAYSIA,ORIGIN,ORIGIN-01 Malaysia-origin supply,C,Supplier Search,Unavailable,9,Unavailable,Unavailable,Manufacturer/supplier/directory mix,Local SERP raw shows the current Malaysia-origin supplier site plus manufacturer/category competitors.,5,5,3,MALAYSIA ORIGIN > Malaysia-Origin Titanium Dioxide,EXISTING_PAGE,P1,SEMRUSH-UK-ORIGIN-20260829-001,2026-08-29,VERIFIED,"Metric row verified from local Semrush capture. Semrush raw intent: Commercial. Priority audit: CI=4.5/5, Strategic=5/5, Market=3/5, Demand=0/5, Feasibility=5/5, weighted=74. Unavailable demand/feasibility contributes 0 rather than an inferred value."
malaysia titanium dioxide supplier,malaysia titanium dioxide supplier,EN,GLOBAL,MALAYSIA,ORIGIN,ORIGIN-01 Malaysia-origin supply,C,Supplier Search,Unavailable,Unavailable,Unavailable,Unavailable,Manufacturer/supplier/directory mix,Local SERP raw shows the current Malaysia-origin supplier site plus manufacturer/category competitors.,5,5,3,MALAYSIA ORIGIN > Malaysia-Origin Titanium Dioxide,EXISTING_PAGE,P2,PROJECT-BRIEF-TIO2-MALAYSIA-V1.0 | SERP-GLOBAL-MY-TIO2-SUPPLIER-20260829,2026-08-29,VERIFIED,"No numeric metrics available; retained as qualitative seed/evidence term. Priority audit: CI=4.5/5, Strategic=5/5, Market=3/5, Demand=0/5, Feasibility=0/5, weighted=64. Unavailable demand/feasibility contributes 0 rather than an inferred value."
malaysia titanium dioxide manufacturer,malaysia titanium dioxide manufacturer,EN,GLOBAL,MALAYSIA,ORIGIN,ORIGIN-01 Malaysia-origin supply,C,Supplier Search,Unavailable,Unavailable,Unavailable,Unavailable,Manufacturer/supplier/directory mix,Local SERP raw shows the current Malaysia-origin supplier site plus manufacturer/category competitors.,5,5,3,MALAYSIA ORIGIN > Malaysia-Origin Titanium Dioxide,EXISTING_PAGE,P2,PROJECT-BRIEF-TIO2-MALAYSIA-V1.0 | SERP-GLOBAL-MY-TIO2-SUPPLIER-20260829,2026-08-29,VERIFIED,"No numeric metrics available; retained as qualitative seed/evidence term. Priority audit: CI=4.5/5, Strategic=5/5, Market=3/5, Demand=0/5, Feasibility=0/5, weighted=64. Unavailable demand/feasibility contributes 0 rather than an inferred value."
malaysia origin titanium dioxide,malaysia origin titanium dioxide,EN,GLOBAL,MALAYSIA,ORIGIN,ORIGIN-01 Malaysia-origin supply,I,Supplier Search,Unavailable,14,Unavailable,Unavailable,Manufacturer/supplier/directory mix,Local SERP raw shows the current Malaysia-origin supplier site plus manufacturer/category competitors.,5,5,3,MALAYSIA ORIGIN > Malaysia-Origin Titanium Dioxide,EXISTING_PAGE,P3,SEMRUSH-UK-ORIGIN-20260829-001,2026-08-29,VERIFIED,"Metric row verified from local Semrush capture. Semrush raw intent: Informational. Priority audit: CI=1.5/5, Strategic=5/5, Market=3/5, Demand=0/5, Feasibility=5/5, weighted=56. Unavailable demand/feasibility contributes 0 rather than an inferred value."
malaysia-origin titanium dioxide,malaysia-origin titanium dioxide,EN,GLOBAL,MALAYSIA,ORIGIN,ORIGIN-01 Malaysia-origin supply,C,Supplier Search,Unavailable,Unavailable,Unavailable,Unavailable,Manufacturer/supplier/directory mix,Local SERP raw shows the current Malaysia-origin supplier site plus manufacturer/category competitors.,5,5,3,MALAYSIA ORIGIN > Malaysia-Origin Titanium Dioxide,EXISTING_PAGE,P2,PROJECT-BRIEF-TIO2-MALAYSIA-V1.0 | SERP-GLOBAL-MY-TIO2-SUPPLIER-20260829,2026-08-29,VERIFIED,"No numeric metrics available; retained as qualitative seed/evidence term. Priority audit: CI=4.5/5, Strategic=5/5, Market=3/5, Demand=0/5, Feasibility=0/5, weighted=64. Unavailable demand/feasibility contributes 0 rather than an inferred value."
made in malaysia titanium dioxide,made in malaysia titanium dioxide,EN,GLOBAL,MALAYSIA,ORIGIN,ORIGIN-01 Malaysia-origin supply,C,Supplier Search,Unavailable,Unavailable,Unavailable,Unavailable,Manufacturer/supplier/directory mix,Local SERP raw shows the current Malaysia-origin supplier site plus manufacturer/category competitors.,5,5,3,MALAYSIA ORIGIN > Malaysia-Origin Titanium Dioxide,EXISTING_PAGE,P2,PROJECT-BRIEF-TIO2-MALAYSIA-V1.0 | SERP-GLOBAL-MY-TIO2-SUPPLIER-20260829,2026-08-29,VERIFIED,"No numeric metrics available; retained as qualitative seed/evidence term. Priority audit: CI=4.5/5, Strategic=5/5, Market=3/5, Demand=0/5, Feasibility=0/5, weighted=64. Unavailable demand/feasibility contributes 0 rather than an inferred value."
titanium dioxide manufactured in malaysia,titanium dioxide manufactured in malaysia,EN,GLOBAL,MALAYSIA,ORIGIN,ORIGIN-01 Malaysia-origin supply,C,Supplier Search,Unavailable,Unavailable,Unavailable,Unavailable,Manufacturer/supplier/directory mix,Local SERP raw shows the current Malaysia-origin supplier site plus manufacturer/category competitors.,5,5,3,MALAYSIA ORIGIN > Malaysia-Origin Titanium Dioxide,EXISTING_PAGE,P2,PROJECT-BRIEF-TIO2-MALAYSIA-V1.0 | SERP-GLOBAL-MY-TIO2-SUPPLIER-20260829,2026-08-29,VERIFIED,"No numeric metrics available; retained as qualitative seed/evidence term. Priority audit: CI=4.5/5, Strategic=5/5, Market=3/5, Demand=0/5, Feasibility=0/5, weighted=64. Unavailable demand/feasibility contributes 0 rather than an inferred value."
malaysia titanium dioxide exporter,malaysia titanium dioxide exporter,EN,GLOBAL,MALAYSIA,ORIGIN,ORIGIN-01 Malaysia-origin supply,C,Supplier Search,Unavailable,Unavailable,Unavailable,Unavailable,Manufacturer/supplier/directory mix,Local SERP raw shows the current Malaysia-origin supplier site plus manufacturer/category competitors.,5,5,3,MALAYSIA ORIGIN > Malaysia-Origin Titanium Dioxide,EXISTING_PAGE,P2,PROJECT-BRIEF-TIO2-MALAYSIA-V1.0 | SERP-GLOBAL-MY-TIO2-SUPPLIER-20260829,2026-08-29,VERIFIED,"No numeric metrics available; retained as qualitative seed/evidence term. Priority audit: CI=4.5/5, Strategic=5/5, Market=3/5, Demand=0/5, Feasibility=0/5, weighted=64. Unavailable demand/feasibility contributes 0 rather than an inferred value."
export titanium dioxide from malaysia,export titanium dioxide from malaysia,EN,GLOBAL,MALAYSIA,ORIGIN,ORIGIN-01 Malaysia-origin supply,C,Supplier Search,Unavailable,Unavailable,Unavailable,Unavailable,Manufacturer/supplier/directory mix,Local SERP raw shows the current Malaysia-origin supplier site plus manufacturer/category competitors.,5,5,3,MALAYSIA ORIGIN > Malaysia-Origin Titanium Dioxide,EXISTING_PAGE,P2,PROJECT-BRIEF-TIO2-MALAYSIA-V1.0 | SERP-GLOBAL-MY-TIO2-SUPPLIER-20260829,2026-08-29,VERIFIED,"No numeric metrics available; retained as qualitative seed/evidence term. Priority audit: CI=4.5/5, Strategic=5/5, Market=3/5, Demand=0/5, Feasibility=0/5, weighted=64. Unavailable demand/feasibility contributes 0 rather than an inferred value."
malaysia titanium dioxide country of origin,malaysia titanium dioxide country of origin,EN,GLOBAL,MALAYSIA,ORIGIN,ORIGIN-01 Malaysia-origin supply,M,Supplier Search,Unavailable,Unavailable,Unavailable,Unavailable,Manufacturer/supplier/directory mix,Local SERP raw shows the current Malaysia-origin supplier site plus manufacturer/category competitors.,5,5,3,MALAYSIA ORIGIN > Malaysia-Origin Titanium Dioxide,EXISTING_PAGE,P2,PROJECT-BRIEF-TIO2-MALAYSIA-V1.0 | SERP-GLOBAL-MY-TIO2-SUPPLIER-20260829,2026-08-29,VERIFIED,"No numeric metrics available; retained as qualitative seed/evidence term. Priority audit: CI=3.5/5, Strategic=5/5, Market=3/5, Demand=0/5, Feasibility=0/5, weighted=58. Unavailable demand/feasibility contributes 0 rather than an inferred value."
malaysia coo titanium dioxide,malaysia coo titanium dioxide,EN,GLOBAL,MALAYSIA,ORIGIN,ORIGIN-01 Malaysia-origin supply,M,Supplier Search,Unavailable,Unavailable,Unavailable,Unavailable,Manufacturer/supplier/directory mix,Local SERP raw shows the current Malaysia-origin supplier site plus manufacturer/category competitors.,5,5,3,MALAYSIA ORIGIN > Malaysia-Origin Titanium Dioxide,EXISTING_PAGE,P2,PROJECT-BRIEF-TIO2-MALAYSIA-V1.0 | SERP-GLOBAL-MY-TIO2-SUPPLIER-20260829,2026-08-29,VERIFIED,"No numeric metrics available; retained as qualitative seed/evidence term. Priority audit: CI=3.5/5, Strategic=5/5, Market=3/5, Demand=0/5, Feasibility=0/5, weighted=58. Unavailable demand/feasibility contributes 0 rather than an inferred value."
titanium dioxide traceability malaysia,titanium dioxide traceability malaysia,EN,GLOBAL,MALAYSIA,ORIGIN,ORIGIN-01 Malaysia-origin supply,M,Supplier Search,Unavailable,Unavailable,Unavailable,Unavailable,Manufacturer/supplier/directory mix,Local SERP raw shows the current Malaysia-origin supplier site plus manufacturer/category competitors.,5,5,3,MALAYSIA ORIGIN > Malaysia-Origin Titanium Dioxide,EXISTING_PAGE,P2,PROJECT-BRIEF-TIO2-MALAYSIA-V1.0 | SERP-GLOBAL-MY-TIO2-SUPPLIER-20260829,2026-08-29,VERIFIED,"No numeric metrics available; retained as qualitative seed/evidence term. Priority audit: CI=3.5/5, Strategic=5/5, Market=3/5, Demand=0/5, Feasibility=0/5, weighted=58. Unavailable demand/feasibility contributes 0 rather than an inferred value."
non china titanium dioxide,non china titanium dioxide,EN,GLOBAL,MULTI,ORIGIN,ORIGIN-02 Alternative origin,I,Supplier Search,Unavailable,34,Unavailable,Unavailable,Mixed supplier/informational,Semrush local raw verifies low-to-moderate KD for measured variants; volumes are Unavailable.,5,5,3,MALAYSIA ORIGIN > Malaysia-Origin Titanium Dioxide,MERGE_INTO_CLUSTER,P3,SEMRUSH-UK-ORIGIN-20260829-001,2026-08-29,VERIFIED,"Metric row verified from local Semrush capture. Semrush raw intent: Informational. Priority audit: CI=1.5/5, Strategic=5/5, Market=3/5, Demand=0/5, Feasibility=3/5, weighted=52. Unavailable demand/feasibility contributes 0 rather than an inferred value."
non chinese titanium dioxide supplier,non chinese titanium dioxide supplier,EN,GLOBAL,MULTI,ORIGIN,ORIGIN-02 Alternative origin,C,Supplier Search,Unavailable,Unavailable,Unavailable,Unavailable,Mixed supplier/informational,Semrush local raw verifies low-to-moderate KD for measured variants; volumes are Unavailable.,5,5,3,MALAYSIA ORIGIN > Malaysia-Origin Titanium Dioxide,MERGE_INTO_CLUSTER,P2,PROJECT-BRIEF-TIO2-MALAYSIA-V1.0 | SEMRUSH-UK-ORIGIN-20260829-001,2026-08-29,VERIFIED,"No numeric metrics available; retained as qualitative seed/evidence term. Priority audit: CI=4.5/5, Strategic=5/5, Market=3/5, Demand=0/5, Feasibility=0/5, weighted=64. Unavailable demand/feasibility contributes 0 rather than an inferred value."
titanium dioxide alternative origin,titanium dioxide alternative origin,EN,GLOBAL,MULTI,ORIGIN,ORIGIN-02 Alternative origin,C,Supplier Search,Unavailable,Unavailable,Unavailable,Unavailable,Mixed supplier/informational,Semrush local raw verifies low-to-moderate KD for measured variants; volumes are Unavailable.,5,5,3,MALAYSIA ORIGIN > Malaysia-Origin Titanium Dioxide,MERGE_INTO_CLUSTER,P2,PROJECT-BRIEF-TIO2-MALAYSIA-V1.0 | SEMRUSH-UK-ORIGIN-20260829-001,2026-08-29,VERIFIED,"No numeric metrics available; retained as qualitative seed/evidence term. Priority audit: CI=4.5/5, Strategic=5/5, Market=3/5, Demand=0/5, Feasibility=0/5, weighted=64. Unavailable demand/feasibility contributes 0 rather than an inferred value."
alternative tio2 supplier,alternative tio2 supplier,EN,GLOBAL,MULTI,ORIGIN,ORIGIN-02 Alternative origin,C,Supplier Search,Unavailable,21,Unavailable,Unavailable,Mixed supplier/informational,Semrush local raw verifies low-to-moderate KD for measured variants; volumes are Unavailable.,5,5,3,MALAYSIA ORIGIN > Malaysia-Origin Titanium Dioxide,MERGE_INTO_CLUSTER,P1,SEMRUSH-UK-ORIGIN-20260829-001,2026-08-29,VERIFIED,"Metric row verified from local Semrush capture. Semrush raw intent: Informational. Priority audit: CI=4.5/5, Strategic=5/5, Market=3/5, Demand=0/5, Feasibility=4/5, weighted=72. Unavailable demand/feasibility contributes 0 rather than an inferred value."
alternative titanium dioxide supplier,alternative titanium dioxide supplier,EN,GLOBAL,MULTI,ORIGIN,ORIGIN-02 Alternative origin,C,Supplier Search,Unavailable,Unavailable,Unavailable,Unavailable,Mixed supplier/informational,Semrush local raw verifies low-to-moderate KD for measured variants; volumes are Unavailable.,5,5,3,MALAYSIA ORIGIN > Malaysia-Origin Titanium Dioxide,MERGE_INTO_CLUSTER,P2,PROJECT-BRIEF-TIO2-MALAYSIA-V1.0 | SEMRUSH-UK-ORIGIN-20260829-001,2026-08-29,VERIFIED,"No numeric metrics available; retained as qualitative seed/evidence term. Priority audit: CI=4.5/5, Strategic=5/5, Market=3/5, Demand=0/5, Feasibility=0/5, weighted=64. Unavailable demand/feasibility contributes 0 rather than an inferred value."
titanium dioxide supplier outside china,titanium dioxide supplier outside china,EN,GLOBAL,MULTI,ORIGIN,ORIGIN-02 Alternative origin,C,Supplier Search,Unavailable,Unavailable,Unavailable,Unavailable,Mixed supplier/informational,Semrush local raw verifies low-to-moderate KD for measured variants; volumes are Unavailable.,5,5,3,MALAYSIA ORIGIN > Malaysia-Origin Titanium Dioxide,MERGE_INTO_CLUSTER,P2,PROJECT-BRIEF-TIO2-MALAYSIA-V1.0 | SEMRUSH-UK-ORIGIN-20260829-001,2026-08-29,VERIFIED,"No numeric metrics available; retained as qualitative seed/evidence term. Priority audit: CI=4.5/5, Strategic=5/5, Market=3/5, Demand=0/5, Feasibility=0/5, weighted=64. Unavailable demand/feasibility contributes 0 rather than an inferred value."
titanium dioxide supplier europe,titanium dioxide supplier europe,EN,EU,EU,MARKET,MARKET-EU-01 Europe commercial,C,Supplier Search,Unavailable,10,Unavailable,Unavailable,Supplier/directory/product mix,Europe supplier SERP is led by directories and supplier/product pages; Germany database used only as a documented EU proxy.,5,5,2,MARKETS > European Union,EXISTING_PAGE,P0,SEMRUSH-DE-EU-PROXY-20260829-001,2026-08-29,VERIFIED,"Metric row verified from local Semrush capture. Semrush raw intent: Informational. Priority audit: CI=4.5/5, Strategic=5/5, Market=5/5, Demand=0/5, Feasibility=5/5, weighted=82. Unavailable demand/feasibility contributes 0 rather than an inferred value."
tio2 supplier europe,tio2 supplier europe,EN,EU,EU,MARKET,MARKET-EU-01 Europe commercial,C,Supplier Search,Unavailable,12,Unavailable,Unavailable,Supplier/directory/product mix,Europe supplier SERP is led by directories and supplier/product pages; Germany database used only as a documented EU proxy.,5,5,2,MARKETS > European Union,EXISTING_PAGE,P0,SEMRUSH-DE-EU-PROXY-20260829-001,2026-08-29,VERIFIED,"Metric row verified from local Semrush capture. Semrush raw intent: Informational. Priority audit: CI=4.5/5, Strategic=5/5, Market=5/5, Demand=0/5, Feasibility=5/5, weighted=82. Unavailable demand/feasibility contributes 0 rather than an inferred value."
titanium dioxide manufacturer europe,titanium dioxide manufacturer europe,EN,EU,EU,MARKET,MARKET-EU-01 Europe commercial,C,Supplier Search,Unavailable,11,Unavailable,Unavailable,Supplier/directory/product mix,Europe supplier SERP is led by directories and supplier/product pages; Germany database used only as a documented EU proxy.,5,5,2,MARKETS > European Union,EXISTING_PAGE,P0,SEMRUSH-DE-EU-PROXY-20260829-001,2026-08-29,VERIFIED,"Metric row verified from local Semrush capture. Semrush raw intent: Informational. Priority audit: CI=4.5/5, Strategic=5/5, Market=5/5, Demand=0/5, Feasibility=5/5, weighted=82. Unavailable demand/feasibility contributes 0 rather than an inferred value."
titanium dioxide importer europe,titanium dioxide importer europe,EN,EU,EU,MARKET,MARKET-EU-01 Europe commercial,C,Supplier Search,Unavailable,11,Unavailable,Unavailable,Supplier/directory/product mix,Europe supplier SERP is led by directories and supplier/product pages; Germany database used only as a documented EU proxy.,5,5,2,MARKETS > European Union,EXISTING_PAGE,P0,SEMRUSH-DE-EU-PROXY-20260829-001,2026-08-29,VERIFIED,"Metric row verified from local Semrush capture. Semrush raw intent: Informational. Priority audit: CI=4.5/5, Strategic=5/5, Market=5/5, Demand=0/5, Feasibility=5/5, weighted=82. Unavailable demand/feasibility contributes 0 rather than an inferred value."
malaysia titanium dioxide europe,malaysia titanium dioxide europe,EN,EU,EU,MARKET,MARKET-EU-01 Europe commercial,I,Supplier Search,Unavailable,31,Unavailable,Unavailable,Supplier/directory/product mix,Europe supplier SERP is led by directories and supplier/product pages; Germany database used only as a documented EU proxy.,5,5,2,MARKETS > European Union,EXISTING_PAGE,P2,SEMRUSH-DE-EU-PROXY-20260829-001,2026-08-29,VERIFIED,"Metric row verified from local Semrush capture. Semrush raw intent: Informational. Priority audit: CI=1.5/5, Strategic=5/5, Market=5/5, Demand=0/5, Feasibility=3/5, weighted=60. Unavailable demand/feasibility contributes 0 rather than an inferred value."
non china titanium dioxide europe,non china titanium dioxide europe,EN,EU,EU,MARKET,MARKET-EU-01 Europe commercial,I,Supplier Search,Unavailable,20,Unavailable,Unavailable,Supplier/directory/product mix,Europe supplier SERP is led by directories and supplier/product pages; Germany database used only as a documented EU proxy.,5,5,2,MARKETS > European Union,EXISTING_PAGE,P2,SEMRUSH-DE-EU-PROXY-20260829-001,2026-08-29,VERIFIED,"Metric row verified from local Semrush capture. Semrush raw intent: Informational. Priority audit: CI=1.5/5, Strategic=5/5, Market=5/5, Demand=0/5, Feasibility=4/5, weighted=62. Unavailable demand/feasibility contributes 0 rather than an inferred value."
titanium dioxide anti dumping europe,titanium dioxide anti dumping europe,EN,EU,EU,MARKET,MARKET-EU-01 Europe commercial,I,Supplier Search,Unavailable,16,Unavailable,Unavailable,Supplier/directory/product mix,Europe supplier SERP is led by directories and supplier/product pages; Germany database used only as a documented EU proxy.,5,5,2,MARKETS > European Union,EXISTING_PAGE,P2,SEMRUSH-DE-EU-PROXY-20260829-001,2026-08-29,VERIFIED,"Metric row verified from local Semrush capture. Semrush raw intent: Informational. Priority audit: CI=1.5/5, Strategic=5/5, Market=5/5, Demand=0/5, Feasibility=4/5, weighted=62. Unavailable demand/feasibility contributes 0 rather than an inferred value."
titanium dioxide tariff europe,titanium dioxide tariff europe,EN,EU,EU,MARKET,MARKET-EU-01 Europe commercial,I,Supplier Search,Unavailable,16,Unavailable,Unavailable,Supplier/directory/product mix,Europe supplier SERP is led by directories and supplier/product pages; Germany database used only as a documented EU proxy.,5,5,2,MARKETS > European Union,EXISTING_PAGE,P2,SEMRUSH-DE-EU-PROXY-20260829-001,2026-08-29,VERIFIED,"Metric row verified from local Semrush capture. Semrush raw intent: Informational. Priority audit: CI=1.5/5, Strategic=5/5, Market=5/5, Demand=0/5, Feasibility=4/5, weighted=62. Unavailable demand/feasibility contributes 0 rather than an inferred value."
titanium dioxide import europe,titanium dioxide import europe,EN,EU,EU,MARKET,MARKET-EU-01 Europe commercial,I,Supplier Search,Unavailable,16,Unavailable,Unavailable,Supplier/directory/product mix,Europe supplier SERP is led by directories and supplier/product pages; Germany database used only as a documented EU proxy.,5,5,2,MARKETS > European Union,EXISTING_PAGE,P2,SEMRUSH-DE-EU-PROXY-20260829-001,2026-08-29,VERIFIED,"Metric row verified from local Semrush capture. Semrush raw intent: Informational. Priority audit: CI=1.5/5, Strategic=5/5, Market=5/5, Demand=0/5, Feasibility=4/5, weighted=62. Unavailable demand/feasibility contributes 0 rather than an inferred value."
titanium dioxide for coatings europe,titanium dioxide for coatings europe,EN,EU,EU,MARKET,MARKET-EU-01 Europe commercial,M,Supplier Search,Unavailable,18,Unavailable,Unavailable,Supplier/directory/product mix,Europe supplier SERP is led by directories and supplier/product pages; Germany database used only as a documented EU proxy.,5,5,2,MARKETS > European Union,EXISTING_PAGE,P1,SEMRUSH-DE-EU-PROXY-20260829-001,2026-08-29,VERIFIED,"Metric row verified from local Semrush capture. Semrush raw intent: Informational. Priority audit: CI=3.5/5, Strategic=5/5, Market=5/5, Demand=0/5, Feasibility=4/5, weighted=74. Unavailable demand/feasibility contributes 0 rather than an inferred value."
titanium dioxide supplier germany,titanium dioxide supplier germany,EN,EU,GERMANY,MARKET,MARKET-EU-02 Country supplier,C,Supplier Search,Unavailable,14,Unavailable,Unavailable,Unavailable,Semrush metrics refreshed and preserved in local raw batch; values marked Unavailable were displayed as unavailable.,5,4,1,MARKETS > Germany,EXISTING_PAGE,P1,SEMRUSH-DE-EU-PROXY-20260829-001,2026-08-29,UNAVAILABLE,"Country-specific volume/CPC not available except measured Germany terms; page mapping follows the fixed architecture. Semrush raw intent: Commercial. Priority audit: CI=4.5/5, Strategic=4/5, Market=5/5, Demand=0/5, Feasibility=5/5, weighted=77. Unavailable demand/feasibility contributes 0 rather than an inferred value."
tio2 supplier germany,tio2 supplier germany,EN,EU,GERMANY,MARKET,MARKET-EU-02 Country supplier,C,Supplier Search,Unavailable,10,Unavailable,Unavailable,Unavailable,Semrush metrics refreshed and preserved in local raw batch; values marked Unavailable were displayed as unavailable.,5,4,1,MARKETS > Germany,EXISTING_PAGE,P1,SEMRUSH-DE-EU-PROXY-20260829-001,2026-08-29,UNAVAILABLE,"Country-specific volume/CPC not available except measured Germany terms; page mapping follows the fixed architecture. Semrush raw intent: Informational. Priority audit: CI=4.5/5, Strategic=4/5, Market=5/5, Demand=0/5, Feasibility=5/5, weighted=77. Unavailable demand/feasibility contributes 0 rather than an inferred value."
titanium dioxide supplier italy,titanium dioxide supplier italy,EN,EU,ITALY,MARKET,MARKET-EU-02 Country supplier,C,Supplier Search,Unavailable,Unavailable,Unavailable,Unavailable,Unavailable,Unavailable,5,4,1,MARKETS > Italy,EXISTING_PAGE,P2,PROJECT-BRIEF-TIO2-MALAYSIA-V1.0 | SEMRUSH-DE-EU-PROXY-20260829-001,2026-08-29,UNAVAILABLE,"Country-specific volume/CPC not available except measured Germany terms; page mapping follows the fixed architecture. Priority audit: CI=4.5/5, Strategic=4/5, Market=5/5, Demand=0/5, Feasibility=0/5, weighted=67. Unavailable demand/feasibility contributes 0 rather than an inferred value."
titanium dioxide supplier spain,titanium dioxide supplier spain,EN,EU,SPAIN,MARKET,MARKET-EU-02 Country supplier,C,Supplier Search,Unavailable,Unavailable,Unavailable,Unavailable,Unavailable,Unavailable,5,4,1,MARKETS > Spain,EXISTING_PAGE,P2,PROJECT-BRIEF-TIO2-MALAYSIA-V1.0 | SEMRUSH-DE-EU-PROXY-20260829-001,2026-08-29,UNAVAILABLE,"Country-specific volume/CPC not available except measured Germany terms; page mapping follows the fixed architecture. Priority audit: CI=4.5/5, Strategic=4/5, Market=5/5, Demand=0/5, Feasibility=0/5, weighted=67. Unavailable demand/feasibility contributes 0 rather than an inferred value."
titanium dioxide supplier poland,titanium dioxide supplier poland,EN,EU,POLAND,MARKET,MARKET-EU-02 Country supplier,C,Supplier Search,Unavailable,Unavailable,Unavailable,Unavailable,Unavailable,Unavailable,5,4,1,MARKETS > Poland,EXISTING_PAGE,P2,PROJECT-BRIEF-TIO2-MALAYSIA-V1.0 | SEMRUSH-DE-EU-PROXY-20260829-001,2026-08-29,UNAVAILABLE,"Country-specific volume/CPC not available except measured Germany terms; page mapping follows the fixed architecture. Priority audit: CI=4.5/5, Strategic=4/5, Market=5/5, Demand=0/5, Feasibility=0/5, weighted=67. Unavailable demand/feasibility contributes 0 rather than an inferred value."
titanium dioxide supplier netherlands,titanium dioxide supplier netherlands,EN,EU,NETHERLANDS,MARKET,MARKET-EU-02 Country supplier,C,Supplier Search,Unavailable,Unavailable,Unavailable,Unavailable,Unavailable,Unavailable,5,4,1,MARKETS > Netherlands,EXISTING_PAGE,P2,PROJECT-BRIEF-TIO2-MALAYSIA-V1.0 | SEMRUSH-DE-EU-PROXY-20260829-001,2026-08-29,UNAVAILABLE,"Country-specific volume/CPC not available except measured Germany terms; page mapping follows the fixed architecture. Priority audit: CI=4.5/5, Strategic=4/5, Market=5/5, Demand=0/5, Feasibility=0/5, weighted=67. Unavailable demand/feasibility contributes 0 rather than an inferred value."
titanium dioxide supplier belgium,titanium dioxide supplier belgium,EN,EU,BELGIUM,MARKET,MARKET-EU-02 Country supplier,C,Supplier Search,Unavailable,Unavailable,Unavailable,Unavailable,Unavailable,Unavailable,5,4,1,MARKETS > Belgium,EXISTING_PAGE,P2,PROJECT-BRIEF-TIO2-MALAYSIA-V1.0 | SEMRUSH-DE-EU-PROXY-20260829-001,2026-08-29,UNAVAILABLE,"Country-specific volume/CPC not available except measured Germany terms; page mapping follows the fixed architecture. Priority audit: CI=4.5/5, Strategic=4/5, Market=5/5, Demand=0/5, Feasibility=0/5, weighted=67. Unavailable demand/feasibility contributes 0 rather than an inferred value."
malaysia titanium dioxide eu,malaysia titanium dioxide eu,EN,EU,EU,MARKET,MARKET-EU-02 Country supplier,C,Supplier Search,Unavailable,Unavailable,Unavailable,Unavailable,Unavailable,Unavailable,5,4,1,MARKETS > European Union,EXISTING_PAGE,P2,PROJECT-BRIEF-TIO2-MALAYSIA-V1.0 | SEMRUSH-DE-EU-PROXY-20260829-001,2026-08-29,UNAVAILABLE,"Country-specific volume/CPC not available except measured Germany terms; page mapping follows the fixed architecture. Priority audit: CI=4.5/5, Strategic=4/5, Market=5/5, Demand=0/5, Feasibility=0/5, weighted=67. Unavailable demand/feasibility contributes 0 rather than an inferred value."
tio2 supplier eu,tio2 supplier eu,EN,EU,EU,MARKET,MARKET-EU-02 Country supplier,C,Supplier Search,Unavailable,Unavailable,Unavailable,Unavailable,Unavailable,Unavailable,5,4,1,MARKETS > European Union,EXISTING_PAGE,P2,PROJECT-BRIEF-TIO2-MALAYSIA-V1.0 | SEMRUSH-DE-EU-PROXY-20260829-001,2026-08-29,UNAVAILABLE,"Country-specific volume/CPC not available except measured Germany terms; page mapping follows the fixed architecture. Priority audit: CI=4.5/5, Strategic=4/5, Market=5/5, Demand=0/5, Feasibility=0/5, weighted=67. Unavailable demand/feasibility contributes 0 rather than an inferred value."
titanium dioxide supplier uk,titanium dioxide supplier uk,EN,UK,UNITED KINGDOM,MARKET,MARKET-UK-01 UK commercial,C,Supplier Search,Unavailable,12,Unavailable,Unavailable,Distributor/supplier mix,UK supplier SERP is dominated by local distributors and supplier product pages; Semrush volume/CPC unavailable.,5,5,2,MARKETS > United Kingdom,EXISTING_PAGE,P0,SEMRUSH-UK-MARKET-20260829-002,2026-08-29,VERIFIED,"Metric row verified from local Semrush capture. Semrush raw intent: Informational. Priority audit: CI=4.5/5, Strategic=5/5, Market=5/5, Demand=0/5, Feasibility=5/5, weighted=82. Unavailable demand/feasibility contributes 0 rather than an inferred value."
tio2 supplier uk,tio2 supplier uk,EN,UK,UNITED KINGDOM,MARKET,MARKET-UK-01 UK commercial,C,Supplier Search,Unavailable,9,Unavailable,Unavailable,Distributor/supplier mix,UK supplier SERP is dominated by local distributors and supplier product pages; Semrush volume/CPC unavailable.,5,5,2,MARKETS > United Kingdom,EXISTING_PAGE,P0,SEMRUSH-UK-MARKET-20260829-002,2026-08-29,VERIFIED,"Metric row verified from local Semrush capture. Semrush raw intent: Transactional. Priority audit: CI=4.5/5, Strategic=5/5, Market=5/5, Demand=0/5, Feasibility=5/5, weighted=82. Unavailable demand/feasibility contributes 0 rather than an inferred value."
titanium dioxide manufacturer uk,titanium dioxide manufacturer uk,EN,UK,UNITED KINGDOM,MARKET,MARKET-UK-01 UK commercial,C,Supplier Search,Unavailable,10,Unavailable,Unavailable,Distributor/supplier mix,UK supplier SERP is dominated by local distributors and supplier product pages; Semrush volume/CPC unavailable.,5,5,2,MARKETS > United Kingdom,EXISTING_PAGE,P0,SEMRUSH-UK-MARKET-20260829-002,2026-08-29,VERIFIED,"Metric row verified from local Semrush capture. Semrush raw intent: Commercial. Priority audit: CI=4.5/5, Strategic=5/5, Market=5/5, Demand=0/5, Feasibility=5/5, weighted=82. Unavailable demand/feasibility contributes 0 rather than an inferred value."
titanium dioxide import uk,titanium dioxide import uk,EN,UK,UNITED KINGDOM,MARKET,MARKET-UK-01 UK commercial,I,Supplier Search,Unavailable,14,Unavailable,Unavailable,Distributor/supplier mix,UK supplier SERP is dominated by local distributors and supplier product pages; Semrush volume/CPC unavailable.,5,5,2,MARKETS > United Kingdom,EXISTING_PAGE,P2,SEMRUSH-UK-MARKET-20260829-002,2026-08-29,VERIFIED,"Metric row verified from local Semrush capture. Semrush raw intent: Informational. Priority audit: CI=1.5/5, Strategic=5/5, Market=5/5, Demand=0/5, Feasibility=5/5, weighted=64. Unavailable demand/feasibility contributes 0 rather than an inferred value."
malaysia titanium dioxide uk,malaysia titanium dioxide uk,EN,UK,UNITED KINGDOM,MARKET,MARKET-UK-01 UK commercial,I,Supplier Search,Unavailable,14,Unavailable,Unavailable,Distributor/supplier mix,UK supplier SERP is dominated by local distributors and supplier product pages; Semrush volume/CPC unavailable.,5,5,2,MARKETS > United Kingdom,EXISTING_PAGE,P2,SEMRUSH-UK-MARKET-20260829-002,2026-08-29,VERIFIED,"Metric row verified from local Semrush capture. Semrush raw intent: Informational. Priority audit: CI=1.5/5, Strategic=5/5, Market=5/5, Demand=0/5, Feasibility=5/5, weighted=64. Unavailable demand/feasibility contributes 0 rather than an inferred value."
non china titanium dioxide uk,non china titanium dioxide uk,EN,UK,UNITED KINGDOM,MARKET,MARKET-UK-01 UK commercial,I,Supplier Search,Unavailable,9,Unavailable,Unavailable,Distributor/supplier mix,UK supplier SERP is dominated by local distributors and supplier product pages; Semrush volume/CPC unavailable.,5,5,2,MARKETS > United Kingdom,EXISTING_PAGE,P2,SEMRUSH-UK-MARKET-20260829-002,2026-08-29,VERIFIED,"Metric row verified from local Semrush capture. Semrush raw intent: Informational. Priority audit: CI=1.5/5, Strategic=5/5, Market=5/5, Demand=0/5, Feasibility=5/5, weighted=64. Unavailable demand/feasibility contributes 0 rather than an inferred value."
titanium dioxide anti dumping uk,titanium dioxide anti dumping uk,EN,UK,UNITED KINGDOM,MARKET,MARKET-UK-01 UK commercial,I,Supplier Search,Unavailable,13,Unavailable,Unavailable,Distributor/supplier mix,UK supplier SERP is dominated by local distributors and supplier product pages; Semrush volume/CPC unavailable.,5,5,2,MARKETS > United Kingdom,EXISTING_PAGE,P2,SEMRUSH-UK-MARKET-20260829-002,2026-08-29,VERIFIED,"Metric row verified from local Semrush capture. Semrush raw intent: Informational. Priority audit: CI=1.5/5, Strategic=5/5, Market=5/5, Demand=0/5, Feasibility=5/5, weighted=64. Unavailable demand/feasibility contributes 0 rather than an inferred value."
titanium dioxide tariff uk,titanium dioxide tariff uk,EN,UK,UNITED KINGDOM,MARKET,MARKET-UK-01 UK commercial,I,Supplier Search,Unavailable,23,Unavailable,Unavailable,Distributor/supplier mix,UK supplier SERP is dominated by local distributors and supplier product pages; Semrush volume/CPC unavailable.,5,5,2,MARKETS > United Kingdom,EXISTING_PAGE,P2,SEMRUSH-UK-MARKET-20260829-002,2026-08-29,VERIFIED,"Metric row verified from local Semrush capture. Semrush raw intent: Informational. Priority audit: CI=1.5/5, Strategic=5/5, Market=5/5, Demand=0/5, Feasibility=4/5, weighted=62. Unavailable demand/feasibility contributes 0 rather than an inferred value."
titanium dioxide supplier india,titanium dioxide supplier india,EN,INDIA,INDIA,MARKET,MARKET-IN-01 India commercial,C,Supplier Search,Unavailable,8,Unavailable,Unavailable,Supplier/distributor/marketplace mix,India supplier SERP includes distributors and marketplaces; Semrush verifies KD 8–22 but volume/CPC are unavailable.,5,5,2,MARKETS > India,EXISTING_PAGE,P0,SEMRUSH-IN-MARKET-20260829-001,2026-08-29,VERIFIED,"Metric row verified from local Semrush capture. Semrush raw intent: Transactional. Priority audit: CI=4.5/5, Strategic=5/5, Market=5/5, Demand=0/5, Feasibility=5/5, weighted=82. Unavailable demand/feasibility contributes 0 rather than an inferred value."
tio2 supplier india,tio2 supplier india,EN,INDIA,INDIA,MARKET,MARKET-IN-01 India commercial,C,Supplier Search,Unavailable,12,Unavailable,Unavailable,Supplier/distributor/marketplace mix,India supplier SERP includes distributors and marketplaces; Semrush verifies KD 8–22 but volume/CPC are unavailable.,5,5,2,MARKETS > India,EXISTING_PAGE,P0,SEMRUSH-IN-MARKET-20260829-001,2026-08-29,VERIFIED,"Metric row verified from local Semrush capture. Semrush raw intent: Informational. Priority audit: CI=4.5/5, Strategic=5/5, Market=5/5, Demand=0/5, Feasibility=5/5, weighted=82. Unavailable demand/feasibility contributes 0 rather than an inferred value."
titanium dioxide manufacturer india,titanium dioxide manufacturer india,EN,INDIA,INDIA,MARKET,MARKET-IN-01 India commercial,C,Supplier Search,Unavailable,12,Unavailable,Unavailable,Supplier/distributor/marketplace mix,India supplier SERP includes distributors and marketplaces; Semrush verifies KD 8–22 but volume/CPC are unavailable.,5,5,2,MARKETS > India,EXISTING_PAGE,P0,SEMRUSH-IN-MARKET-20260829-001,2026-08-29,VERIFIED,"Metric row verified from local Semrush capture. Semrush raw intent: Informational. Priority audit: CI=4.5/5, Strategic=5/5, Market=5/5, Demand=0/5, Feasibility=5/5, weighted=82. Unavailable demand/feasibility contributes 0 rather than an inferred value."
titanium dioxide import india,titanium dioxide import india,EN,INDIA,INDIA,MARKET,MARKET-IN-01 India commercial,I,Supplier Search,Unavailable,12,Unavailable,Unavailable,Supplier/distributor/marketplace mix,India supplier SERP includes distributors and marketplaces; Semrush verifies KD 8–22 but volume/CPC are unavailable.,5,5,2,MARKETS > India,EXISTING_PAGE,P2,SEMRUSH-IN-MARKET-20260829-001,2026-08-29,VERIFIED,"Metric row verified from local Semrush capture. Semrush raw intent: Informational. Priority audit: CI=1.5/5, Strategic=5/5, Market=5/5, Demand=0/5, Feasibility=5/5, weighted=64. Unavailable demand/feasibility contributes 0 rather than an inferred value."
malaysia titanium dioxide india,malaysia titanium dioxide india,EN,INDIA,INDIA,MARKET,MARKET-IN-01 India commercial,I,Supplier Search,Unavailable,15,Unavailable,Unavailable,Supplier/distributor/marketplace mix,India supplier SERP includes distributors and marketplaces; Semrush verifies KD 8–22 but volume/CPC are unavailable.,5,5,2,MARKETS > India,EXISTING_PAGE,P2,SEMRUSH-IN-MARKET-20260829-001,2026-08-29,VERIFIED,"Metric row verified from local Semrush capture. Semrush raw intent: Informational. Priority audit: CI=1.5/5, Strategic=5/5, Market=5/5, Demand=0/5, Feasibility=4/5, weighted=62. Unavailable demand/feasibility contributes 0 rather than an inferred value."
non china titanium dioxide india,non china titanium dioxide india,EN,INDIA,INDIA,MARKET,MARKET-IN-01 India commercial,I,Supplier Search,Unavailable,10,Unavailable,Unavailable,Supplier/distributor/marketplace mix,India supplier SERP includes distributors and marketplaces; Semrush verifies KD 8–22 but volume/CPC are unavailable.,5,5,2,MARKETS > India,EXISTING_PAGE,P2,SEMRUSH-IN-MARKET-20260829-001,2026-08-29,VERIFIED,"Metric row verified from local Semrush capture. Semrush raw intent: Informational. Priority audit: CI=1.5/5, Strategic=5/5, Market=5/5, Demand=0/5, Feasibility=5/5, weighted=64. Unavailable demand/feasibility contributes 0 rather than an inferred value."
titanium dioxide price india,titanium dioxide price india,EN,INDIA,INDIA,MARKET,MARKET-IN-01 India commercial,C,Supplier Search,Unavailable,22,Unavailable,Unavailable,Supplier/distributor/marketplace mix,India supplier SERP includes distributors and marketplaces; Semrush verifies KD 8–22 but volume/CPC are unavailable.,5,5,2,MARKETS > India,EXISTING_PAGE,P0,SEMRUSH-IN-MARKET-20260829-001,2026-08-29,VERIFIED,"Metric row verified from local Semrush capture. Semrush raw intent: Commercial. Priority audit: CI=4.5/5, Strategic=5/5, Market=5/5, Demand=0/5, Feasibility=4/5, weighted=80. Unavailable demand/feasibility contributes 0 rather than an inferred value."
titanium dioxide anti dumping india,titanium dioxide anti dumping india,EN,INDIA,INDIA,MARKET,MARKET-IN-01 India commercial,I,Supplier Search,Unavailable,11,Unavailable,Unavailable,Supplier/distributor/marketplace mix,India supplier SERP includes distributors and marketplaces; Semrush verifies KD 8–22 but volume/CPC are unavailable.,5,5,2,MARKETS > India,EXISTING_PAGE,P2,SEMRUSH-IN-MARKET-20260829-001,2026-08-29,VERIFIED,"Metric row verified from local Semrush capture. Semrush raw intent: Informational. Priority audit: CI=1.5/5, Strategic=5/5, Market=5/5, Demand=0/5, Feasibility=5/5, weighted=64. Unavailable demand/feasibility contributes 0 rather than an inferred value."
titanium dioxide for paint india,titanium dioxide for paint india,EN,INDIA,INDIA,MARKET,MARKET-IN-01 India commercial,C,Supplier Search,Unavailable,10,Unavailable,Unavailable,Supplier/distributor/marketplace mix,India supplier SERP includes distributors and marketplaces; Semrush verifies KD 8–22 but volume/CPC are unavailable.,5,5,2,MARKETS > India,EXISTING_PAGE,P0,SEMRUSH-IN-MARKET-20260829-001,2026-08-29,VERIFIED,"Metric row verified from local Semrush capture. Semrush raw intent: Commercial. Priority audit: CI=4.5/5, Strategic=5/5, Market=5/5, Demand=0/5, Feasibility=5/5, weighted=82. Unavailable demand/feasibility contributes 0 rather than an inferred value."
titanium dioxide for plastics india,titanium dioxide for plastics india,EN,INDIA,INDIA,MARKET,MARKET-IN-01 India commercial,C,Supplier Search,Unavailable,10,Unavailable,Unavailable,Supplier/distributor/marketplace mix,India supplier SERP includes distributors and marketplaces; Semrush verifies KD 8–22 but volume/CPC are unavailable.,5,5,2,MARKETS > India,EXISTING_PAGE,P0,SEMRUSH-IN-MARKET-20260829-001,2026-08-29,VERIFIED,"Metric row verified from local Semrush capture. Semrush raw intent: Commercial. Priority audit: CI=4.5/5, Strategic=5/5, Market=5/5, Demand=0/5, Feasibility=5/5, weighted=82. Unavailable demand/feasibility contributes 0 rather than an inferred value."
titanium dioxide for masterbatch india,titanium dioxide for masterbatch india,EN,INDIA,INDIA,MARKET,MARKET-IN-01 India commercial,M,Supplier Search,Unavailable,9,Unavailable,Unavailable,Supplier/distributor/marketplace mix,India supplier SERP includes distributors and marketplaces; Semrush verifies KD 8–22 but volume/CPC are unavailable.,5,5,2,MARKETS > India,EXISTING_PAGE,P1,SEMRUSH-IN-MARKET-20260829-001,2026-08-29,VERIFIED,"Metric row verified from local Semrush capture. Semrush raw intent: Informational | Commercial. Priority audit: CI=3.5/5, Strategic=5/5, Market=5/5, Demand=0/5, Feasibility=5/5, weighted=76. Unavailable demand/feasibility contributes 0 rather than an inferred value."
titanium dioxide supplier brazil,titanium dioxide supplier brazil,EN,BRAZIL,BRAZIL,MARKET,MARKET-BR-EN Brazil English,C,Supplier Search,Unavailable,13,Unavailable,Unavailable,Unavailable,Semrush metrics refreshed and preserved in local raw batch; values marked Unavailable were displayed as unavailable.,4,5,2,MARKETS > Brazil,EXISTING_PAGE,P0,SEMRUSH-BR-MARKET-20260829-001,2026-08-29,VERIFIED,"Metric row verified from local Semrush capture. Semrush raw intent: Informational. Priority audit: CI=4.5/5, Strategic=5/5, Market=5/5, Demand=0/5, Feasibility=5/5, weighted=82. Unavailable demand/feasibility contributes 0 rather than an inferred value."
titanium dioxide brazil,titanium dioxide brazil,EN,BRAZIL,BRAZIL,MARKET,MARKET-BR-EN Brazil English,I,Supplier Search,0,3,0.00,Unavailable,Unavailable,Semrush metrics refreshed and preserved in local raw batch; values marked Unavailable were displayed as unavailable.,4,5,2,MARKETS > Brazil,EXISTING_PAGE,P2,SEMRUSH-BR-MARKET-20260829-001,2026-08-29,VERIFIED,"Metric row verified from local Semrush capture. Semrush raw intent: Informational. Priority audit: CI=1.5/5, Strategic=5/5, Market=5/5, Demand=1/5, Feasibility=5/5, weighted=67. Unavailable demand/feasibility contributes 0 rather than an inferred value."
tio2 brazil,tio2 brazil,EN,BRAZIL,BRAZIL,MARKET,MARKET-BR-EN Brazil English,I,Supplier Search,Unavailable,16,Unavailable,Unavailable,Unavailable,Semrush metrics refreshed and preserved in local raw batch; values marked Unavailable were displayed as unavailable.,4,5,2,MARKETS > Brazil,EXISTING_PAGE,P2,SEMRUSH-BR-MARKET-20260829-001,2026-08-29,VERIFIED,"Metric row verified from local Semrush capture. Semrush raw intent: Informational. Priority audit: CI=1.5/5, Strategic=5/5, Market=5/5, Demand=0/5, Feasibility=4/5, weighted=62. Unavailable demand/feasibility contributes 0 rather than an inferred value."
titanium dioxide importer brazil,titanium dioxide importer brazil,EN,BRAZIL,BRAZIL,MARKET,MARKET-BR-EN Brazil English,C,Supplier Search,Unavailable,13,Unavailable,Unavailable,Unavailable,Semrush metrics refreshed and preserved in local raw batch; values marked Unavailable were displayed as unavailable.,4,5,2,MARKETS > Brazil,EXISTING_PAGE,P0,SEMRUSH-BR-MARKET-20260829-001,2026-08-29,VERIFIED,"Metric row verified from local Semrush capture. Semrush raw intent: Informational. Priority audit: CI=4.5/5, Strategic=5/5, Market=5/5, Demand=0/5, Feasibility=5/5, weighted=82. Unavailable demand/feasibility contributes 0 rather than an inferred value."
malaysia titanium dioxide brazil,malaysia titanium dioxide brazil,EN,BRAZIL,BRAZIL,MARKET,MARKET-BR-EN Brazil English,I,Supplier Search,Unavailable,14,Unavailable,Unavailable,Unavailable,Semrush metrics refreshed and preserved in local raw batch; values marked Unavailable were displayed as unavailable.,4,5,2,MARKETS > Brazil,EXISTING_PAGE,P2,SEMRUSH-BR-MARKET-20260829-001,2026-08-29,VERIFIED,"Metric row verified from local Semrush capture. Semrush raw intent: Informational. Priority audit: CI=1.5/5, Strategic=5/5, Market=5/5, Demand=0/5, Feasibility=5/5, weighted=64. Unavailable demand/feasibility contributes 0 rather than an inferred value."
non china titanium dioxide brazil,non china titanium dioxide brazil,EN,BRAZIL,BRAZIL,MARKET,MARKET-BR-EN Brazil English,I,Supplier Search,Unavailable,13,Unavailable,Unavailable,Unavailable,Semrush metrics refreshed and preserved in local raw batch; values marked Unavailable were displayed as unavailable.,4,5,2,MARKETS > Brazil,EXISTING_PAGE,P2,SEMRUSH-BR-MARKET-20260829-001,2026-08-29,VERIFIED,"Metric row verified from local Semrush capture. Semrush raw intent: Informational. Priority audit: CI=1.5/5, Strategic=5/5, Market=5/5, Demand=0/5, Feasibility=5/5, weighted=64. Unavailable demand/feasibility contributes 0 rather than an inferred value."
titanium dioxide anti dumping brazil,titanium dioxide anti dumping brazil,EN,BRAZIL,BRAZIL,MARKET,MARKET-BR-EN Brazil English,I,Supplier Search,Unavailable,12,Unavailable,Unavailable,Unavailable,Semrush metrics refreshed and preserved in local raw batch; values marked Unavailable were displayed as unavailable.,4,5,2,MARKETS > Brazil,EXISTING_PAGE,P2,SEMRUSH-BR-MARKET-20260829-001,2026-08-29,VERIFIED,"Metric row verified from local Semrush capture. Semrush raw intent: Informational. Priority audit: CI=1.5/5, Strategic=5/5, Market=5/5, Demand=0/5, Feasibility=5/5, weighted=64. Unavailable demand/feasibility contributes 0 rather than an inferred value."
fornecedor de dióxido de titânio,fornecedor de dióxido de titânio,PT-BR,BRAZIL,BRAZIL,MARKET,MARKET-BR-PT Brazil Portuguese,I,Supplier Search,0,0,0.00,Unavailable,Local distributor/directory mix,"Portuguese SERP is dominated by Brazilian distributors and a B2B directory; one coatings term has verified volume 20, KD 3, CPC USD 0.34.",5,5,1,MARKETS > Brazil,MERGE_INTO_CLUSTER,P2,SEMRUSH-BR-MARKET-20260829-001,2026-08-29,VERIFIED,"Metric row verified from local Semrush capture. Semrush raw intent: Informational. Priority audit: CI=1.5/5, Strategic=5/5, Market=5/5, Demand=1/5, Feasibility=5/5, weighted=67. Unavailable demand/feasibility contributes 0 rather than an inferred value."
dióxido de titânio brasil,dióxido de titânio brasil,PT-BR,BRAZIL,BRAZIL,MARKET,MARKET-BR-PT Brazil Portuguese,I,Supplier Search,0,6,0.00,Unavailable,Local distributor/directory mix,"Portuguese SERP is dominated by Brazilian distributors and a B2B directory; one coatings term has verified volume 20, KD 3, CPC USD 0.34.",5,5,1,MARKETS > Brazil,MERGE_INTO_CLUSTER,P2,SEMRUSH-BR-MARKET-20260829-001,2026-08-29,VERIFIED,"Metric row verified from local Semrush capture. Semrush raw intent: Informational. Priority audit: CI=1.5/5, Strategic=5/5, Market=5/5, Demand=1/5, Feasibility=5/5, weighted=67. Unavailable demand/feasibility contributes 0 rather than an inferred value."
importador de dióxido de titânio,importador de dióxido de titânio,PT-BR,BRAZIL,BRAZIL,MARKET,MARKET-BR-PT Brazil Portuguese,I,Supplier Search,Unavailable,6,Unavailable,Unavailable,Local distributor/directory mix,"Portuguese SERP is dominated by Brazilian distributors and a B2B directory; one coatings term has verified volume 20, KD 3, CPC USD 0.34.",5,5,1,MARKETS > Brazil,MERGE_INTO_CLUSTER,P2,SEMRUSH-BR-MARKET-20260829-001,2026-08-29,VERIFIED,"Metric row verified from local Semrush capture. Semrush raw intent: Informational. Priority audit: CI=1.5/5, Strategic=5/5, Market=5/5, Demand=0/5, Feasibility=5/5, weighted=64. Unavailable demand/feasibility contributes 0 rather than an inferred value."
dióxido de titânio para tintas,dióxido de titânio para tintas,PT-BR,BRAZIL,BRAZIL,MARKET,MARKET-BR-PT Brazil Portuguese,I,Supplier Search,20,3,0.34,Unavailable,Local distributor/directory mix,"Portuguese SERP is dominated by Brazilian distributors and a B2B directory; one coatings term has verified volume 20, KD 3, CPC USD 0.34.",5,5,1,MARKETS > Brazil,MERGE_INTO_CLUSTER,P1,SEMRUSH-BR-MARKET-20260829-001,2026-08-29,VERIFIED,"Metric row verified from local Semrush capture. Semrush raw intent: Informational. Priority audit: CI=1.5/5, Strategic=5/5, Market=5/5, Demand=4/5, Feasibility=5/5, weighted=76. Unavailable demand/feasibility contributes 0 rather than an inferred value."
dióxido de titânio para plásticos,dióxido de titânio para plásticos,PT-BR,BRAZIL,BRAZIL,MARKET,MARKET-BR-PT Brazil Portuguese,M,Supplier Search,Unavailable,10,Unavailable,Unavailable,Local distributor/directory mix,"Portuguese SERP is dominated by Brazilian distributors and a B2B directory; one coatings term has verified volume 20, KD 3, CPC USD 0.34.",5,5,1,MARKETS > Brazil,MERGE_INTO_CLUSTER,P1,SEMRUSH-BR-MARKET-20260829-001,2026-08-29,VERIFIED,"Metric row verified from local Semrush capture. Semrush raw intent: Informational | Commercial. Priority audit: CI=3.5/5, Strategic=5/5, Market=5/5, Demand=0/5, Feasibility=5/5, weighted=76. Unavailable demand/feasibility contributes 0 rather than an inferred value."
fornecedor de tio2 brasil,fornecedor de tio2 brasil,PT-BR,BRAZIL,BRAZIL,MARKET,MARKET-BR-PT Brazil Portuguese,C,Supplier Search,Unavailable,Unavailable,Unavailable,Unavailable,Local distributor/directory mix,"Portuguese SERP is dominated by Brazilian distributors and a B2B directory; one coatings term has verified volume 20, KD 3, CPC USD 0.34.",5,5,1,MARKETS > Brazil,MERGE_INTO_CLUSTER,P1,SEMRUSH-BR-MARKET-20260829-001 | SERP-BRAZIL-PTBR-TIO2-SUPPLIER-20260829,2026-08-29,VERIFIED,"No numeric metrics available; retained as qualitative seed/evidence term. Priority audit: CI=4.5/5, Strategic=5/5, Market=5/5, Demand=0/5, Feasibility=0/5, weighted=72. Unavailable demand/feasibility contributes 0 rather than an inferred value."
fabricante de dióxido de titânio brasil,fabricante de dióxido de titânio brasil,PT-BR,BRAZIL,BRAZIL,MARKET,MARKET-BR-PT Brazil Portuguese,C,Supplier Search,Unavailable,Unavailable,Unavailable,Unavailable,Local distributor/directory mix,"Portuguese SERP is dominated by Brazilian distributors and a B2B directory; one coatings term has verified volume 20, KD 3, CPC USD 0.34.",5,5,1,MARKETS > Brazil,MERGE_INTO_CLUSTER,P1,SEMRUSH-BR-MARKET-20260829-001 | SERP-BRAZIL-PTBR-TIO2-SUPPLIER-20260829,2026-08-29,VERIFIED,"No numeric metrics available; retained as qualitative seed/evidence term. Priority audit: CI=4.5/5, Strategic=5/5, Market=5/5, Demand=0/5, Feasibility=0/5, weighted=72. Unavailable demand/feasibility contributes 0 rather than an inferred value."
dióxido de titânio preço,dióxido de titânio preço,PT-BR,BRAZIL,BRAZIL,MARKET,MARKET-BR-PT Brazil Portuguese,C,Supplier Search,Unavailable,Unavailable,Unavailable,Unavailable,Local distributor/directory mix,"Portuguese SERP is dominated by Brazilian distributors and a B2B directory; one coatings term has verified volume 20, KD 3, CPC USD 0.34.",5,5,1,MARKETS > Brazil,MERGE_INTO_CLUSTER,P1,SEMRUSH-BR-MARKET-20260829-001 | SERP-BRAZIL-PTBR-TIO2-SUPPLIER-20260829,2026-08-29,VERIFIED,"No numeric metrics available; retained as qualitative seed/evidence term. Priority audit: CI=4.5/5, Strategic=5/5, Market=5/5, Demand=0/5, Feasibility=0/5, weighted=72. Unavailable demand/feasibility contributes 0 rather than an inferred value."
antidumping dióxido de titânio china brasil,antidumping dióxido de titânio china brasil,PT-BR,BRAZIL,BRAZIL,MARKET,MARKET-BR-PT Brazil Portuguese,C,Supplier Search,Unavailable,Unavailable,Unavailable,Unavailable,Local distributor/directory mix,"Portuguese SERP is dominated by Brazilian distributors and a B2B directory; one coatings term has verified volume 20, KD 3, CPC USD 0.34.",5,5,1,MARKETS > Brazil,MERGE_INTO_CLUSTER,P1,SEMRUSH-BR-MARKET-20260829-001 | SERP-BRAZIL-PTBR-TIO2-SUPPLIER-20260829,2026-08-29,VERIFIED,"No numeric metrics available; retained as qualitative seed/evidence term. Priority audit: CI=4.5/5, Strategic=5/5, Market=5/5, Demand=0/5, Feasibility=0/5, weighted=72. Unavailable demand/feasibility contributes 0 rather than an inferred value."
titanium dioxide pigment,titanium dioxide pigment,EN,GLOBAL,MULTI,PRODUCT,PRODUCT-01 Core pigment,C,Supplier Search,Unavailable,Unavailable,Unavailable,Unavailable,Manufacturer/product mix,Unavailable,5,4,0,PRODUCTS > Titanium Dioxide Products,EXISTING_PAGE,P2,PROJECT-BRIEF-TIO2-MALAYSIA-V1.0 | SERP-GLOBAL-TIO2-COATINGS-20260829 | SERP-GLOBAL-TIO2-PLASTICS-20260829,2026-08-29,VERIFIED,"No numeric metrics available; retained as qualitative seed/evidence term. Priority audit: CI=4.5/5, Strategic=4/5, Market=3/5, Demand=0/5, Feasibility=0/5, weighted=59. Unavailable demand/feasibility contributes 0 rather than an inferred value."
tio2 pigment supplier,tio2 pigment supplier,EN,GLOBAL,MULTI,PRODUCT,PRODUCT-01 Core pigment,C,Supplier Search,Unavailable,Unavailable,Unavailable,Unavailable,Manufacturer/product mix,Unavailable,5,4,0,PRODUCTS > Titanium Dioxide Products,EXISTING_PAGE,P2,PROJECT-BRIEF-TIO2-MALAYSIA-V1.0 | SERP-GLOBAL-TIO2-COATINGS-20260829 | SERP-GLOBAL-TIO2-PLASTICS-20260829,2026-08-29,VERIFIED,"No numeric metrics available; retained as qualitative seed/evidence term. Priority audit: CI=4.5/5, Strategic=4/5, Market=3/5, Demand=0/5, Feasibility=0/5, weighted=59. Unavailable demand/feasibility contributes 0 rather than an inferred value."
industrial titanium dioxide supplier,industrial titanium dioxide supplier,EN,GLOBAL,MULTI,PRODUCT,PRODUCT-01 Core pigment,C,Supplier Search,Unavailable,Unavailable,Unavailable,Unavailable,Manufacturer/product mix,Unavailable,5,4,0,PRODUCTS > Titanium Dioxide Products,EXISTING_PAGE,P2,PROJECT-BRIEF-TIO2-MALAYSIA-V1.0 | SERP-GLOBAL-TIO2-COATINGS-20260829 | SERP-GLOBAL-TIO2-PLASTICS-20260829,2026-08-29,VERIFIED,"No numeric metrics available; retained as qualitative seed/evidence term. Priority audit: CI=4.5/5, Strategic=4/5, Market=3/5, Demand=0/5, Feasibility=0/5, weighted=59. Unavailable demand/feasibility contributes 0 rather than an inferred value."
titanium white pigment,titanium white pigment,EN,GLOBAL,MULTI,PRODUCT,PRODUCT-01 Core pigment,C,Supplier Search,Unavailable,Unavailable,Unavailable,Unavailable,Manufacturer/product mix,Unavailable,5,4,0,PRODUCTS > Titanium Dioxide Products,EXISTING_PAGE,P2,PROJECT-BRIEF-TIO2-MALAYSIA-V1.0 | SERP-GLOBAL-TIO2-COATINGS-20260829 | SERP-GLOBAL-TIO2-PLASTICS-20260829,2026-08-29,VERIFIED,"No numeric metrics available; retained as qualitative seed/evidence term. Priority audit: CI=4.5/5, Strategic=4/5, Market=3/5, Demand=0/5, Feasibility=0/5, weighted=59. Unavailable demand/feasibility contributes 0 rather than an inferred value."
titanium dioxide grades,titanium dioxide grades,EN,GLOBAL,MULTI,PRODUCT,PRODUCT-01 Core pigment,C,Supplier Search,Unavailable,Unavailable,Unavailable,Unavailable,Manufacturer/product mix,Unavailable,5,4,0,PRODUCTS > Titanium Dioxide Products,EXISTING_PAGE,P2,PROJECT-BRIEF-TIO2-MALAYSIA-V1.0 | SERP-GLOBAL-TIO2-COATINGS-20260829 | SERP-GLOBAL-TIO2-PLASTICS-20260829,2026-08-29,VERIFIED,"No numeric metrics available; retained as qualitative seed/evidence term. Priority audit: CI=4.5/5, Strategic=4/5, Market=3/5, Demand=0/5, Feasibility=0/5, weighted=59. Unavailable demand/feasibility contributes 0 rather than an inferred value."
titanium dioxide grade selection,titanium dioxide grade selection,EN,GLOBAL,MULTI,PRODUCT,PRODUCT-01 Core pigment,M,Supplier Search,Unavailable,Unavailable,Unavailable,Unavailable,Manufacturer/product mix,Unavailable,5,4,0,PRODUCTS > Titanium Dioxide Products,EXISTING_PAGE,P3,PROJECT-BRIEF-TIO2-MALAYSIA-V1.0 | SERP-GLOBAL-TIO2-COATINGS-20260829 | SERP-GLOBAL-TIO2-PLASTICS-20260829,2026-08-29,VERIFIED,"No numeric metrics available; retained as qualitative seed/evidence term. Priority audit: CI=3.5/5, Strategic=4/5, Market=3/5, Demand=0/5, Feasibility=0/5, weighted=53. Unavailable demand/feasibility contributes 0 rather than an inferred value."
rutile titanium dioxide,rutile titanium dioxide,EN,GLOBAL,MULTI,PRODUCT,PRODUCT-02 Rutile,C,Technical Evaluation,Unavailable,Unavailable,Unavailable,Unavailable,Unavailable,Unavailable,5,4,0,PRODUCTS > Titanium Dioxide Products,MERGE_INTO_CLUSTER,P2,PROJECT-BRIEF-TIO2-MALAYSIA-V1.0,2026-08-29,UNAVAILABLE,"No numeric metrics available; retained as qualitative seed/evidence term. Priority audit: CI=4.5/5, Strategic=4/5, Market=3/5, Demand=0/5, Feasibility=0/5, weighted=59. Unavailable demand/feasibility contributes 0 rather than an inferred value."
rutile tio2 supplier,rutile tio2 supplier,EN,GLOBAL,MULTI,PRODUCT,PRODUCT-02 Rutile,C,Technical Evaluation,Unavailable,Unavailable,Unavailable,Unavailable,Unavailable,Unavailable,5,4,0,PRODUCTS > Titanium Dioxide Products,MERGE_INTO_CLUSTER,P2,PROJECT-BRIEF-TIO2-MALAYSIA-V1.0,2026-08-29,UNAVAILABLE,"No numeric metrics available; retained as qualitative seed/evidence term. Priority audit: CI=4.5/5, Strategic=4/5, Market=3/5, Demand=0/5, Feasibility=0/5, weighted=59. Unavailable demand/feasibility contributes 0 rather than an inferred value."
rutile titanium dioxide pigment,rutile titanium dioxide pigment,EN,GLOBAL,MULTI,PRODUCT,PRODUCT-02 Rutile,C,Technical Evaluation,Unavailable,Unavailable,Unavailable,Unavailable,Unavailable,Unavailable,5,4,0,PRODUCTS > Titanium Dioxide Products,MERGE_INTO_CLUSTER,P2,PROJECT-BRIEF-TIO2-MALAYSIA-V1.0,2026-08-29,UNAVAILABLE,"No numeric metrics available; retained as qualitative seed/evidence term. Priority audit: CI=4.5/5, Strategic=4/5, Market=3/5, Demand=0/5, Feasibility=0/5, weighted=59. Unavailable demand/feasibility contributes 0 rather than an inferred value."
chloride process titanium dioxide,chloride process titanium dioxide,EN,GLOBAL,MULTI,PRODUCT,PRODUCT-03 Chloride process,C,Technical Evaluation,Unavailable,Unavailable,Unavailable,Unavailable,Unavailable,Unavailable,5,4,0,PRODUCTS > Chloride Process TiO2,EXISTING_PAGE,P2,PROJECT-BRIEF-TIO2-MALAYSIA-V1.0,2026-08-29,UNAVAILABLE,"No numeric metrics available; retained as qualitative seed/evidence term. Priority audit: CI=4.5/5, Strategic=4/5, Market=3/5, Demand=0/5, Feasibility=0/5, weighted=59. Unavailable demand/feasibility contributes 0 rather than an inferred value."
chloride tio2,chloride tio2,EN,GLOBAL,MULTI,PRODUCT,PRODUCT-03 Chloride process,C,Technical Evaluation,Unavailable,Unavailable,Unavailable,Unavailable,Unavailable,Unavailable,5,4,0,PRODUCTS > Chloride Process TiO2,EXISTING_PAGE,P2,PROJECT-BRIEF-TIO2-MALAYSIA-V1.0,2026-08-29,UNAVAILABLE,"No numeric metrics available; retained as qualitative seed/evidence term. Priority audit: CI=4.5/5, Strategic=4/5, Market=3/5, Demand=0/5, Feasibility=0/5, weighted=59. Unavailable demand/feasibility contributes 0 rather than an inferred value."
chloride process tio2 supplier,chloride process tio2 supplier,EN,GLOBAL,MULTI,PRODUCT,PRODUCT-03 Chloride process,C,Technical Evaluation,Unavailable,Unavailable,Unavailable,Unavailable,Unavailable,Unavailable,5,4,0,PRODUCTS > Chloride Process TiO2,EXISTING_PAGE,P2,PROJECT-BRIEF-TIO2-MALAYSIA-V1.0,2026-08-29,UNAVAILABLE,"No numeric metrics available; retained as qualitative seed/evidence term. Priority audit: CI=4.5/5, Strategic=4/5, Market=3/5, Demand=0/5, Feasibility=0/5, weighted=59. Unavailable demand/feasibility contributes 0 rather than an inferred value."
sulfate process titanium dioxide,sulfate process titanium dioxide,EN,GLOBAL,MULTI,PRODUCT,PRODUCT-04 Sulfate process,C,Technical Evaluation,Unavailable,Unavailable,Unavailable,Unavailable,Unavailable,Unavailable,4,3,0,PRODUCTS > Sulfate Process TiO2,EXISTING_PAGE,P3,PROJECT-BRIEF-TIO2-MALAYSIA-V1.0,2026-08-29,UNAVAILABLE,"No numeric metrics available; retained as qualitative seed/evidence term. Priority audit: CI=4.5/5, Strategic=3/5, Market=3/5, Demand=0/5, Feasibility=0/5, weighted=54. Unavailable demand/feasibility contributes 0 rather than an inferred value."
sulphate process titanium dioxide,sulphate process titanium dioxide,EN,GLOBAL,MULTI,PRODUCT,PRODUCT-04 Sulfate process,C,Technical Evaluation,Unavailable,Unavailable,Unavailable,Unavailable,Unavailable,Unavailable,4,3,0,PRODUCTS > Sulfate Process TiO2,EXISTING_PAGE,P3,PROJECT-BRIEF-TIO2-MALAYSIA-V1.0,2026-08-29,UNAVAILABLE,"No numeric metrics available; retained as qualitative seed/evidence term. Priority audit: CI=4.5/5, Strategic=3/5, Market=3/5, Demand=0/5, Feasibility=0/5, weighted=54. Unavailable demand/feasibility contributes 0 rather than an inferred value."
sulfate tio2 supplier,sulfate tio2 supplier,EN,GLOBAL,MULTI,PRODUCT,PRODUCT-04 Sulfate process,C,Technical Evaluation,Unavailable,Unavailable,Unavailable,Unavailable,Unavailable,Unavailable,4,3,0,PRODUCTS > Sulfate Process TiO2,EXISTING_PAGE,P3,PROJECT-BRIEF-TIO2-MALAYSIA-V1.0,2026-08-29,UNAVAILABLE,"No numeric metrics available; retained as qualitative seed/evidence term. Priority audit: CI=4.5/5, Strategic=3/5, Market=3/5, Demand=0/5, Feasibility=0/5, weighted=54. Unavailable demand/feasibility contributes 0 rather than an inferred value."
chloride vs sulfate titanium dioxide,chloride vs sulfate titanium dioxide,EN,GLOBAL,MULTI,PRODUCT,PRODUCT-05 Performance selection,M,Technical Evaluation,Unavailable,Unavailable,Unavailable,Unavailable,Unavailable,Unavailable,4,4,0,RESOURCES > Buying Guides,SUPPORTING_CONTENT,P3,PROJECT-BRIEF-TIO2-MALAYSIA-V1.0,2026-08-29,UNAVAILABLE,"No numeric metrics available; retained as qualitative seed/evidence term. Priority audit: CI=3.5/5, Strategic=4/5, Market=3/5, Demand=0/5, Feasibility=0/5, weighted=53. Unavailable demand/feasibility contributes 0 rather than an inferred value."
high opacity titanium dioxide,high opacity titanium dioxide,EN,GLOBAL,MULTI,PRODUCT,PRODUCT-05 Performance selection,M,Technical Evaluation,Unavailable,Unavailable,Unavailable,Unavailable,Unavailable,Unavailable,4,4,0,RESOURCES > Buying Guides,SUPPORTING_CONTENT,P3,PROJECT-BRIEF-TIO2-MALAYSIA-V1.0,2026-08-29,UNAVAILABLE,"No numeric metrics available; retained as qualitative seed/evidence term. Priority audit: CI=3.5/5, Strategic=4/5, Market=3/5, Demand=0/5, Feasibility=0/5, weighted=53. Unavailable demand/feasibility contributes 0 rather than an inferred value."
high hiding power titanium dioxide,high hiding power titanium dioxide,EN,GLOBAL,MULTI,PRODUCT,PRODUCT-05 Performance selection,M,Technical Evaluation,Unavailable,Unavailable,Unavailable,Unavailable,Unavailable,Unavailable,4,4,0,RESOURCES > Buying Guides,SUPPORTING_CONTENT,P3,PROJECT-BRIEF-TIO2-MALAYSIA-V1.0,2026-08-29,UNAVAILABLE,"No numeric metrics available; retained as qualitative seed/evidence term. Priority audit: CI=3.5/5, Strategic=4/5, Market=3/5, Demand=0/5, Feasibility=0/5, weighted=53. Unavailable demand/feasibility contributes 0 rather than an inferred value."
weather resistant titanium dioxide,weather resistant titanium dioxide,EN,GLOBAL,MULTI,PRODUCT,PRODUCT-05 Performance selection,M,Technical Evaluation,Unavailable,Unavailable,Unavailable,Unavailable,Unavailable,Unavailable,4,4,0,RESOURCES > Buying Guides,SUPPORTING_CONTENT,P3,PROJECT-BRIEF-TIO2-MALAYSIA-V1.0,2026-08-29,UNAVAILABLE,"No numeric metrics available; retained as qualitative seed/evidence term. Priority audit: CI=3.5/5, Strategic=4/5, Market=3/5, Demand=0/5, Feasibility=0/5, weighted=53. Unavailable demand/feasibility contributes 0 rather than an inferred value."
blue undertone titanium dioxide,blue undertone titanium dioxide,EN,GLOBAL,MULTI,PRODUCT,PRODUCT-05 Performance selection,M,Technical Evaluation,Unavailable,Unavailable,Unavailable,Unavailable,Unavailable,Unavailable,4,4,0,RESOURCES > Buying Guides,SUPPORTING_CONTENT,P3,PROJECT-BRIEF-TIO2-MALAYSIA-V1.0,2026-08-29,UNAVAILABLE,"No numeric metrics available; retained as qualitative seed/evidence term. Priority audit: CI=3.5/5, Strategic=4/5, Market=3/5, Demand=0/5, Feasibility=0/5, weighted=53. Unavailable demand/feasibility contributes 0 rather than an inferred value."
titanium dioxide for coatings,titanium dioxide for coatings,EN,GLOBAL,MULTI,APPLICATION,APP-01 Coatings,M,Technical Evaluation,Unavailable,Unavailable,Unavailable,Unavailable,Manufacturer application/product pages,Unavailable,5,5,0,APPLICATIONS > TiO2 for Coatings,EXISTING_PAGE,P2,SERP-GLOBAL-TIO2-COATINGS-20260829,2026-08-29,VERIFIED,"No numeric metrics available; retained as qualitative seed/evidence term. Priority audit: CI=3.5/5, Strategic=5/5, Market=3/5, Demand=0/5, Feasibility=0/5, weighted=58. Unavailable demand/feasibility contributes 0 rather than an inferred value."
titanium dioxide for paint,titanium dioxide for paint,EN,GLOBAL,MULTI,APPLICATION,APP-01 Coatings,C,Technical Evaluation,Unavailable,Unavailable,Unavailable,Unavailable,Manufacturer application/product pages,Unavailable,5,5,0,APPLICATIONS > TiO2 for Coatings,EXISTING_PAGE,P2,SERP-GLOBAL-TIO2-COATINGS-20260829,2026-08-29,VERIFIED,"No numeric metrics available; retained as qualitative seed/evidence term. Priority audit: CI=4.5/5, Strategic=5/5, Market=3/5, Demand=0/5, Feasibility=0/5, weighted=64. Unavailable demand/feasibility contributes 0 rather than an inferred value."
tio2 for coatings,tio2 for coatings,EN,GLOBAL,MULTI,APPLICATION,APP-01 Coatings,M,Technical Evaluation,Unavailable,Unavailable,Unavailable,Unavailable,Manufacturer application/product pages,Unavailable,5,5,0,APPLICATIONS > TiO2 for Coatings,EXISTING_PAGE,P2,SERP-GLOBAL-TIO2-COATINGS-20260829,2026-08-29,VERIFIED,"No numeric metrics available; retained as qualitative seed/evidence term. Priority audit: CI=3.5/5, Strategic=5/5, Market=3/5, Demand=0/5, Feasibility=0/5, weighted=58. Unavailable demand/feasibility contributes 0 rather than an inferred value."
tio2 pigment for paint,tio2 pigment for paint,EN,GLOBAL,MULTI,APPLICATION,APP-01 Coatings,C,Technical Evaluation,Unavailable,Unavailable,Unavailable,Unavailable,Manufacturer application/product pages,Unavailable,5,5,0,APPLICATIONS > TiO2 for Coatings,EXISTING_PAGE,P2,SERP-GLOBAL-TIO2-COATINGS-20260829,2026-08-29,VERIFIED,"No numeric metrics available; retained as qualitative seed/evidence term. Priority audit: CI=4.5/5, Strategic=5/5, Market=3/5, Demand=0/5, Feasibility=0/5, weighted=64. Unavailable demand/feasibility contributes 0 rather than an inferred value."
rutile titanium dioxide for coatings,rutile titanium dioxide for coatings,EN,GLOBAL,MULTI,APPLICATION,APP-01 Coatings,M,Technical Evaluation,Unavailable,Unavailable,Unavailable,Unavailable,Manufacturer application/product pages,Unavailable,5,5,0,APPLICATIONS > TiO2 for Coatings,EXISTING_PAGE,P2,SERP-GLOBAL-TIO2-COATINGS-20260829,2026-08-29,VERIFIED,"No numeric metrics available; retained as qualitative seed/evidence term. Priority audit: CI=3.5/5, Strategic=5/5, Market=3/5, Demand=0/5, Feasibility=0/5, weighted=58. Unavailable demand/feasibility contributes 0 rather than an inferred value."
titanium dioxide for plastics,titanium dioxide for plastics,EN,GLOBAL,MULTI,APPLICATION,APP-02 Plastics,C,Technical Evaluation,Unavailable,Unavailable,Unavailable,Unavailable,Manufacturer application pages,Unavailable,5,5,0,APPLICATIONS > TiO2 for Plastics,EXISTING_PAGE,P2,SERP-GLOBAL-TIO2-PLASTICS-20260829,2026-08-29,VERIFIED,"No numeric metrics available; retained as qualitative seed/evidence term. Priority audit: CI=4.5/5, Strategic=5/5, Market=3/5, Demand=0/5, Feasibility=0/5, weighted=64. Unavailable demand/feasibility contributes 0 rather than an inferred value."
tio2 for plastics,tio2 for plastics,EN,GLOBAL,MULTI,APPLICATION,APP-02 Plastics,C,Technical Evaluation,Unavailable,Unavailable,Unavailable,Unavailable,Manufacturer application pages,Unavailable,5,5,0,APPLICATIONS > TiO2 for Plastics,EXISTING_PAGE,P2,SERP-GLOBAL-TIO2-PLASTICS-20260829,2026-08-29,VERIFIED,"No numeric metrics available; retained as qualitative seed/evidence term. Priority audit: CI=4.5/5, Strategic=5/5, Market=3/5, Demand=0/5, Feasibility=0/5, weighted=64. Unavailable demand/feasibility contributes 0 rather than an inferred value."
titanium dioxide for pvc,titanium dioxide for pvc,EN,GLOBAL,MULTI,APPLICATION,APP-02 Plastics,C,Technical Evaluation,Unavailable,Unavailable,Unavailable,Unavailable,Manufacturer application pages,Unavailable,5,5,0,APPLICATIONS > TiO2 for Plastics,EXISTING_PAGE,P2,SERP-GLOBAL-TIO2-PLASTICS-20260829,2026-08-29,VERIFIED,"No numeric metrics available; retained as qualitative seed/evidence term. Priority audit: CI=4.5/5, Strategic=5/5, Market=3/5, Demand=0/5, Feasibility=0/5, weighted=64. Unavailable demand/feasibility contributes 0 rather than an inferred value."
titanium dioxide for pe,titanium dioxide for pe,EN,GLOBAL,MULTI,APPLICATION,APP-02 Plastics,C,Technical Evaluation,Unavailable,Unavailable,Unavailable,Unavailable,Manufacturer application pages,Unavailable,5,5,0,APPLICATIONS > TiO2 for Plastics,EXISTING_PAGE,P2,SERP-GLOBAL-TIO2-PLASTICS-20260829,2026-08-29,VERIFIED,"No numeric metrics available; retained as qualitative seed/evidence term. Priority audit: CI=4.5/5, Strategic=5/5, Market=3/5, Demand=0/5, Feasibility=0/5, weighted=64. Unavailable demand/feasibility contributes 0 rather than an inferred value."
titanium dioxide for pp,titanium dioxide for pp,EN,GLOBAL,MULTI,APPLICATION,APP-02 Plastics,C,Technical Evaluation,Unavailable,Unavailable,Unavailable,Unavailable,Manufacturer application pages,Unavailable,5,5,0,APPLICATIONS > TiO2 for Plastics,EXISTING_PAGE,P2,SERP-GLOBAL-TIO2-PLASTICS-20260829,2026-08-29,VERIFIED,"No numeric metrics available; retained as qualitative seed/evidence term. Priority audit: CI=4.5/5, Strategic=5/5, Market=3/5, Demand=0/5, Feasibility=0/5, weighted=64. Unavailable demand/feasibility contributes 0 rather than an inferred value."
titanium dioxide for abs,titanium dioxide for abs,EN,GLOBAL,MULTI,APPLICATION,APP-02 Plastics,C,Technical Evaluation,Unavailable,Unavailable,Unavailable,Unavailable,Manufacturer application pages,Unavailable,5,5,0,APPLICATIONS > TiO2 for Plastics,EXISTING_PAGE,P2,SERP-GLOBAL-TIO2-PLASTICS-20260829,2026-08-29,VERIFIED,"No numeric metrics available; retained as qualitative seed/evidence term. Priority audit: CI=4.5/5, Strategic=5/5, Market=3/5, Demand=0/5, Feasibility=0/5, weighted=64. Unavailable demand/feasibility contributes 0 rather than an inferred value."
titanium dioxide for pet,titanium dioxide for pet,EN,GLOBAL,MULTI,APPLICATION,APP-02 Plastics,C,Technical Evaluation,Unavailable,Unavailable,Unavailable,Unavailable,Manufacturer application pages,Unavailable,5,5,0,APPLICATIONS > TiO2 for Plastics,EXISTING_PAGE,P2,SERP-GLOBAL-TIO2-PLASTICS-20260829,2026-08-29,VERIFIED,"No numeric metrics available; retained as qualitative seed/evidence term. Priority audit: CI=4.5/5, Strategic=5/5, Market=3/5, Demand=0/5, Feasibility=0/5, weighted=64. Unavailable demand/feasibility contributes 0 rather than an inferred value."
titanium dioxide for plastic film,titanium dioxide for plastic film,EN,GLOBAL,MULTI,APPLICATION,APP-02 Plastics,C,Technical Evaluation,Unavailable,Unavailable,Unavailable,Unavailable,Manufacturer application pages,Unavailable,5,5,0,APPLICATIONS > TiO2 for Plastics,EXISTING_PAGE,P2,SERP-GLOBAL-TIO2-PLASTICS-20260829,2026-08-29,VERIFIED,"No numeric metrics available; retained as qualitative seed/evidence term. Priority audit: CI=4.5/5, Strategic=5/5, Market=3/5, Demand=0/5, Feasibility=0/5, weighted=64. Unavailable demand/feasibility contributes 0 rather than an inferred value."
titanium dioxide for engineering plastics,titanium dioxide for engineering plastics,EN,GLOBAL,MULTI,APPLICATION,APP-02 Plastics,C,Technical Evaluation,Unavailable,Unavailable,Unavailable,Unavailable,Manufacturer application pages,Unavailable,5,5,0,APPLICATIONS > TiO2 for Plastics,EXISTING_PAGE,P2,SERP-GLOBAL-TIO2-PLASTICS-20260829,2026-08-29,VERIFIED,"No numeric metrics available; retained as qualitative seed/evidence term. Priority audit: CI=4.5/5, Strategic=5/5, Market=3/5, Demand=0/5, Feasibility=0/5, weighted=64. Unavailable demand/feasibility contributes 0 rather than an inferred value."
titanium dioxide for masterbatch,titanium dioxide for masterbatch,EN,GLOBAL,MULTI,APPLICATION,APP-03 TiO2 for masterbatch,C,Technical Evaluation,Unavailable,Unavailable,Unavailable,Unavailable,Grade-specific manufacturer pages,Unavailable,5,5,0,APPLICATIONS > TiO2 for Masterbatch,EXISTING_PAGE,P2,SERP-GLOBAL-TIO2-FOR-MASTERBATCH-20260829,2026-08-29,VERIFIED,"No numeric metrics available; retained as qualitative seed/evidence term. Priority audit: CI=4.5/5, Strategic=5/5, Market=3/5, Demand=0/5, Feasibility=0/5, weighted=64. Unavailable demand/feasibility contributes 0 rather than an inferred value."
tio2 for masterbatch,tio2 for masterbatch,EN,GLOBAL,MULTI,APPLICATION,APP-03 TiO2 for masterbatch,C,Technical Evaluation,Unavailable,Unavailable,Unavailable,Unavailable,Grade-specific manufacturer pages,Unavailable,5,5,0,APPLICATIONS > TiO2 for Masterbatch,EXISTING_PAGE,P2,SERP-GLOBAL-TIO2-FOR-MASTERBATCH-20260829,2026-08-29,VERIFIED,"No numeric metrics available; retained as qualitative seed/evidence term. Priority audit: CI=4.5/5, Strategic=5/5, Market=3/5, Demand=0/5, Feasibility=0/5, weighted=64. Unavailable demand/feasibility contributes 0 rather than an inferred value."
masterbatch grade titanium dioxide,masterbatch grade titanium dioxide,EN,GLOBAL,MULTI,APPLICATION,APP-03 TiO2 for masterbatch,C,Technical Evaluation,Unavailable,Unavailable,Unavailable,Unavailable,Grade-specific manufacturer pages,Unavailable,5,5,0,APPLICATIONS > TiO2 for Masterbatch,EXISTING_PAGE,P2,SERP-GLOBAL-TIO2-FOR-MASTERBATCH-20260829,2026-08-29,VERIFIED,"No numeric metrics available; retained as qualitative seed/evidence term. Priority audit: CI=4.5/5, Strategic=5/5, Market=3/5, Demand=0/5, Feasibility=0/5, weighted=64. Unavailable demand/feasibility contributes 0 rather than an inferred value."
titanium dioxide masterbatch pigment,titanium dioxide masterbatch pigment,EN,GLOBAL,MULTI,APPLICATION,APP-03 TiO2 for masterbatch,C,Technical Evaluation,Unavailable,Unavailable,Unavailable,Unavailable,Grade-specific manufacturer pages,Unavailable,5,5,0,APPLICATIONS > TiO2 for Masterbatch,EXISTING_PAGE,P2,SERP-GLOBAL-TIO2-FOR-MASTERBATCH-20260829,2026-08-29,VERIFIED,"No numeric metrics available; retained as qualitative seed/evidence term. Priority audit: CI=4.5/5, Strategic=5/5, Market=3/5, Demand=0/5, Feasibility=0/5, weighted=64. Unavailable demand/feasibility contributes 0 rather than an inferred value."
titanium dioxide for printing inks,titanium dioxide for printing inks,EN,GLOBAL,MULTI,APPLICATION,APP-04 Printing inks,C,Technical Evaluation,Unavailable,Unavailable,Unavailable,Unavailable,Unavailable,Unavailable,4,4,0,APPLICATIONS > TiO2 for Printing Inks,EXISTING_PAGE,P2,PROJECT-BRIEF-TIO2-MALAYSIA-V1.0,2026-08-29,UNAVAILABLE,"No numeric metrics available; retained as qualitative seed/evidence term. Priority audit: CI=4.5/5, Strategic=4/5, Market=3/5, Demand=0/5, Feasibility=0/5, weighted=59. Unavailable demand/feasibility contributes 0 rather than an inferred value."
tio2 for inks,tio2 for inks,EN,GLOBAL,MULTI,APPLICATION,APP-04 Printing inks,C,Technical Evaluation,Unavailable,Unavailable,Unavailable,Unavailable,Unavailable,Unavailable,4,4,0,APPLICATIONS > TiO2 for Printing Inks,EXISTING_PAGE,P2,PROJECT-BRIEF-TIO2-MALAYSIA-V1.0,2026-08-29,UNAVAILABLE,"No numeric metrics available; retained as qualitative seed/evidence term. Priority audit: CI=4.5/5, Strategic=4/5, Market=3/5, Demand=0/5, Feasibility=0/5, weighted=59. Unavailable demand/feasibility contributes 0 rather than an inferred value."
titanium dioxide for paper,titanium dioxide for paper,EN,GLOBAL,MULTI,APPLICATION,APP-05 Paper,C,Technical Evaluation,Unavailable,Unavailable,Unavailable,Unavailable,Unavailable,Unavailable,3,3,0,APPLICATIONS > TiO2 for Paper,EXISTING_PAGE,P3,PROJECT-BRIEF-TIO2-MALAYSIA-V1.0,2026-08-29,UNAVAILABLE,"No numeric metrics available; retained as qualitative seed/evidence term. Priority audit: CI=4.5/5, Strategic=3/5, Market=3/5, Demand=0/5, Feasibility=0/5, weighted=54. Unavailable demand/feasibility contributes 0 rather than an inferred value."
tio2 for paper,tio2 for paper,EN,GLOBAL,MULTI,APPLICATION,APP-05 Paper,C,Technical Evaluation,Unavailable,Unavailable,Unavailable,Unavailable,Unavailable,Unavailable,3,3,0,APPLICATIONS > TiO2 for Paper,EXISTING_PAGE,P3,PROJECT-BRIEF-TIO2-MALAYSIA-V1.0,2026-08-29,UNAVAILABLE,"No numeric metrics available; retained as qualitative seed/evidence term. Priority audit: CI=4.5/5, Strategic=3/5, Market=3/5, Demand=0/5, Feasibility=0/5, weighted=54. Unavailable demand/feasibility contributes 0 rather than an inferred value."
titanium dioxide reach registration,titanium dioxide reach registration,EN,EU,EU,COMPLIANCE,COMP-01 REACH,M,Technical Evaluation,Unavailable,Unavailable,Unavailable,Unavailable,Industry/marketplace/supplier mix,Unavailable,5,5,0,COMPLIANCE & DOCUMENTS > REACH,EXISTING_PAGE,P2,SERP-GLOBAL-TIO2-REACH-20260829 | OFFICIAL-EU-ECHA-TIO2-INFOCARD,2026-08-29,VERIFY_REQUIRED,"SERP intent is verified, but the captured ECHA page was partial; product-specific REACH claims require manual official verification. Priority audit: CI=3.5/5, Strategic=5/5, Market=5/5, Demand=0/5, Feasibility=0/5, weighted=66. Unavailable demand/feasibility contributes 0 rather than an inferred value."
reach compliant titanium dioxide,reach compliant titanium dioxide,EN,EU,EU,COMPLIANCE,COMP-01 REACH,M,Technical Evaluation,Unavailable,Unavailable,Unavailable,Unavailable,Industry/marketplace/supplier mix,Unavailable,5,5,0,COMPLIANCE & DOCUMENTS > REACH,EXISTING_PAGE,P2,SERP-GLOBAL-TIO2-REACH-20260829 | OFFICIAL-EU-ECHA-TIO2-INFOCARD,2026-08-29,VERIFY_REQUIRED,"SERP intent is verified, but the captured ECHA page was partial; product-specific REACH claims require manual official verification. Priority audit: CI=3.5/5, Strategic=5/5, Market=5/5, Demand=0/5, Feasibility=0/5, weighted=66. Unavailable demand/feasibility contributes 0 rather than an inferred value."
titanium dioxide reach supplier,titanium dioxide reach supplier,EN,EU,EU,COMPLIANCE,COMP-01 REACH,C,Technical Evaluation,Unavailable,Unavailable,Unavailable,Unavailable,Industry/marketplace/supplier mix,Unavailable,5,5,0,COMPLIANCE & DOCUMENTS > REACH,EXISTING_PAGE,P1,SERP-GLOBAL-TIO2-REACH-20260829 | OFFICIAL-EU-ECHA-TIO2-INFOCARD,2026-08-29,VERIFY_REQUIRED,"SERP intent is verified, but the captured ECHA page was partial; product-specific REACH claims require manual official verification. Priority audit: CI=4.5/5, Strategic=5/5, Market=5/5, Demand=0/5, Feasibility=0/5, weighted=72. Unavailable demand/feasibility contributes 0 rather than an inferred value."
titanium dioxide sds,titanium dioxide sds,EN,GLOBAL,MULTI,COMPLIANCE,COMP-02 Technical documents,M,Technical Evaluation,Unavailable,Unavailable,Unavailable,Unavailable,Unavailable,Unavailable,5,5,0,COMPLIANCE & DOCUMENTS > TDS / SDS / COA,EXISTING_PAGE,P2,PROJECT-BRIEF-TIO2-MALAYSIA-V1.0,2026-08-29,UNAVAILABLE,"No numeric metrics available; retained as qualitative seed/evidence term. Priority audit: CI=3.5/5, Strategic=5/5, Market=3/5, Demand=0/5, Feasibility=0/5, weighted=58. Unavailable demand/feasibility contributes 0 rather than an inferred value."
titanium dioxide tds,titanium dioxide tds,EN,GLOBAL,MULTI,COMPLIANCE,COMP-02 Technical documents,M,Technical Evaluation,Unavailable,Unavailable,Unavailable,Unavailable,Unavailable,Unavailable,5,5,0,COMPLIANCE & DOCUMENTS > TDS / SDS / COA,EXISTING_PAGE,P2,PROJECT-BRIEF-TIO2-MALAYSIA-V1.0,2026-08-29,UNAVAILABLE,"No numeric metrics available; retained as qualitative seed/evidence term. Priority audit: CI=3.5/5, Strategic=5/5, Market=3/5, Demand=0/5, Feasibility=0/5, weighted=58. Unavailable demand/feasibility contributes 0 rather than an inferred value."
titanium dioxide coa,titanium dioxide coa,EN,GLOBAL,MULTI,COMPLIANCE,COMP-02 Technical documents,M,Technical Evaluation,Unavailable,Unavailable,Unavailable,Unavailable,Unavailable,Unavailable,5,5,0,COMPLIANCE & DOCUMENTS > TDS / SDS / COA,EXISTING_PAGE,P2,PROJECT-BRIEF-TIO2-MALAYSIA-V1.0,2026-08-29,UNAVAILABLE,"No numeric metrics available; retained as qualitative seed/evidence term. Priority audit: CI=3.5/5, Strategic=5/5, Market=3/5, Demand=0/5, Feasibility=0/5, weighted=58. Unavailable demand/feasibility contributes 0 rather than an inferred value."
titanium dioxide technical data sheet,titanium dioxide technical data sheet,EN,GLOBAL,MULTI,COMPLIANCE,COMP-02 Technical documents,C,Technical Evaluation,Unavailable,Unavailable,Unavailable,Unavailable,Unavailable,Unavailable,5,5,0,COMPLIANCE & DOCUMENTS > TDS / SDS / COA,EXISTING_PAGE,P2,PROJECT-BRIEF-TIO2-MALAYSIA-V1.0,2026-08-29,UNAVAILABLE,"No numeric metrics available; retained as qualitative seed/evidence term. Priority audit: CI=4.5/5, Strategic=5/5, Market=3/5, Demand=0/5, Feasibility=0/5, weighted=64. Unavailable demand/feasibility contributes 0 rather than an inferred value."
titanium dioxide safety data sheet,titanium dioxide safety data sheet,EN,GLOBAL,MULTI,COMPLIANCE,COMP-02 Technical documents,C,Technical Evaluation,Unavailable,Unavailable,Unavailable,Unavailable,Unavailable,Unavailable,5,5,0,COMPLIANCE & DOCUMENTS > TDS / SDS / COA,EXISTING_PAGE,P2,PROJECT-BRIEF-TIO2-MALAYSIA-V1.0,2026-08-29,UNAVAILABLE,"No numeric metrics available; retained as qualitative seed/evidence term. Priority audit: CI=4.5/5, Strategic=5/5, Market=3/5, Demand=0/5, Feasibility=0/5, weighted=64. Unavailable demand/feasibility contributes 0 rather than an inferred value."
request titanium dioxide documents,request titanium dioxide documents,EN,GLOBAL,MULTI,COMPLIANCE,COMP-02 Technical documents,C,Technical Evaluation,Unavailable,Unavailable,Unavailable,Unavailable,Unavailable,Unavailable,5,5,0,COMPLIANCE & DOCUMENTS > TDS / SDS / COA,EXISTING_PAGE,P2,PROJECT-BRIEF-TIO2-MALAYSIA-V1.0,2026-08-29,UNAVAILABLE,"No numeric metrics available; retained as qualitative seed/evidence term. Priority audit: CI=4.5/5, Strategic=5/5, Market=3/5, Demand=0/5, Feasibility=0/5, weighted=64. Unavailable demand/feasibility contributes 0 rather than an inferred value."
titanium dioxide country of origin certificate,titanium dioxide country of origin certificate,EN,GLOBAL,MULTI,COMPLIANCE,COMP-03 Origin documents,M,Technical Evaluation,Unavailable,Unavailable,Unavailable,Unavailable,Unavailable,Unavailable,5,5,3,COMPLIANCE & DOCUMENTS > COO,EXISTING_PAGE,P2,PROJECT-BRIEF-TIO2-MALAYSIA-V1.0 | SERP-GLOBAL-MY-TIO2-SUPPLIER-20260829,2026-08-29,UNAVAILABLE,"No numeric metrics available; retained as qualitative seed/evidence term. Priority audit: CI=3.5/5, Strategic=5/5, Market=3/5, Demand=0/5, Feasibility=0/5, weighted=58. Unavailable demand/feasibility contributes 0 rather than an inferred value."
titanium dioxide coo,titanium dioxide coo,EN,GLOBAL,MULTI,COMPLIANCE,COMP-03 Origin documents,M,Technical Evaluation,Unavailable,Unavailable,Unavailable,Unavailable,Unavailable,Unavailable,5,5,3,COMPLIANCE & DOCUMENTS > COO,EXISTING_PAGE,P2,PROJECT-BRIEF-TIO2-MALAYSIA-V1.0 | SERP-GLOBAL-MY-TIO2-SUPPLIER-20260829,2026-08-29,UNAVAILABLE,"No numeric metrics available; retained as qualitative seed/evidence term. Priority audit: CI=3.5/5, Strategic=5/5, Market=3/5, Demand=0/5, Feasibility=0/5, weighted=58. Unavailable demand/feasibility contributes 0 rather than an inferred value."
titanium dioxide origin traceability,titanium dioxide origin traceability,EN,GLOBAL,MULTI,COMPLIANCE,COMP-03 Origin documents,M,Technical Evaluation,Unavailable,Unavailable,Unavailable,Unavailable,Unavailable,Unavailable,5,5,3,COMPLIANCE & DOCUMENTS > COO,EXISTING_PAGE,P2,PROJECT-BRIEF-TIO2-MALAYSIA-V1.0 | SERP-GLOBAL-MY-TIO2-SUPPLIER-20260829,2026-08-29,UNAVAILABLE,"No numeric metrics available; retained as qualitative seed/evidence term. Priority audit: CI=3.5/5, Strategic=5/5, Market=3/5, Demand=0/5, Feasibility=0/5, weighted=58. Unavailable demand/feasibility contributes 0 rather than an inferred value."
titanium dioxide batch traceability,titanium dioxide batch traceability,EN,GLOBAL,MULTI,COMPLIANCE,COMP-03 Origin documents,M,Technical Evaluation,Unavailable,Unavailable,Unavailable,Unavailable,Unavailable,Unavailable,5,5,3,COMPLIANCE & DOCUMENTS > COO,EXISTING_PAGE,P2,PROJECT-BRIEF-TIO2-MALAYSIA-V1.0 | SERP-GLOBAL-MY-TIO2-SUPPLIER-20260829,2026-08-29,UNAVAILABLE,"No numeric metrics available; retained as qualitative seed/evidence term. Priority audit: CI=3.5/5, Strategic=5/5, Market=3/5, Demand=0/5, Feasibility=0/5, weighted=58. Unavailable demand/feasibility contributes 0 rather than an inferred value."
eu titanium dioxide anti dumping duty,eu titanium dioxide anti dumping duty,EN,EU,EU,TRADE,TRADE-EU-01,M,Consideration,Unavailable,Unavailable,Unavailable,Unavailable,Official regulatory results,Unavailable,5,5,3,RESOURCES > Market & Trade Updates,SUPPORTING_CONTENT,P2,OFFICIAL-EU-EURLEX-2025-4 | OFFICIAL-EU-EC-TRADE-TIO2-2025,2026-08-29,VERIFIED,"Definitive EU anti-dumping measure is verified for covered TiO2 originating in China; exact product scope and rates must be read from the regulation. Priority audit: CI=3.5/5, Strategic=5/5, Market=5/5, Demand=0/5, Feasibility=0/5, weighted=66. Unavailable demand/feasibility contributes 0 rather than an inferred value."
titanium dioxide import duty eu,titanium dioxide import duty eu,EN,EU,EU,TRADE,TRADE-EU-01,M,Consideration,Unavailable,Unavailable,Unavailable,Unavailable,Official regulatory results,Unavailable,5,5,3,RESOURCES > Market & Trade Updates,SUPPORTING_CONTENT,P2,OFFICIAL-EU-EURLEX-2025-4 | OFFICIAL-EU-EC-TRADE-TIO2-2025,2026-08-29,VERIFIED,"Definitive EU anti-dumping measure is verified for covered TiO2 originating in China; exact product scope and rates must be read from the regulation. Priority audit: CI=3.5/5, Strategic=5/5, Market=5/5, Demand=0/5, Feasibility=0/5, weighted=66. Unavailable demand/feasibility contributes 0 rather than an inferred value."
titanium dioxide customs duty eu,titanium dioxide customs duty eu,EN,EU,EU,TRADE,TRADE-EU-01,M,Consideration,Unavailable,Unavailable,Unavailable,Unavailable,Official regulatory results,Unavailable,5,5,3,RESOURCES > Market & Trade Updates,SUPPORTING_CONTENT,P2,OFFICIAL-EU-EURLEX-2025-4 | OFFICIAL-EU-EC-TRADE-TIO2-2025,2026-08-29,VERIFIED,"Definitive EU anti-dumping measure is verified for covered TiO2 originating in China; exact product scope and rates must be read from the regulation. Priority audit: CI=3.5/5, Strategic=5/5, Market=5/5, Demand=0/5, Feasibility=0/5, weighted=66. Unavailable demand/feasibility contributes 0 rather than an inferred value."
uk titanium dioxide anti dumping investigation,uk titanium dioxide anti dumping investigation,EN,UK,UNITED KINGDOM,TRADE,TRADE-UK-01,M,Consideration,Unavailable,Unavailable,Unavailable,Unavailable,Official government,Unavailable,5,5,3,RESOURCES > Market & Trade Updates,SUPPORTING_CONTENT,P2,OFFICIAL-UK-TRA-TIO2-INVESTIGATION-2026 | OFFICIAL-UK-TRN-2026-14,2026-08-29,VERIFY_REQUIRED,"Investigation opening and import registration are verified; they are not evidence of a definitive duty. Duty outcome/rate remains VERIFY_REQUIRED. Priority audit: CI=3.5/5, Strategic=5/5, Market=5/5, Demand=0/5, Feasibility=0/5, weighted=66. Unavailable demand/feasibility contributes 0 rather than an inferred value."
titanium dioxide import registration uk,titanium dioxide import registration uk,EN,UK,UNITED KINGDOM,TRADE,TRADE-UK-01,M,Consideration,Unavailable,Unavailable,Unavailable,Unavailable,Official government,Unavailable,5,5,3,RESOURCES > Market & Trade Updates,SUPPORTING_CONTENT,P2,OFFICIAL-UK-TRA-TIO2-INVESTIGATION-2026 | OFFICIAL-UK-TRN-2026-14,2026-08-29,VERIFY_REQUIRED,"Investigation opening and import registration are verified; they are not evidence of a definitive duty. Duty outcome/rate remains VERIFY_REQUIRED. Priority audit: CI=3.5/5, Strategic=5/5, Market=5/5, Demand=0/5, Feasibility=0/5, weighted=66. Unavailable demand/feasibility contributes 0 rather than an inferred value."
titanium dioxide import duty uk,titanium dioxide import duty uk,EN,UK,UNITED KINGDOM,TRADE,TRADE-UK-01,M,Consideration,Unavailable,Unavailable,Unavailable,Unavailable,Official government,Unavailable,5,5,3,RESOURCES > Market & Trade Updates,SUPPORTING_CONTENT,P2,OFFICIAL-UK-TRA-TIO2-INVESTIGATION-2026 | OFFICIAL-UK-TRN-2026-14,2026-08-29,VERIFY_REQUIRED,"Investigation opening and import registration are verified; they are not evidence of a definitive duty. Duty outcome/rate remains VERIFY_REQUIRED. Priority audit: CI=3.5/5, Strategic=5/5, Market=5/5, Demand=0/5, Feasibility=0/5, weighted=66. Unavailable demand/feasibility contributes 0 rather than an inferred value."
india titanium dioxide anti dumping duty,india titanium dioxide anti dumping duty,EN,INDIA,INDIA,TRADE,TRADE-IN-01,M,Consideration,Unavailable,Unavailable,Unavailable,Unavailable,Official DGTR case page,Unavailable,5,5,3,RESOURCES > Market & Trade Updates,SUPPORTING_CONTENT,P2,OFFICIAL-INDIA-DGTR-TIO2-CASE,2026-08-29,VERIFY_REQUIRED,"DGTR final findings after remand are verified; Ministry of Finance implementation was not verified. Priority audit: CI=3.5/5, Strategic=5/5, Market=5/5, Demand=0/5, Feasibility=0/5, weighted=66. Unavailable demand/feasibility contributes 0 rather than an inferred value."
titanium dioxide customs duty india,titanium dioxide customs duty india,EN,INDIA,INDIA,TRADE,TRADE-IN-01,M,Consideration,Unavailable,Unavailable,Unavailable,Unavailable,Official DGTR case page,Unavailable,5,5,3,RESOURCES > Market & Trade Updates,SUPPORTING_CONTENT,P2,OFFICIAL-INDIA-DGTR-TIO2-CASE,2026-08-29,VERIFY_REQUIRED,"DGTR final findings after remand are verified; Ministry of Finance implementation was not verified. Priority audit: CI=3.5/5, Strategic=5/5, Market=5/5, Demand=0/5, Feasibility=0/5, weighted=66. Unavailable demand/feasibility contributes 0 rather than an inferred value."
brazil titanium dioxide anti dumping duty,brazil titanium dioxide anti dumping duty,PT-BR,BRAZIL,BRAZIL,TRADE,TRADE-BR-01,M,Consideration,Unavailable,Unavailable,Unavailable,Unavailable,Official government,Unavailable,5,5,3,RESOURCES > Market & Trade Updates,SUPPORTING_CONTENT,P2,OFFICIAL-BRAZIL-MDIC-TIO2-MEASURE | OFFICIAL-BRAZIL-MDIC-TIO2-PUBLIC-INTEREST,2026-08-29,VERIFIED,"Definitive measure in force and ongoing public-interest evaluation are verified from Brazilian official pages; exact scope/rates require document-level review. Priority audit: CI=3.5/5, Strategic=5/5, Market=5/5, Demand=0/5, Feasibility=0/5, weighted=66. Unavailable demand/feasibility contributes 0 rather than an inferred value."
direito antidumping dióxido de titânio brasil,direito antidumping dióxido de titânio brasil,PT-BR,BRAZIL,BRAZIL,TRADE,TRADE-BR-01,M,Consideration,Unavailable,Unavailable,Unavailable,Unavailable,Official government,Unavailable,5,5,3,RESOURCES > Market & Trade Updates,SUPPORTING_CONTENT,P2,OFFICIAL-BRAZIL-MDIC-TIO2-MEASURE | OFFICIAL-BRAZIL-MDIC-TIO2-PUBLIC-INTEREST,2026-08-29,VERIFIED,"Definitive measure in force and ongoing public-interest evaluation are verified from Brazilian official pages; exact scope/rates require document-level review. Priority audit: CI=3.5/5, Strategic=5/5, Market=5/5, Demand=0/5, Feasibility=0/5, weighted=66. Unavailable demand/feasibility contributes 0 rather than an inferred value."
titanium dioxide import duty brazil,titanium dioxide import duty brazil,PT-BR,BRAZIL,BRAZIL,TRADE,TRADE-BR-01,M,Consideration,Unavailable,Unavailable,Unavailable,Unavailable,Official government,Unavailable,5,5,3,RESOURCES > Market & Trade Updates,SUPPORTING_CONTENT,P2,OFFICIAL-BRAZIL-MDIC-TIO2-MEASURE | OFFICIAL-BRAZIL-MDIC-TIO2-PUBLIC-INTEREST,2026-08-29,VERIFIED,"Definitive measure in force and ongoing public-interest evaluation are verified from Brazilian official pages; exact scope/rates require document-level review. Priority audit: CI=3.5/5, Strategic=5/5, Market=5/5, Demand=0/5, Feasibility=0/5, weighted=66. Unavailable demand/feasibility contributes 0 rather than an inferred value."
chemours titanium dioxide alternative,chemours titanium dioxide alternative,EN,GLOBAL,MULTI,BRAND,BRAND-01 Brand alternatives,C,Technical Evaluation,Unavailable,Unavailable,Unavailable,Unavailable,Brand/product/distributor/comparison mix,Top-10 SERP reviewed from locally saved brand query; result presence does not prove technical equivalence.,5,4,2,RESOURCES > Technical Guides,NEW_PAGE_CANDIDATE,P2,SERP-REV-BRAND-CHEMOURS-20260829,2026-08-29,VERIFIED,"Brand-level alternative intent verified by saved SERP. No identity, guaranteed replacement, or performance-equivalence claim is made. Priority audit: CI=4.5/5, Strategic=4/5, Market=3/5, Demand=0/5, Feasibility=0/5, weighted=59. Unavailable demand/feasibility contributes 0 rather than an inferred value."
ti-pure alternative titanium dioxide,ti-pure alternative titanium dioxide,EN,GLOBAL,MULTI,BRAND,BRAND-01 Brand alternatives,C,Technical Evaluation,Unavailable,Unavailable,Unavailable,Unavailable,Brand/product/distributor/comparison mix,Top-10 SERP reviewed from locally saved brand query; result presence does not prove technical equivalence.,5,4,2,RESOURCES > Technical Guides,NEW_PAGE_CANDIDATE,P2,SERP-REV-BRAND-CHEMOURS-20260829,2026-08-29,VERIFIED,"Brand-level alternative intent verified by saved SERP. No identity, guaranteed replacement, or performance-equivalence claim is made. Priority audit: CI=4.5/5, Strategic=4/5, Market=3/5, Demand=0/5, Feasibility=0/5, weighted=59. Unavailable demand/feasibility contributes 0 rather than an inferred value."
tronox titanium dioxide alternative,tronox titanium dioxide alternative,EN,GLOBAL,MULTI,BRAND,BRAND-01 Brand alternatives,C,Technical Evaluation,Unavailable,Unavailable,Unavailable,Unavailable,Brand/product/distributor/comparison mix,Top-10 SERP reviewed from locally saved brand query; result presence does not prove technical equivalence.,5,4,2,RESOURCES > Technical Guides,NEW_PAGE_CANDIDATE,P2,SERP-REV-BRAND-TRONOX-20260829,2026-08-29,VERIFIED,"Brand-level alternative intent verified by saved SERP. No identity, guaranteed replacement, or performance-equivalence claim is made. Priority audit: CI=4.5/5, Strategic=4/5, Market=3/5, Demand=0/5, Feasibility=0/5, weighted=59. Unavailable demand/feasibility contributes 0 rather than an inferred value."
kronos titanium dioxide alternative,kronos titanium dioxide alternative,EN,GLOBAL,MULTI,BRAND,BRAND-01 Brand alternatives,C,Technical Evaluation,Unavailable,Unavailable,Unavailable,Unavailable,Brand/product/distributor/comparison mix,Top-10 SERP reviewed from locally saved brand query; result presence does not prove technical equivalence.,5,4,2,RESOURCES > Technical Guides,NEW_PAGE_CANDIDATE,P2,SERP-REV-BRAND-KRONOS-20260829,2026-08-29,VERIFIED,"Brand-level alternative intent verified by saved SERP. No identity, guaranteed replacement, or performance-equivalence claim is made. Priority audit: CI=4.5/5, Strategic=4/5, Market=3/5, Demand=0/5, Feasibility=0/5, weighted=59. Unavailable demand/feasibility contributes 0 rather than an inferred value."
venator titanium dioxide alternative,venator titanium dioxide alternative,EN,GLOBAL,MULTI,BRAND,BRAND-01 Brand alternatives,C,Technical Evaluation,Unavailable,Unavailable,Unavailable,Unavailable,Brand/product/distributor/comparison mix,Top-10 SERP reviewed from locally saved brand query; result presence does not prove technical equivalence.,5,4,2,RESOURCES > Technical Guides,NEW_PAGE_CANDIDATE,P2,SERP-REV-BRAND-VENATOR-20260829,2026-08-29,VERIFIED,"Brand-level alternative intent verified by saved SERP. No identity, guaranteed replacement, or performance-equivalence claim is made. Priority audit: CI=4.5/5, Strategic=4/5, Market=3/5, Demand=0/5, Feasibility=0/5, weighted=59. Unavailable demand/feasibility contributes 0 rather than an inferred value."
lomon billions titanium dioxide alternative,lomon billions titanium dioxide alternative,EN,GLOBAL,MULTI,BRAND,BRAND-01 Brand alternatives,C,Technical Evaluation,Unavailable,Unavailable,Unavailable,Unavailable,Brand/product/distributor/comparison mix,Top-10 SERP reviewed from locally saved brand query; result presence does not prove technical equivalence.,5,4,2,RESOURCES > Technical Guides,NEW_PAGE_CANDIDATE,P2,SERP-REV-BRAND-LB-20260829,2026-08-29,VERIFIED,"Brand-level alternative intent verified by saved SERP. No identity, guaranteed replacement, or performance-equivalence claim is made. Priority audit: CI=4.5/5, Strategic=4/5, Market=3/5, Demand=0/5, Feasibility=0/5, weighted=59. Unavailable demand/feasibility contributes 0 rather than an inferred value."
citic titanium dioxide alternative,citic titanium dioxide alternative,EN,GLOBAL,MULTI,BRAND,BRAND-01 Brand alternatives,C,Technical Evaluation,Unavailable,Unavailable,Unavailable,Unavailable,Brand/product/distributor/comparison mix,Top-10 SERP reviewed from locally saved brand query; result presence does not prove technical equivalence.,5,4,2,RESOURCES > Technical Guides,NEW_PAGE_CANDIDATE,P2,SERP-REV-BRAND-CITIC-20260829,2026-08-29,VERIFIED,"Brand-level alternative intent verified by saved SERP. No identity, guaranteed replacement, or performance-equivalence claim is made. Priority audit: CI=4.5/5, Strategic=4/5, Market=3/5, Demand=0/5, Feasibility=0/5, weighted=59. Unavailable demand/feasibility contributes 0 rather than an inferred value."
cnnc titanium dioxide alternative,cnnc titanium dioxide alternative,EN,GLOBAL,MULTI,BRAND,BRAND-01 Brand alternatives,C,Technical Evaluation,Unavailable,Unavailable,Unavailable,Unavailable,Brand/product/distributor/comparison mix,Top-10 SERP reviewed from locally saved brand query; result presence does not prove technical equivalence.,5,4,2,RESOURCES > Technical Guides,NEW_PAGE_CANDIDATE,P2,SERP-REV-BRAND-CNNC-20260829,2026-08-29,VERIFIED,"Brand-level alternative intent verified by saved SERP. No identity, guaranteed replacement, or performance-equivalence claim is made. Priority audit: CI=4.5/5, Strategic=4/5, Market=3/5, Demand=0/5, Feasibility=0/5, weighted=59. Unavailable demand/feasibility contributes 0 rather than an inferred value."
titanium dioxide nanoparticle synthesis,titanium dioxide nanoparticle synthesis,EN,GLOBAL,MULTI,PRODUCT,OFFSCOPE-01 OFF_SCOPE Non-B2B/off-scope,I,Awareness,Unavailable,Unavailable,Unavailable,Unavailable,Unavailable,Unavailable,1,1,0,N/A,DO_NOT_TARGET,EXCLUDE,PROJECT-BRIEF-TIO2-MALAYSIA-V1.0,2026-08-29,UNAVAILABLE,"OFF_SCOPE / DO_NOT_TARGET. Off-scope, consumer/medical/academic, or different product intent; excluded from B2B pigment acquisition strategy. Priority audit: CI=1.5/5, Strategic=1/5, Market=3/5, Demand=0/5, Feasibility=0/5, weighted=26. Unavailable demand/feasibility contributes 0 rather than an inferred value."
titanium dioxide photocatalyst,titanium dioxide photocatalyst,EN,GLOBAL,MULTI,APPLICATION,OFFSCOPE-01 OFF_SCOPE Non-B2B/off-scope,I,Awareness,Unavailable,Unavailable,Unavailable,Unavailable,Unavailable,Unavailable,1,1,0,N/A,DO_NOT_TARGET,EXCLUDE,PROJECT-BRIEF-TIO2-MALAYSIA-V1.0,2026-08-29,UNAVAILABLE,"OFF_SCOPE / DO_NOT_TARGET. Off-scope, consumer/medical/academic, or different product intent; excluded from B2B pigment acquisition strategy. Priority audit: CI=1.5/5, Strategic=1/5, Market=3/5, Demand=0/5, Feasibility=0/5, weighted=26. Unavailable demand/feasibility contributes 0 rather than an inferred value."
titanium dioxide sunscreen,titanium dioxide sunscreen,EN,GLOBAL,MULTI,APPLICATION,OFFSCOPE-01 OFF_SCOPE Non-B2B/off-scope,I,Awareness,Unavailable,Unavailable,Unavailable,Unavailable,Unavailable,Unavailable,1,1,0,N/A,DO_NOT_TARGET,EXCLUDE,PROJECT-BRIEF-TIO2-MALAYSIA-V1.0,2026-08-29,UNAVAILABLE,"OFF_SCOPE / DO_NOT_TARGET. Off-scope, consumer/medical/academic, or different product intent; excluded from B2B pigment acquisition strategy. Priority audit: CI=1.5/5, Strategic=1/5, Market=3/5, Demand=0/5, Feasibility=0/5, weighted=26. Unavailable demand/feasibility contributes 0 rather than an inferred value."
titanium dioxide food additive e171,titanium dioxide food additive e171,EN,GLOBAL,MULTI,APPLICATION,OFFSCOPE-01 OFF_SCOPE Non-B2B/off-scope,I,Awareness,Unavailable,Unavailable,Unavailable,Unavailable,Unavailable,Unavailable,1,1,0,N/A,DO_NOT_TARGET,EXCLUDE,PROJECT-BRIEF-TIO2-MALAYSIA-V1.0,2026-08-29,UNAVAILABLE,"OFF_SCOPE / DO_NOT_TARGET. Off-scope, consumer/medical/academic, or different product intent; excluded from B2B pigment acquisition strategy. Priority audit: CI=1.5/5, Strategic=1/5, Market=3/5, Demand=0/5, Feasibility=0/5, weighted=26. Unavailable demand/feasibility contributes 0 rather than an inferred value."
titanium dioxide toothpaste,titanium dioxide toothpaste,EN,GLOBAL,MULTI,APPLICATION,OFFSCOPE-01 OFF_SCOPE Non-B2B/off-scope,I,Awareness,Unavailable,Unavailable,Unavailable,Unavailable,Unavailable,Unavailable,1,1,0,N/A,DO_NOT_TARGET,EXCLUDE,PROJECT-BRIEF-TIO2-MALAYSIA-V1.0,2026-08-29,UNAVAILABLE,"OFF_SCOPE / DO_NOT_TARGET. Off-scope, consumer/medical/academic, or different product intent; excluded from B2B pigment acquisition strategy. Priority audit: CI=1.5/5, Strategic=1/5, Market=3/5, Demand=0/5, Feasibility=0/5, weighted=26. Unavailable demand/feasibility contributes 0 rather than an inferred value."
titanium dioxide toxicity,titanium dioxide toxicity,EN,GLOBAL,MULTI,RESOURCE,OFFSCOPE-01 OFF_SCOPE Non-B2B/off-scope,I,Awareness,Unavailable,Unavailable,Unavailable,Unavailable,Unavailable,Unavailable,1,1,0,N/A,DO_NOT_TARGET,EXCLUDE,PROJECT-BRIEF-TIO2-MALAYSIA-V1.0,2026-08-29,UNAVAILABLE,"OFF_SCOPE / DO_NOT_TARGET. Off-scope, consumer/medical/academic, or different product intent; excluded from B2B pigment acquisition strategy. Priority audit: CI=1.5/5, Strategic=1/5, Market=3/5, Demand=0/5, Feasibility=0/5, weighted=26. Unavailable demand/feasibility contributes 0 rather than an inferred value."
does titanium dioxide cause cancer,does titanium dioxide cause cancer,EN,GLOBAL,MULTI,RESOURCE,OFFSCOPE-01 OFF_SCOPE Non-B2B/off-scope,I,Awareness,Unavailable,Unavailable,Unavailable,Unavailable,Unavailable,Unavailable,1,1,0,N/A,DO_NOT_TARGET,EXCLUDE,PROJECT-BRIEF-TIO2-MALAYSIA-V1.0,2026-08-29,UNAVAILABLE,"OFF_SCOPE / DO_NOT_TARGET. Off-scope, consumer/medical/academic, or different product intent; excluded from B2B pigment acquisition strategy. Priority audit: CI=1.5/5, Strategic=1/5, Market=3/5, Demand=0/5, Feasibility=0/5, weighted=26. Unavailable demand/feasibility contributes 0 rather than an inferred value."
lab grade titanium dioxide,lab grade titanium dioxide,EN,GLOBAL,MULTI,PRODUCT,OFFSCOPE-01 OFF_SCOPE Non-B2B/off-scope,I,Awareness,Unavailable,Unavailable,Unavailable,Unavailable,Unavailable,Unavailable,1,1,0,N/A,DO_NOT_TARGET,EXCLUDE,PROJECT-BRIEF-TIO2-MALAYSIA-V1.0,2026-08-29,UNAVAILABLE,"OFF_SCOPE / DO_NOT_TARGET. Off-scope, consumer/medical/academic, or different product intent; excluded from B2B pigment acquisition strategy. Priority audit: CI=1.5/5, Strategic=1/5, Market=3/5, Demand=0/5, Feasibility=0/5, weighted=26. Unavailable demand/feasibility contributes 0 rather than an inferred value."
titanium dioxide tattoo pigment,titanium dioxide tattoo pigment,EN,GLOBAL,MULTI,APPLICATION,OFFSCOPE-01 OFF_SCOPE Non-B2B/off-scope,I,Awareness,Unavailable,Unavailable,Unavailable,Unavailable,Unavailable,Unavailable,1,1,0,N/A,DO_NOT_TARGET,EXCLUDE,PROJECT-BRIEF-TIO2-MALAYSIA-V1.0,2026-08-29,UNAVAILABLE,"OFF_SCOPE / DO_NOT_TARGET. Off-scope, consumer/medical/academic, or different product intent; excluded from B2B pigment acquisition strategy. Priority audit: CI=1.5/5, Strategic=1/5, Market=3/5, Demand=0/5, Feasibility=0/5, weighted=26. Unavailable demand/feasibility contributes 0 rather than an inferred value."
titanium metal supplier,titanium metal supplier,EN,GLOBAL,MULTI,PRODUCT,OFFSCOPE-01 OFF_SCOPE Non-B2B/off-scope,I,Awareness,Unavailable,Unavailable,Unavailable,Unavailable,Unavailable,Unavailable,1,1,0,N/A,DO_NOT_TARGET,EXCLUDE,PROJECT-BRIEF-TIO2-MALAYSIA-V1.0,2026-08-29,UNAVAILABLE,"OFF_SCOPE / DO_NOT_TARGET. Off-scope, consumer/medical/academic, or different product intent; excluded from B2B pigment acquisition strategy. Priority audit: CI=1.5/5, Strategic=1/5, Market=3/5, Demand=0/5, Feasibility=0/5, weighted=26. Unavailable demand/feasibility contributes 0 rather than an inferred value."
titanium dioxide quote supplier,titanium dioxide quote supplier,EN,GLOBAL,MULTI,PRODUCT,BUYER-01 High-purchase-intent,T,RFQ / Purchase,Unavailable,Unavailable,Unavailable,Unavailable,Supplier/distributor/product/comparison mix,Top-10 SERP reviewed from complete local raw capture.,5,4,1,ABOUT / CONVERSION,MERGE_INTO_CLUSTER,P2,SERP-REV-BUY-QUOTE-20260829,2026-08-29,VERIFIED,"SERP intent verified; Search Volume, KD, CPC and trend are Unavailable. Commercial modifier was searched directly; this is evidence of SERP intent, not of metric volume or product equivalence. Priority audit: CI=5/5, Strategic=4/5, Market=3/5, Demand=0/5, Feasibility=0/5, weighted=62. Unavailable demand/feasibility contributes 0 rather than an inferred value."
titanium dioxide quotation,titanium dioxide quotation,EN,GLOBAL,MULTI,PRODUCT,BUYER-01 High-purchase-intent,T,RFQ / Purchase,Unavailable,Unavailable,Unavailable,Unavailable,Supplier/distributor/product/comparison mix,Top-10 SERP reviewed from complete local raw capture.,5,4,1,ABOUT / CONVERSION,MERGE_INTO_CLUSTER,P2,SERP-REV-BUY-QUOTATION-20260829,2026-08-29,VERIFIED,"SERP intent verified; Search Volume, KD, CPC and trend are Unavailable. Commercial modifier was searched directly; this is evidence of SERP intent, not of metric volume or product equivalence. Priority audit: CI=5/5, Strategic=4/5, Market=3/5, Demand=0/5, Feasibility=0/5, weighted=62. Unavailable demand/feasibility contributes 0 rather than an inferred value."
titanium dioxide sample supplier,titanium dioxide sample supplier,EN,GLOBAL,MULTI,PRODUCT,BUYER-01 High-purchase-intent,T,Technical Evaluation,Unavailable,Unavailable,Unavailable,Unavailable,Supplier/distributor/product/comparison mix,Top-10 SERP reviewed from complete local raw capture.,5,4,1,ABOUT / CONVERSION,MERGE_INTO_CLUSTER,P2,SERP-REV-BUY-SAMPLE-20260829,2026-08-29,VERIFIED,"SERP intent verified; Search Volume, KD, CPC and trend are Unavailable. Commercial modifier was searched directly; this is evidence of SERP intent, not of metric volume or product equivalence. Priority audit: CI=5/5, Strategic=4/5, Market=3/5, Demand=0/5, Feasibility=0/5, weighted=62. Unavailable demand/feasibility contributes 0 rather than an inferred value."
buy titanium dioxide bulk,buy titanium dioxide bulk,EN,GLOBAL,MULTI,PRODUCT,BUYER-01 High-purchase-intent,T,RFQ / Purchase,Unavailable,Unavailable,Unavailable,Unavailable,Supplier/distributor/product/comparison mix,Top-10 SERP reviewed from complete local raw capture.,5,4,1,ABOUT / CONVERSION,MERGE_INTO_CLUSTER,P2,SERP-REV-BUY-BULK-20260829,2026-08-29,VERIFIED,"SERP intent verified; Search Volume, KD, CPC and trend are Unavailable. Commercial modifier was searched directly; this is evidence of SERP intent, not of metric volume or product equivalence. Priority audit: CI=5/5, Strategic=4/5, Market=3/5, Demand=0/5, Feasibility=0/5, weighted=62. Unavailable demand/feasibility contributes 0 rather than an inferred value."
titanium dioxide wholesaler,titanium dioxide wholesaler,EN,GLOBAL,MULTI,PRODUCT,BUYER-01 High-purchase-intent,C,Supplier Search,Unavailable,Unavailable,Unavailable,Unavailable,Supplier/distributor/product/comparison mix,Top-10 SERP reviewed from complete local raw capture.,5,4,1,ABOUT / CONVERSION,MERGE_INTO_CLUSTER,P2,SERP-REV-BUY-WHOLESALER-20260829,2026-08-29,VERIFIED,"SERP intent verified; Search Volume, KD, CPC and trend are Unavailable. Commercial modifier was searched directly; this is evidence of SERP intent, not of metric volume or product equivalence. Priority audit: CI=4.5/5, Strategic=4/5, Market=3/5, Demand=0/5, Feasibility=0/5, weighted=59. Unavailable demand/feasibility contributes 0 rather than an inferred value."
titanium dioxide distributor,titanium dioxide distributor,EN,GLOBAL,MULTI,PRODUCT,BUYER-01 High-purchase-intent,C,Supplier Search,Unavailable,Unavailable,Unavailable,Unavailable,Supplier/distributor/product/comparison mix,Top-10 SERP reviewed from complete local raw capture.,5,4,1,ABOUT / CONVERSION,MERGE_INTO_CLUSTER,P2,SERP-REV-BUY-DISTRIBUTOR-20260829,2026-08-29,VERIFIED,"SERP intent verified; Search Volume, KD, CPC and trend are Unavailable. Commercial modifier was searched directly; this is evidence of SERP intent, not of metric volume or product equivalence. Priority audit: CI=4.5/5, Strategic=4/5, Market=3/5, Demand=0/5, Feasibility=0/5, weighted=59. Unavailable demand/feasibility contributes 0 rather than an inferred value."
titanium dioxide sourcing supplier,titanium dioxide sourcing supplier,EN,GLOBAL,MULTI,PRODUCT,BUYER-01 High-purchase-intent,C,Supplier Search,Unavailable,Unavailable,Unavailable,Unavailable,Supplier/distributor/product/comparison mix,Top-10 SERP reviewed from complete local raw capture.,5,4,1,ABOUT / CONVERSION,MERGE_INTO_CLUSTER,P2,SERP-REV-BUY-SOURCING-20260829,2026-08-29,VERIFIED,"SERP intent verified; Search Volume, KD, CPC and trend are Unavailable. Commercial modifier was searched directly; this is evidence of SERP intent, not of metric volume or product equivalence. Priority audit: CI=4.5/5, Strategic=4/5, Market=3/5, Demand=0/5, Feasibility=0/5, weighted=59. Unavailable demand/feasibility contributes 0 rather than an inferred value."
titanium dioxide replacement equivalent,titanium dioxide replacement equivalent,EN,GLOBAL,MULTI,COMPARISON,BRAND-01 Brand alternatives,M,Technical Evaluation,Unavailable,Unavailable,Unavailable,Unavailable,Supplier/distributor/product/comparison mix,Top-10 SERP reviewed from complete local raw capture.,5,4,1,RESOURCES > Technical Guides,MERGE_INTO_CLUSTER,P3,SERP-REV-BUY-REPLACEMENT-20260829,2026-08-29,VERIFIED,"SERP intent verified; Search Volume, KD, CPC and trend are Unavailable. Commercial modifier was searched directly; this is evidence of SERP intent, not of metric volume or product equivalence. Priority audit: CI=3.5/5, Strategic=4/5, Market=3/5, Demand=0/5, Feasibility=0/5, weighted=53. Unavailable demand/feasibility contributes 0 rather than an inferred value."
titanium dioxide grade alternative,titanium dioxide grade alternative,EN,GLOBAL,MULTI,COMPARISON,BRAND-01 Brand alternatives,C,Technical Evaluation,Unavailable,Unavailable,Unavailable,Unavailable,Supplier/distributor/product/comparison mix,Top-10 SERP reviewed from complete local raw capture.,5,4,1,RESOURCES > Technical Guides,MERGE_INTO_CLUSTER,P2,SERP-REV-BUY-GRADE-ALTERNATIVE-20260829,2026-08-29,VERIFIED,"SERP intent verified; Search Volume, KD, CPC and trend are Unavailable. Commercial modifier was searched directly; this is evidence of SERP intent, not of metric volume or product equivalence. Priority audit: CI=4.5/5, Strategic=4/5, Market=3/5, Demand=0/5, Feasibility=0/5, weighted=59. Unavailable demand/feasibility contributes 0 rather than an inferred value."
titanium dioxide equivalent grade,titanium dioxide equivalent grade,EN,GLOBAL,MULTI,COMPARISON,BRAND-01 Brand alternatives,M,Technical Evaluation,Unavailable,Unavailable,Unavailable,Unavailable,Supplier/distributor/product/comparison mix,Top-10 SERP reviewed from complete local raw capture.,5,4,1,RESOURCES > Technical Guides,MERGE_INTO_CLUSTER,P3,SERP-REV-BUY-EQUIVALENT-GRADE-20260829,2026-08-29,VERIFIED,"SERP intent verified; Search Volume, KD, CPC and trend are Unavailable. Commercial modifier was searched directly; this is evidence of SERP intent, not of metric volume or product equivalence. Priority audit: CI=3.5/5, Strategic=4/5, Market=3/5, Demand=0/5, Feasibility=0/5, weighted=53. Unavailable demand/feasibility contributes 0 rather than an inferred value."
ti-pure r-706 alternative equivalent,ti-pure r-706 alternative equivalent,EN,GLOBAL,MULTI,COMPARISON,BRAND-02 Grade-level alternatives,C,Technical Evaluation,Unavailable,Unavailable,Unavailable,Unavailable,Official product/datasheet/distributor/comparison mix,Top-10 SERP reviewed from complete local raw capture.,5,4,1,RESOURCES > Technical Guides,NEW_PAGE_CANDIDATE,P2,SERP-REV-GRADE-R706-20260829,2026-08-29,VERIFIED,"SERP intent verified; Search Volume, KD, CPC and trend are Unavailable. Grade-level search was checked directly. Search results may name comparison candidates but do not establish equivalence; TDS, application testing and human technical review remain mandatory. Priority audit: CI=4.5/5, Strategic=4/5, Market=3/5, Demand=0/5, Feasibility=0/5, weighted=59. Unavailable demand/feasibility contributes 0 rather than an inferred value."
tronox cr-828 alternative equivalent,tronox cr-828 alternative equivalent,EN,GLOBAL,MULTI,COMPARISON,BRAND-02 Grade-level alternatives,C,Technical Evaluation,Unavailable,Unavailable,Unavailable,Unavailable,Official product/datasheet/distributor/comparison mix,Top-10 SERP reviewed from complete local raw capture.,5,4,1,RESOURCES > Technical Guides,NEW_PAGE_CANDIDATE,P2,SERP-REV-GRADE-CR828-20260829,2026-08-29,VERIFIED,"SERP intent verified; Search Volume, KD, CPC and trend are Unavailable. Grade-level search was checked directly. Search results may name comparison candidates but do not establish equivalence; TDS, application testing and human technical review remain mandatory. Priority audit: CI=4.5/5, Strategic=4/5, Market=3/5, Demand=0/5, Feasibility=0/5, weighted=59. Unavailable demand/feasibility contributes 0 rather than an inferred value."
kronos 2310 titanium dioxide alternative equivalent,kronos 2310 titanium dioxide alternative equivalent,EN,GLOBAL,MULTI,COMPARISON,BRAND-02 Grade-level alternatives,C,Technical Evaluation,Unavailable,Unavailable,Unavailable,Unavailable,Official product/datasheet/distributor/comparison mix,Top-10 SERP reviewed from complete local raw capture.,5,4,1,RESOURCES > Technical Guides,NEW_PAGE_CANDIDATE,P2,SERP-REV-GRADE-KRONOS2310-TIO2-20260829,2026-08-29,VERIFIED,"SERP intent verified; Search Volume, KD, CPC and trend are Unavailable. Grade-level search was checked directly. Search results may name comparison candidates but do not establish equivalence; TDS, application testing and human technical review remain mandatory. Priority audit: CI=4.5/5, Strategic=4/5, Market=3/5, Demand=0/5, Feasibility=0/5, weighted=59. Unavailable demand/feasibility contributes 0 rather than an inferred value."
tioxide tr92 alternative equivalent,tioxide tr92 alternative equivalent,EN,GLOBAL,MULTI,COMPARISON,BRAND-02 Grade-level alternatives,C,Technical Evaluation,Unavailable,Unavailable,Unavailable,Unavailable,Official product/datasheet/distributor/comparison mix,Top-10 SERP reviewed from complete local raw capture.,5,4,1,RESOURCES > Technical Guides,NEW_PAGE_CANDIDATE,P2,SERP-REV-GRADE-TR92-20260829,2026-08-29,VERIFIED,"SERP intent verified; Search Volume, KD, CPC and trend are Unavailable. Grade-level search was checked directly. Search results may name comparison candidates but do not establish equivalence; TDS, application testing and human technical review remain mandatory. Priority audit: CI=4.5/5, Strategic=4/5, Market=3/5, Demand=0/5, Feasibility=0/5, weighted=59. Unavailable demand/feasibility contributes 0 rather than an inferred value."
blr-895 alternative equivalent titanium dioxide,blr-895 alternative equivalent titanium dioxide,EN,GLOBAL,MULTI,COMPARISON,BRAND-02 Grade-level alternatives,C,Technical Evaluation,Unavailable,Unavailable,Unavailable,Unavailable,Official product/datasheet/distributor/comparison mix,Top-10 SERP reviewed from complete local raw capture.,5,4,1,RESOURCES > Technical Guides,NEW_PAGE_CANDIDATE,P2,SERP-REV-GRADE-BLR895-20260829,2026-08-29,VERIFIED,"SERP intent verified; Search Volume, KD, CPC and trend are Unavailable. Grade-level search was checked directly. Search results may name comparison candidates but do not establish equivalence; TDS, application testing and human technical review remain mandatory. Priority audit: CI=4.5/5, Strategic=4/5, Market=3/5, Demand=0/5, Feasibility=0/5, weighted=59. Unavailable demand/feasibility contributes 0 rather than an inferred value."
cnnc r-216 alternative equivalent titanium dioxide,cnnc r-216 alternative equivalent titanium dioxide,EN,GLOBAL,MULTI,COMPARISON,BRAND-02 Grade-level alternatives,C,Technical Evaluation,Unavailable,Unavailable,Unavailable,Unavailable,Official product/datasheet/distributor/comparison mix,Top-10 SERP reviewed from complete local raw capture.,5,4,1,RESOURCES > Technical Guides,NEW_PAGE_CANDIDATE,P2,SERP-REV-GRADE-CNNC-R216-20260829,2026-08-29,VERIFIED,"SERP intent verified; Search Volume, KD, CPC and trend are Unavailable. Grade-level search was checked directly. Search results may name comparison candidates but do not establish equivalence; TDS, application testing and human technical review remain mandatory. Priority audit: CI=4.5/5, Strategic=4/5, Market=3/5, Demand=0/5, Feasibility=0/5, weighted=59. Unavailable demand/feasibility contributes 0 rather than an inferred value."
citic r-5566 titanium dioxide alternative equivalent,citic r-5566 titanium dioxide alternative equivalent,EN,GLOBAL,MULTI,COMPARISON,BRAND-02 Grade-level alternatives,C,Technical Evaluation,Unavailable,Unavailable,Unavailable,Unavailable,Official product/datasheet/distributor/comparison mix,Top-10 SERP reviewed from complete local raw capture.,5,4,1,RESOURCES > Technical Guides,NEW_PAGE_CANDIDATE,P2,SERP-REV-GRADE-CITIC-R5566-20260829,2026-08-29,VERIFIED,"SERP intent verified; Search Volume, KD, CPC and trend are Unavailable. Grade-level search was checked directly. Search results may name comparison candidates but do not establish equivalence; TDS, application testing and human technical review remain mandatory. Priority audit: CI=4.5/5, Strategic=4/5, Market=3/5, Demand=0/5, Feasibility=0/5, weighted=59. Unavailable demand/feasibility contributes 0 rather than an inferred value."
