keyword,market,search_date,rank,domain,url,page_title,page_type,manufacturer_or_distributor,country,key_observation
fornecedor de dióxido de titânio Brasil,BRAZIL,2026-08-29,1,oxquim.com.br,https://www.oxquim.com.br/produtos/dioxido-de-titanio/,Dióxido de Titânio | Fornecedor e Distribuidor | OXQuim,Corporate/content page,DISTRIBUTOR / SUPPLIER,BRAZIL,[source_id=SERP-BRAZIL-PTBR-TIO2-SUPPLIER-20260829] Top-10 result set preserved; page-type mix supports the recorded intent.
fornecedor de dióxido de titânio Brasil,BRAZIL,2026-08-29,2,intercroma.com,https://www.intercroma.com/,Intercroma | produtos químicos,Corporate/content page,DISTRIBUTOR / SUPPLIER,BRAZIL,[source_id=SERP-BRAZIL-PTBR-TIO2-SUPPLIER-20260829] Top-10 result set preserved; page-type mix supports the recorded intent.
fornecedor de dióxido de titânio Brasil,BRAZIL,2026-08-29,3,forneceb2b.com.br,https://www.forneceb2b.com.br/dioxido-de-titanio,Fornecedores de Dióxido de Titânio - ForneceB2B,Marketplace/directory,DIRECTORY / MARKETPLACE,BRAZIL,[source_id=SERP-BRAZIL-PTBR-TIO2-SUPPLIER-20260829] Top-10 result set preserved; page-type mix supports the recorded intent.
fornecedor de dióxido de titânio Brasil,BRAZIL,2026-08-29,4,sulfibra.com.br,https://sulfibra.com.br/produtos/dioxido-de-titanio/,Dióxido de Titânio - Sulfibra,Corporate/content page,MANUFACTURER / SUPPLIER / OTHER,BRAZIL,[source_id=SERP-BRAZIL-PTBR-TIO2-SUPPLIER-20260829] Top-10 result set preserved; page-type mix supports the recorded intent.
fornecedor de dióxido de titânio Brasil,BRAZIL,2026-08-29,5,dixem.com.br,https://www.dixem.com.br/,Página Inicial - Dixem Distribuidora,Corporate/content page,MANUFACTURER / SUPPLIER / OTHER,BRAZIL,[source_id=SERP-BRAZIL-PTBR-TIO2-SUPPLIER-20260829] Top-10 result set preserved; page-type mix supports the recorded intent.
fornecedor de dióxido de titânio Brasil,BRAZIL,2026-08-29,6,inducolor.com.br,https://inducolor.com.br/partners,:: INDUCOLOR ::,Corporate/content page,MANUFACTURER / SUPPLIER / OTHER,BRAZIL,[source_id=SERP-BRAZIL-PTBR-TIO2-SUPPLIER-20260829] Top-10 result set preserved; page-type mix supports the recorded intent.
fornecedor de dióxido de titânio Brasil,BRAZIL,2026-08-29,7,petratecnica.com,https://petratecnica.com/,Home - Petra Tecnica Importadora de Barita,Corporate/content page,MANUFACTURER / SUPPLIER / OTHER,BRAZIL,[source_id=SERP-BRAZIL-PTBR-TIO2-SUPPLIER-20260829] Top-10 result set preserved; page-type mix supports the recorded intent.
fornecedor de dióxido de titânio Brasil,BRAZIL,2026-08-29,8,assuncaodistribuidora.com.br,https://assuncaodistribuidora.com.br/produtos/dioxido-de-titanio-3/,Dióxido de Titânio - Assunção DistribuidoraAssunção Distribuidora,Corporate/content page,MANUFACTURER / SUPPLIER / OTHER,BRAZIL,[source_id=SERP-BRAZIL-PTBR-TIO2-SUPPLIER-20260829] Top-10 result set preserved; page-type mix supports the recorded intent.
fornecedor de dióxido de titânio Brasil,BRAZIL,2026-08-29,9,aromat.com.br,https://aromat.com.br/produto_categoria/dioxido-de-titanio/,Arquivos Dióxido de Titânio - Aromat | Distribuidora de Produtos Químicos,Corporate/content page,MANUFACTURER / SUPPLIER / OTHER,BRAZIL,[source_id=SERP-BRAZIL-PTBR-TIO2-SUPPLIER-20260829] Top-10 result set preserved; page-type mix supports the recorded intent.
fornecedor de dióxido de titânio Brasil,BRAZIL,2026-08-29,10,brenntag.com,https://www.brenntag.com/pt-br/produtos/dioxido-de-titanio.html,"Comprar Dióxido de Titânio: fornecedor, atacadista, distribuidor | Brenntag",Corporate/content page,MANUFACTURER / SUPPLIER / OTHER,BRAZIL,[source_id=SERP-BRAZIL-PTBR-TIO2-SUPPLIER-20260829] Top-10 result set preserved; page-type mix supports the recorded intent.
titanium dioxide anti dumping Europe EU,EU,2026-08-29,1,eur-lex.europa.eu,https://eur-lex.europa.eu/legal-content/EN/TXT/?uri=CELEX%3A32024R1617,Implementing regulation - EU - 2024/1617 - EN - EUR-Lex,Official/regulatory,NEITHER / OFFICIAL_OR_RESEARCH,EU,[source_id=SERP-EU-TIO2-ANTIDUMPING-20260829] Official legal/regulatory results dominate.
titanium dioxide anti dumping Europe EU,EU,2026-08-29,2,eur-lex.europa.eu,https://eur-lex.europa.eu/legal-content/EN/TXT/PDF/?uri=CELEX%3A52026XC04533,Notice of reopening the anti-dumping investigation concerning imports of titanium dioxide originating in the People’s Republic of China,Official/regulatory,NEITHER / OFFICIAL_OR_RESEARCH,EU,[source_id=SERP-EU-TIO2-ANTIDUMPING-20260829] Official legal/regulatory results dominate.
titanium dioxide anti dumping Europe EU,EU,2026-08-29,3,eur-lex.europa.eu,https://eur-lex.europa.eu/eli/reg_impl/2025/4/oj,Implementing regulation - EU - 2025/4 - EN - EUR-Lex,Official/regulatory,NEITHER / OFFICIAL_OR_RESEARCH,EU,[source_id=SERP-EU-TIO2-ANTIDUMPING-20260829] Official legal/regulatory results dominate.
titanium dioxide anti dumping Europe EU,EU,2026-08-29,4,eur-lex.europa.eu,https://eur-lex.europa.eu/legal-content/EN/TXT/?uri=CELEX%3A32024R1923,Implementing regulation - EU - 2024/1923 - EL - EUR-Lex,Official/regulatory,NEITHER / OFFICIAL_OR_RESEARCH,EU,[source_id=SERP-EU-TIO2-ANTIDUMPING-20260829] Official legal/regulatory results dominate.
titanium dioxide anti dumping Europe EU,EU,2026-08-29,5,eur-lex.europa.eu,https://eur-lex.europa.eu/legal-content/EN/TXT/?qid=1785006480178&uri=CELEX%3A52026XC04533,EUR-Lex - 52026XC04533 - EN - EUR-Lex,Official/regulatory,NEITHER / OFFICIAL_OR_RESEARCH,EU,[source_id=SERP-EU-TIO2-ANTIDUMPING-20260829] Official legal/regulatory results dominate.
titanium dioxide anti dumping Europe EU,EU,2026-08-29,6,policy.trade.ec.europa.eu,https://policy.trade.ec.europa.eu/news/eu-acts-counter-dumping-titanium-dioxide-china-2025-01-09_en?prefLang=cs,EU acts to counter dumping of titanium dioxide from China,Product/grade/datasheet page,MANUFACTURER / SUPPLIER / OTHER,EU,[source_id=SERP-EU-TIO2-ANTIDUMPING-20260829] Official legal/regulatory results dominate.
titanium dioxide anti dumping Europe EU,EU,2026-08-29,7,eur-lex.europa.eu,https://eur-lex.europa.eu/legal-content/EN/TXT/?qid=1783977845882&uri=CELEX%3A32024R1923,Implementing regulation - EU - 2024/1923 - EN - EUR-Lex,Official/regulatory,NEITHER / OFFICIAL_OR_RESEARCH,EU,[source_id=SERP-EU-TIO2-ANTIDUMPING-20260829] Official legal/regulatory results dominate.
titanium dioxide anti dumping Europe EU,EU,2026-08-29,8,policy.trade.ec.europa.eu,https://policy.trade.ec.europa.eu/enforcement-and-protection/trade-defence/anti-dumping-measures_en,Anti-dumping measures,Corporate/content page,MANUFACTURER / SUPPLIER / OTHER,EU,[source_id=SERP-EU-TIO2-ANTIDUMPING-20260829] Official legal/regulatory results dominate.
titanium dioxide anti dumping Europe EU,EU,2026-08-29,9,eur-lex.europa.eu,https://eur-lex.europa.eu/legal-content/FR/ALL/?uri=CELEX%3A32024R1923,Règlement d’exécution - UE - 2024/1923 - EN - EUR-Lex,Official/regulatory,NEITHER / OFFICIAL_OR_RESEARCH,EU,[source_id=SERP-EU-TIO2-ANTIDUMPING-20260829] Official legal/regulatory results dominate.
titanium dioxide anti dumping Europe EU,EU,2026-08-29,10,europarl.europa.eu,https://www.europarl.europa.eu/doceo/document/E-10-2024-002612_EN.html,Parliamentary question | Adverse consequences of imposing import duties on titanium dioxide | E-002612/2024 | European Parliament,Product/grade/datasheet page,MANUFACTURER / SUPPLIER / OTHER,EU,[source_id=SERP-EU-TIO2-ANTIDUMPING-20260829] Official legal/regulatory results dominate.
titanium dioxide supplier Europe,EU,2026-08-29,1,europages.co.uk,https://www.europages.co.uk/companies/titanium-dioxide.html,Titanium Dioxide – B2B Companies & Suppliers | Europages,Marketplace/directory,DIRECTORY / MARKETPLACE,EU,[source_id=SERP-EU-TIO2-SUPPLIER-20260829] Top-10 result set preserved; page-type mix supports the recorded intent.
titanium dioxide supplier Europe,EU,2026-08-29,2,europages.co.uk,https://www.europages.co.uk/companies/manufacturer%20producer/titanium-dioxide.html,Titanium Dioxide Manufacturer/Producer | B2B companies and suppliers | europages,Marketplace/directory,DIRECTORY / MARKETPLACE,EU,[source_id=SERP-EU-TIO2-SUPPLIER-20260829] Top-10 result set preserved; page-type mix supports the recorded intent.
titanium dioxide supplier Europe,EU,2026-08-29,3,solechem.eu,https://www.solechem.eu/titanium-dioxide/,Titanium Dioxide - SoleChem,Product/grade/datasheet page,MANUFACTURER / SUPPLIER / OTHER,EU,[source_id=SERP-EU-TIO2-SUPPLIER-20260829] Top-10 result set preserved; page-type mix supports the recorded intent.
titanium dioxide supplier Europe,EU,2026-08-29,4,europages.co.uk,https://www.europages.co.uk/en/showroom/titanium-dioxide-powder,Titanium Dioxide Powder Suppliers | Wide Selection of Trusted Manufacturers | europages,Marketplace/directory,DIRECTORY / MARKETPLACE,EU,[source_id=SERP-EU-TIO2-SUPPLIER-20260829] Top-10 result set preserved; page-type mix supports the recorded intent.
titanium dioxide supplier Europe,EU,2026-08-29,5,europages.co.uk,https://www.europages.co.uk/companies/wholesaler/titanium-dioxide.html,Titanium Dioxide Wholesaler | B2B companies and suppliers | europages,Marketplace/directory,DIRECTORY / MARKETPLACE,EU,[source_id=SERP-EU-TIO2-SUPPLIER-20260829] Top-10 result set preserved; page-type mix supports the recorded intent.
titanium dioxide supplier Europe,EU,2026-08-29,6,europages.co.uk,https://www.europages.co.uk/companies/distributor/titanium-dioxide.html,Titanium Dioxide Distributor | B2B companies and suppliers | europages,Marketplace/directory,DIRECTORY / MARKETPLACE,EU,[source_id=SERP-EU-TIO2-SUPPLIER-20260829] Top-10 result set preserved; page-type mix supports the recorded intent.
titanium dioxide supplier Europe,EU,2026-08-29,7,kronosww.com,https://www.kronosww.com/titanium-dioxide-supplier/,Titanium Dioxide Supplier | KRONOS High-Performance TiO₂,Product/grade/datasheet page,DISTRIBUTOR / SUPPLIER,EU,[source_id=SERP-EU-TIO2-SUPPLIER-20260829] Top-10 result set preserved; page-type mix supports the recorded intent.
titanium dioxide supplier Europe,EU,2026-08-29,8,tinoxchem.com,https://tinoxchem.com/,Titanium Dioxide Supplier from Germany | Tinox Chemie GmbH,Product/grade/datasheet page,DISTRIBUTOR / SUPPLIER,EU,[source_id=SERP-EU-TIO2-SUPPLIER-20260829] Top-10 result set preserved; page-type mix supports the recorded intent.
titanium dioxide supplier Europe,EU,2026-08-29,9,europages.co.uk,https://www.europages.co.uk/companies/distributor/titanium-dioxide-rutile.html,titanium dioxide rutile Distributor | B2B companies and suppliers | europages,Marketplace/directory,DIRECTORY / MARKETPLACE,EU,[source_id=SERP-EU-TIO2-SUPPLIER-20260829] Top-10 result set preserved; page-type mix supports the recorded intent.
titanium dioxide supplier Europe,EU,2026-08-29,10,tdma.info,https://www.tdma.info/,Home - TDMA,Corporate/content page,MANUFACTURER / SUPPLIER / OTHER,EU,[source_id=SERP-EU-TIO2-SUPPLIER-20260829] Top-10 result set preserved; page-type mix supports the recorded intent.
malaysia titanium dioxide supplier manufacturer,GLOBAL,2026-08-29,1,mytio2.com,https://www.mytio2.com/,Malaysia Rutile Titanium Dioxide Manufacturer | IKHLAS,Product/grade/datasheet page,MANUFACTURER / SUPPLIER / OTHER,MULTIPLE / UNAVAILABLE,[source_id=SERP-GLOBAL-MY-TIO2-SUPPLIER-20260829] Malaysia supplier/manufacturer intent is visible.
malaysia titanium dioxide supplier manufacturer,GLOBAL,2026-08-29,2,kronosww.com,https://www.kronosww.com/country/malaysia/,"Malaysia Archives - KRONOS Worldwide, Inc",Corporate/content page,MANUFACTURER / SUPPLIER / OTHER,MULTIPLE / UNAVAILABLE,[source_id=SERP-GLOBAL-MY-TIO2-SUPPLIER-20260829] Malaysia supplier/manufacturer intent is visible.
malaysia titanium dioxide supplier manufacturer,GLOBAL,2026-08-29,3,trademo.com,https://www.trademo.com/malaysia/manufacturers/titanium-dioxide,Titanium Dioxide Manufacturers & Suppliers in Malaysia | Trademo,Marketplace/directory,DIRECTORY / MARKETPLACE,MULTIPLE / UNAVAILABLE,[source_id=SERP-GLOBAL-MY-TIO2-SUPPLIER-20260829] Malaysia supplier/manufacturer intent is visible.
malaysia titanium dioxide supplier manufacturer,GLOBAL,2026-08-29,4,purika.my,https://www.purika.my/,Purika Industries Sdn Bhd,Corporate/content page,MANUFACTURER / SUPPLIER / OTHER,MULTIPLE / UNAVAILABLE,[source_id=SERP-GLOBAL-MY-TIO2-SUPPLIER-20260829] Malaysia supplier/manufacturer intent is visible.
malaysia titanium dioxide supplier manufacturer,GLOBAL,2026-08-29,5,volza.com,https://www.volza.com/p/titanium-dioxide/manufacturers/manufacturers-in-malaysia/,Titanium Dioxide Suppliers from Malaysia - Volza,Product/grade/datasheet page,DISTRIBUTOR / SUPPLIER,MULTIPLE / UNAVAILABLE,[source_id=SERP-GLOBAL-MY-TIO2-SUPPLIER-20260829] Malaysia supplier/manufacturer intent is visible.
malaysia titanium dioxide supplier manufacturer,GLOBAL,2026-08-29,6,volza.com,https://www.volza.com/p/titanium-dioxide-pigment/manufacturers/manufacturers-in-malaysia/,Titanium Dioxide Pigment Suppliers in Malaysia Aug-26 | Volza,Product/grade/datasheet page,DISTRIBUTOR / SUPPLIER,MULTIPLE / UNAVAILABLE,[source_id=SERP-GLOBAL-MY-TIO2-SUPPLIER-20260829] Malaysia supplier/manufacturer intent is visible.
malaysia titanium dioxide supplier manufacturer,GLOBAL,2026-08-29,7,volza.com,https://www.volza.com/p/titanium-dioxide-pigment/suppliers-directory/suppliers-in-malaysia/,Titanium Dioxide Pigment Suppliers in Malaysia Aug-26 | Volza,Product/grade/datasheet page,DISTRIBUTOR / SUPPLIER,MULTIPLE / UNAVAILABLE,[source_id=SERP-GLOBAL-MY-TIO2-SUPPLIER-20260829] Malaysia supplier/manufacturer intent is visible.
malaysia titanium dioxide supplier manufacturer,GLOBAL,2026-08-29,8,volza.com,https://www.volza.com/p/titanium-oxide/manufacturers/manufacturers-in-malaysia/,Titanium Oxide Suppliers from Malaysia - Volza,Supplier/manufacturer/distributor page,DISTRIBUTOR / SUPPLIER,MULTIPLE / UNAVAILABLE,[source_id=SERP-GLOBAL-MY-TIO2-SUPPLIER-20260829] Malaysia supplier/manufacturer intent is visible.
malaysia titanium dioxide supplier manufacturer,GLOBAL,2026-08-29,9,tradeindia.com,https://www.tradeindia.com/my/titanium-dioxide.html,"Titanium Dioxide in Malaysia, Titanium Dioxide Manufacturers & Suppliers in Malaysia",Marketplace/directory,DIRECTORY / MARKETPLACE,MULTIPLE / UNAVAILABLE,[source_id=SERP-GLOBAL-MY-TIO2-SUPPLIER-20260829] Malaysia supplier/manufacturer intent is visible.
malaysia titanium dioxide supplier manufacturer,GLOBAL,2026-08-29,10,focuspigment.com.my,https://www.focuspigment.com.my/,Focus Pigment,Product/grade/datasheet page,MANUFACTURER / SUPPLIER / OTHER,MULTIPLE / UNAVAILABLE,[source_id=SERP-GLOBAL-MY-TIO2-SUPPLIER-20260829] Malaysia supplier/manufacturer intent is visible.
titanium dioxide for coatings pigment supplier,GLOBAL,2026-08-29,1,eastmaterials.com,https://www.eastmaterials.com/products/titanium-dioxide/,"Titanium Dioxide (TiO₂) — Rutile & Anatase Pigment Grades for Coatings, Plastics, Paper, Inks, and Cosmetics | East Materials",Product/grade/datasheet page,MANUFACTURER / SUPPLIER / OTHER,MULTIPLE / UNAVAILABLE,[source_id=SERP-GLOBAL-TIO2-COATINGS-20260829] Top-10 result set preserved; page-type mix supports the recorded intent.
titanium dioxide for coatings pigment supplier,GLOBAL,2026-08-29,2,tipure.com,https://www.tipure.com/en/products/coatings,Titanium Dioxide Solutions for Coatings | Ti-Pure™ TiO₂ by Chemours,Product/grade/datasheet page,MANUFACTURER / SUPPLIER / OTHER,MULTIPLE / UNAVAILABLE,[source_id=SERP-GLOBAL-TIO2-COATINGS-20260829] Top-10 result set preserved; page-type mix supports the recorded intent.
titanium dioxide for coatings pigment supplier,GLOBAL,2026-08-29,3,tioxin.com,https://tioxin.com/,Titanium Dioxide Manufacturer & Industrial Chemical Supplier,Product/grade/datasheet page,DISTRIBUTOR / SUPPLIER,MULTIPLE / UNAVAILABLE,[source_id=SERP-GLOBAL-TIO2-COATINGS-20260829] Top-10 result set preserved; page-type mix supports the recorded intent.
titanium dioxide for coatings pigment supplier,GLOBAL,2026-08-29,4,ineos.com,https://www.ineos.com/businesses/ineos-enterprises/businesses/ineos-pigments/products/titanium-dioxide/,Titanium dioxide | INEOS Pigments,Product/grade/datasheet page,MANUFACTURER / SUPPLIER / OTHER,MULTIPLE / UNAVAILABLE,[source_id=SERP-GLOBAL-TIO2-COATINGS-20260829] Top-10 result set preserved; page-type mix supports the recorded intent.
titanium dioxide for coatings pigment supplier,GLOBAL,2026-08-29,5,kronosww.com,https://www.kronosww.com/page_part/coatings/,"Coatings - KRONOS Worldwide, Inc",Corporate/content page,MANUFACTURER / SUPPLIER / OTHER,MULTIPLE / UNAVAILABLE,[source_id=SERP-GLOBAL-TIO2-COATINGS-20260829] Top-10 result set preserved; page-type mix supports the recorded intent.
titanium dioxide for coatings pigment supplier,GLOBAL,2026-08-29,6,roccglobal.com,https://roccglobal.com/products/titanium-dioxide,Titanium Dioxide - Premium White Pigment for Paints and Coatings | ROCC Global,Product/grade/datasheet page,MANUFACTURER / SUPPLIER / OTHER,MULTIPLE / UNAVAILABLE,[source_id=SERP-GLOBAL-TIO2-COATINGS-20260829] Top-10 result set preserved; page-type mix supports the recorded intent.
titanium dioxide for coatings pigment supplier,GLOBAL,2026-08-29,7,tronox.com,https://www.tronox.com/products/titanium-dioxide/,Titanium Dioxide (TiO2) - Tronox,Product/grade/datasheet page,MANUFACTURER / SUPPLIER / OTHER,MULTIPLE / UNAVAILABLE,[source_id=SERP-GLOBAL-TIO2-COATINGS-20260829] Top-10 result set preserved; page-type mix supports the recorded intent.
titanium dioxide for coatings pigment supplier,GLOBAL,2026-08-29,8,tinoxchem.com,https://tinoxchem.com/products,"Titanium Dioxide Products | TINOX TiO2 Pigments, WMB & TPW",Product/grade/datasheet page,MANUFACTURER / SUPPLIER / OTHER,MULTIPLE / UNAVAILABLE,[source_id=SERP-GLOBAL-TIO2-COATINGS-20260829] Top-10 result set preserved; page-type mix supports the recorded intent.
titanium dioxide for coatings pigment supplier,GLOBAL,2026-08-29,9,nagase.com,https://www.nagase.com/us/en/products/tipaque-cr-50,Tipaque CR-50 | NAGASE,Corporate/content page,MANUFACTURER / SUPPLIER / OTHER,MULTIPLE / UNAVAILABLE,[source_id=SERP-GLOBAL-TIO2-COATINGS-20260829] Top-10 result set preserved; page-type mix supports the recorded intent.
titanium dioxide for coatings pigment supplier,GLOBAL,2026-08-29,10,specialchem.com,https://www.specialchem.com/coatings/pf-titanium-dioxide/all-products?sy=powder-coatings,Find Titanium Dioxide perfectly suited for your Coatings and Inks,Product/grade/datasheet page,MANUFACTURER / SUPPLIER / OTHER,MULTIPLE / UNAVAILABLE,[source_id=SERP-GLOBAL-TIO2-COATINGS-20260829] Top-10 result set preserved; page-type mix supports the recorded intent.
titanium dioxide for masterbatch supplier,GLOBAL,2026-08-29,1,jiutatitanium.com,https://jiutatitanium.com/masterbatch.html,Jiuta TiO2 | Masterbatch Grade Rutile TiO2 | JTR 799 799T 719 599,Product/grade/datasheet page,MANUFACTURER / SUPPLIER / OTHER,MULTIPLE / UNAVAILABLE,[source_id=SERP-GLOBAL-TIO2-FOR-MASTERBATCH-20260829] Top-10 result set preserved; page-type mix supports the recorded intent.
titanium dioxide for masterbatch supplier,GLOBAL,2026-08-29,2,keyangchemical.com,https://www.keyangchemical.com/products/masterbatch/titanium-dioxide-masterbatch/,"Titanium dioxide Masterbatch - Shandong Keyang Chemical Co., Ltd.",Product/grade/datasheet page,MANUFACTURER / SUPPLIER / OTHER,MULTIPLE / UNAVAILABLE,[source_id=SERP-GLOBAL-TIO2-FOR-MASTERBATCH-20260829] Top-10 result set preserved; page-type mix supports the recorded intent.
titanium dioxide for masterbatch supplier,GLOBAL,2026-08-29,3,sunbangtio2.com,https://www.sunbangtio2.com/titanium-dioxide-for-masterbatch/,"China Titanium Dioxide For Masterbatch Manufacturers and Suppliers, Factory | Sun Bang",Product/grade/datasheet page,DISTRIBUTOR / SUPPLIER,MULTIPLE / UNAVAILABLE,[source_id=SERP-GLOBAL-TIO2-FOR-MASTERBATCH-20260829] Top-10 result set preserved; page-type mix supports the recorded intent.
titanium dioxide for masterbatch supplier,GLOBAL,2026-08-29,4,tinoxchem.com,https://tinoxchem.com/applications/plastics,Titanium Dioxide for Plastics & Masterbatch | TINOX TiO? Pigments,Product/grade/datasheet page,MANUFACTURER / SUPPLIER / OTHER,MULTIPLE / UNAVAILABLE,[source_id=SERP-GLOBAL-TIO2-FOR-MASTERBATCH-20260829] Top-10 result set preserved; page-type mix supports the recorded intent.
titanium dioxide for masterbatch supplier,GLOBAL,2026-08-29,5,zhongfuhai.com,https://www.zhongfuhai.com/products/white-masterbatch,White Masterbatch (TiO₂) for Film & Injection | ZFH®,Corporate/content page,MANUFACTURER / SUPPLIER / OTHER,MULTIPLE / UNAVAILABLE,[source_id=SERP-GLOBAL-TIO2-FOR-MASTERBATCH-20260829] Top-10 result set preserved; page-type mix supports the recorded intent.
titanium dioxide for masterbatch supplier,GLOBAL,2026-08-29,6,sunbangtio2.com,https://www.sunbangtio2.com/br-3668-titanium-dioxide-for-masterbatch-and-plastic-product/,BR-3668 titanium dioxide for masterbatch and plastic - Manufacturer and Supplier | Sun Bang,Product/grade/datasheet page,DISTRIBUTOR / SUPPLIER,MULTIPLE / UNAVAILABLE,[source_id=SERP-GLOBAL-TIO2-FOR-MASTERBATCH-20260829] Top-10 result set preserved; page-type mix supports the recorded intent.
titanium dioxide for masterbatch supplier,GLOBAL,2026-08-29,7,tinoxchem.com,https://tinoxchem.com/products,"Titanium Dioxide Products | TINOX TiO2 Pigments, WMB & TPW",Product/grade/datasheet page,MANUFACTURER / SUPPLIER / OTHER,MULTIPLE / UNAVAILABLE,[source_id=SERP-GLOBAL-TIO2-FOR-MASTERBATCH-20260829] Top-10 result set preserved; page-type mix supports the recorded intent.
titanium dioxide for masterbatch supplier,GLOBAL,2026-08-29,8,xmtio2.com,https://www.xmtio2.com/masterbatch-material-for-plastic-manufacturing/,Masterbatch Material For Plastic Manufacturing,Corporate/content page,MANUFACTURER / SUPPLIER / OTHER,MULTIPLE / UNAVAILABLE,[source_id=SERP-GLOBAL-TIO2-FOR-MASTERBATCH-20260829] Top-10 result set preserved; page-type mix supports the recorded intent.
titanium dioxide for masterbatch supplier,GLOBAL,2026-08-29,9,aiokasm.com,https://aiokasm.com/products/titanium-dioxide,Titanium Dioxide (Rutile & Anatase) Grades | Aiokasm Exim,Product/grade/datasheet page,MANUFACTURER / SUPPLIER / OTHER,MULTIPLE / UNAVAILABLE,[source_id=SERP-GLOBAL-TIO2-FOR-MASTERBATCH-20260829] Top-10 result set preserved; page-type mix supports the recorded intent.
titanium dioxide for masterbatch supplier,GLOBAL,2026-08-29,10,instamine.in,https://instamine.in/cr602.html,CR602,Corporate/content page,MANUFACTURER / SUPPLIER / OTHER,MULTIPLE / UNAVAILABLE,[source_id=SERP-GLOBAL-TIO2-FOR-MASTERBATCH-20260829] Top-10 result set preserved; page-type mix supports the recorded intent.
titanium dioxide for plastics pigment supplier,GLOBAL,2026-08-29,1,tipure.com,https://www.tipure.com/en/products/plastics,TiO₂ Solutions & Pigments for Plastics | Ti-Pure™ by Chemours,Product/grade/datasheet page,MANUFACTURER / SUPPLIER / OTHER,MULTIPLE / UNAVAILABLE,[source_id=SERP-GLOBAL-TIO2-PLASTICS-20260829] Top-10 result set preserved; page-type mix supports the recorded intent.
titanium dioxide for plastics pigment supplier,GLOBAL,2026-08-29,2,eastmaterials.com,https://www.eastmaterials.com/products/titanium-dioxide/,"Titanium Dioxide (TiO₂) — Rutile & Anatase Pigment Grades for Coatings, Plastics, Paper, Inks, and Cosmetics | East Materials",Product/grade/datasheet page,MANUFACTURER / SUPPLIER / OTHER,MULTIPLE / UNAVAILABLE,[source_id=SERP-GLOBAL-TIO2-PLASTICS-20260829] Top-10 result set preserved; page-type mix supports the recorded intent.
titanium dioxide for plastics pigment supplier,GLOBAL,2026-08-29,3,kronosww.com,https://www.kronosww.com/page_part/plastics/,"Plastics - KRONOS Worldwide, Inc",Corporate/content page,MANUFACTURER / SUPPLIER / OTHER,MULTIPLE / UNAVAILABLE,[source_id=SERP-GLOBAL-TIO2-PLASTICS-20260829] Top-10 result set preserved; page-type mix supports the recorded intent.
titanium dioxide for plastics pigment supplier,GLOBAL,2026-08-29,4,tinoxchem.com,https://tinoxchem.com/,Titanium Dioxide Supplier from Germany | Tinox Chemie GmbH,Product/grade/datasheet page,DISTRIBUTOR / SUPPLIER,MULTIPLE / UNAVAILABLE,[source_id=SERP-GLOBAL-TIO2-PLASTICS-20260829] Top-10 result set preserved; page-type mix supports the recorded intent.
titanium dioxide for plastics pigment supplier,GLOBAL,2026-08-29,5,tinoxchem.com,https://tinoxchem.com/applications/plastics,Titanium Dioxide for Plastics & Masterbatch | TINOX TiO? Pigments,Product/grade/datasheet page,MANUFACTURER / SUPPLIER / OTHER,MULTIPLE / UNAVAILABLE,[source_id=SERP-GLOBAL-TIO2-PLASTICS-20260829] Top-10 result set preserved; page-type mix supports the recorded intent.
titanium dioxide for plastics pigment supplier,GLOBAL,2026-08-29,6,ineos.com,https://www.ineos.com/businesses/ineos-enterprises/businesses/ineos-pigments/products/titanium-dioxide/,Titanium dioxide | INEOS Pigments,Product/grade/datasheet page,MANUFACTURER / SUPPLIER / OTHER,MULTIPLE / UNAVAILABLE,[source_id=SERP-GLOBAL-TIO2-PLASTICS-20260829] Top-10 result set preserved; page-type mix supports the recorded intent.
titanium dioxide for plastics pigment supplier,GLOBAL,2026-08-29,7,lomonbillions.global,https://www.lomonbillions.global/products/billions-lr-108/,BILLIONS™ LR-108 - LB Group | LB Group,Corporate/content page,MANUFACTURER / SUPPLIER / OTHER,MULTIPLE / UNAVAILABLE,[source_id=SERP-GLOBAL-TIO2-PLASTICS-20260829] Top-10 result set preserved; page-type mix supports the recorded intent.
titanium dioxide for plastics pigment supplier,GLOBAL,2026-08-29,8,tipure.com,https://www.tipure.com/en/applications/plastics,Ti-Pure™ TiO₂ by Chemours Titanium Dioxide Solutions for Plastics,Product/grade/datasheet page,MANUFACTURER / SUPPLIER / OTHER,MULTIPLE / UNAVAILABLE,[source_id=SERP-GLOBAL-TIO2-PLASTICS-20260829] Top-10 result set preserved; page-type mix supports the recorded intent.
titanium dioxide for plastics pigment supplier,GLOBAL,2026-08-29,9,tronox.com,https://www.tronox.com/products/titanium-dioxide/,Titanium Dioxide (TiO2) - Tronox,Product/grade/datasheet page,MANUFACTURER / SUPPLIER / OTHER,MULTIPLE / UNAVAILABLE,[source_id=SERP-GLOBAL-TIO2-PLASTICS-20260829] Top-10 result set preserved; page-type mix supports the recorded intent.
titanium dioxide for plastics pigment supplier,GLOBAL,2026-08-29,10,lomonbillions.global,https://www.lomonbillions.global/products/billions-blr-886/,BILLIONS™ BLR-886 - LB Group | LB Group,Corporate/content page,MANUFACTURER / SUPPLIER / OTHER,MULTIPLE / UNAVAILABLE,[source_id=SERP-GLOBAL-TIO2-PLASTICS-20260829] Top-10 result set preserved; page-type mix supports the recorded intent.
titanium dioxide masterbatch,GLOBAL,2026-08-29,1,dic-global.com,https://www.dic-global.com/en/products/function_master/titanium/,Titanium Dioxide Masterbatches | Business & Products | DIC Corporation,Product/grade/datasheet page,MANUFACTURER / SUPPLIER / OTHER,MULTIPLE / UNAVAILABLE,[source_id=SERP-GLOBAL-TIO2-MASTERBATCH-20260829] Finished masterbatch/patent intent differs from pigment-for-masterbatch intent.
titanium dioxide masterbatch,GLOBAL,2026-08-29,2,charmingmb.com,https://www.charmingmb.com/2026/05/20/what-is-tio2-masterbatch/,What Is TiO2 Masterbatch? - Charming Masterbatch,Corporate/content page,MANUFACTURER / SUPPLIER / OTHER,MULTIPLE / UNAVAILABLE,[source_id=SERP-GLOBAL-TIO2-MASTERBATCH-20260829] Finished masterbatch/patent intent differs from pigment-for-masterbatch intent.
titanium dioxide masterbatch,GLOBAL,2026-08-29,3,patents.google.com,https://patents.google.com/patent/CN106905669B/en,CN106905669B - A kind of titanium dioxide Masterbatch and preparation method thereof - Google Patents,Patent/research,NEITHER / OFFICIAL_OR_RESEARCH,MULTIPLE / UNAVAILABLE,[source_id=SERP-GLOBAL-TIO2-MASTERBATCH-20260829] Finished masterbatch/patent intent differs from pigment-for-masterbatch intent.
titanium dioxide masterbatch,GLOBAL,2026-08-29,4,ics-masterbatch.com,https://www.ics-masterbatch.com/en/white-masterbatch_1,White Masterbatch | ICS,Corporate/content page,MANUFACTURER / SUPPLIER / OTHER,MULTIPLE / UNAVAILABLE,[source_id=SERP-GLOBAL-TIO2-MASTERBATCH-20260829] Finished masterbatch/patent intent differs from pigment-for-masterbatch intent.
titanium dioxide masterbatch,GLOBAL,2026-08-29,5,chrostiki.com,https://www.chrostiki.com/en/products/21/94/products-masterbatches/mastertint-white/,Mastertint White | Masterbatches | Chrostiki S.A.,Corporate/content page,MANUFACTURER / SUPPLIER / OTHER,MULTIPLE / UNAVAILABLE,[source_id=SERP-GLOBAL-TIO2-MASTERBATCH-20260829] Finished masterbatch/patent intent differs from pigment-for-masterbatch intent.
titanium dioxide masterbatch,GLOBAL,2026-08-29,6,zhongfuhai.com,https://www.zhongfuhai.com/products/white-masterbatch,White Masterbatch (TiO₂) for Film & Injection | ZFH®,Corporate/content page,MANUFACTURER / SUPPLIER / OTHER,MULTIPLE / UNAVAILABLE,[source_id=SERP-GLOBAL-TIO2-MASTERBATCH-20260829] Finished masterbatch/patent intent differs from pigment-for-masterbatch intent.
titanium dioxide masterbatch,GLOBAL,2026-08-29,7,polytecmb.com,https://polytecmb.com/news-%26-events/f/titanium-dioxide-tio%E2%82%82-in-masterbatch-plastics,Titanium Dioxide (TiO₂) in Masterbatch & Plastics,Product/grade/datasheet page,MANUFACTURER / SUPPLIER / OTHER,MULTIPLE / UNAVAILABLE,[source_id=SERP-GLOBAL-TIO2-MASTERBATCH-20260829] Finished masterbatch/patent intent differs from pigment-for-masterbatch intent.
titanium dioxide masterbatch,GLOBAL,2026-08-29,8,patents.google.com,https://patents.google.com/patent/JP2004018657A/en,"JP2004018657A - Method for producing titanium dioxide-containing masterbatch, titanium dioxide-containing masterbatch and molded article - Google Patents",Patent/research,NEITHER / OFFICIAL_OR_RESEARCH,MULTIPLE / UNAVAILABLE,[source_id=SERP-GLOBAL-TIO2-MASTERBATCH-20260829] Finished masterbatch/patent intent differs from pigment-for-masterbatch intent.
titanium dioxide masterbatch,GLOBAL,2026-08-29,9,atzaa.com,https://atzaa.com/white/,White – ATZAA,Corporate/content page,MANUFACTURER / SUPPLIER / OTHER,MULTIPLE / UNAVAILABLE,[source_id=SERP-GLOBAL-TIO2-MASTERBATCH-20260829] Finished masterbatch/patent intent differs from pigment-for-masterbatch intent.
titanium dioxide masterbatch,GLOBAL,2026-08-29,10,nuoxinplastic.com,https://nuoxinplastic.com/tio2-masterbatch-how-it-improves-whiteness-coverage-and-uv-stability/,"TiO2 Masterbatch: How It Improves Whiteness, Coverage, and UV Stability",Corporate/content page,MANUFACTURER / SUPPLIER / OTHER,MULTIPLE / UNAVAILABLE,[source_id=SERP-GLOBAL-TIO2-MASTERBATCH-20260829] Finished masterbatch/patent intent differs from pigment-for-masterbatch intent.
titanium dioxide REACH registration supplier,GLOBAL,2026-08-29,1,reachcentrum.eu,https://www.reachcentrum.eu/consortia/titanium-dioxide-industry-tdic-reach-consortium/,Titanium Dioxide Industry TDIC,Official/regulatory,NEITHER / OFFICIAL_OR_RESEARCH,MULTIPLE / UNAVAILABLE,[source_id=SERP-GLOBAL-TIO2-REACH-20260829] Top-10 result set preserved; page-type mix supports the recorded intent.
titanium dioxide REACH registration supplier,GLOBAL,2026-08-29,2,alibaba.com,https://www.alibaba.com/reach-titanium-dioxide-suppliers.html,"Reach Titanium Dioxide Suppliers, Manufacturer, Distributor, Factories, Alibaba",Marketplace/directory,DIRECTORY / MARKETPLACE,MULTIPLE / UNAVAILABLE,[source_id=SERP-GLOBAL-TIO2-REACH-20260829] Top-10 result set preserved; page-type mix supports the recorded intent.
titanium dioxide REACH registration supplier,GLOBAL,2026-08-29,3,tio2agents.com,https://tio2agents.com/,TiO2 Agents — Titanium Dioxide Supplier from China,Product/grade/datasheet page,DISTRIBUTOR / SUPPLIER,MULTIPLE / UNAVAILABLE,[source_id=SERP-GLOBAL-TIO2-REACH-20260829] Top-10 result set preserved; page-type mix supports the recorded intent.
titanium dioxide REACH registration supplier,GLOBAL,2026-08-29,4,mytio2.com,https://www.mytio2.com/,Malaysia Rutile Titanium Dioxide Manufacturer | IKHLAS,Product/grade/datasheet page,MANUFACTURER / SUPPLIER / OTHER,MULTIPLE / UNAVAILABLE,[source_id=SERP-GLOBAL-TIO2-REACH-20260829] Top-10 result set preserved; page-type mix supports the recorded intent.
titanium dioxide REACH registration supplier,GLOBAL,2026-08-29,5,tronox.com,https://www.tronox.com/download.php?path=20097,SAFETY DATA SHEET,Corporate/content page,MANUFACTURER / SUPPLIER / OTHER,MULTIPLE / UNAVAILABLE,[source_id=SERP-GLOBAL-TIO2-REACH-20260829] Top-10 result set preserved; page-type mix supports the recorded intent.
titanium dioxide REACH registration supplier,GLOBAL,2026-08-29,6,tronox.com,https://www.tronox.com/download.php?path=11623,Tronox Titanium Dioxide,Product/grade/datasheet page,MANUFACTURER / SUPPLIER / OTHER,MULTIPLE / UNAVAILABLE,[source_id=SERP-GLOBAL-TIO2-REACH-20260829] Top-10 result set preserved; page-type mix supports the recorded intent.
titanium dioxide REACH registration supplier,GLOBAL,2026-08-29,7,echa.europa.eu,https://echa.europa.eu/regulations/reach/registration,Registration - ECHA,Official/regulatory,MANUFACTURER / SUPPLIER / OTHER,MULTIPLE / UNAVAILABLE,[source_id=SERP-GLOBAL-TIO2-REACH-20260829] Top-10 result set preserved; page-type mix supports the recorded intent.
titanium dioxide REACH registration supplier,GLOBAL,2026-08-29,8,tronox.com,https://www.tronox.com/download.php?path=20740,SAFETY DATA SHEET,Corporate/content page,MANUFACTURER / SUPPLIER / OTHER,MULTIPLE / UNAVAILABLE,[source_id=SERP-GLOBAL-TIO2-REACH-20260829] Top-10 result set preserved; page-type mix supports the recorded intent.
titanium dioxide REACH registration supplier,GLOBAL,2026-08-29,9,tdma.info,https://www.tdma.info/safety/reach-regulation/,REACH Regulation - TDMA,Corporate/content page,MANUFACTURER / SUPPLIER / OTHER,MULTIPLE / UNAVAILABLE,[source_id=SERP-GLOBAL-TIO2-REACH-20260829] Top-10 result set preserved; page-type mix supports the recorded intent.
titanium dioxide REACH registration supplier,GLOBAL,2026-08-29,10,tronox.com,https://www.tronox.com/download.php?path=12010,Tronox Titanium Dioxide,Product/grade/datasheet page,MANUFACTURER / SUPPLIER / OTHER,MULTIPLE / UNAVAILABLE,[source_id=SERP-GLOBAL-TIO2-REACH-20260829] Top-10 result set preserved; page-type mix supports the recorded intent.
titanium dioxide supplier India,INDIA,2026-08-29,1,esaar.com,https://www.esaar.com/portfolio/titanium-dioxide/,Titanium Dioxide Suppliers India - Esaar for TiO2 | Esaar International Pvt. Ltd.,Product/grade/datasheet page,DISTRIBUTOR / SUPPLIER,INDIA,[source_id=SERP-INDIA-TIO2-SUPPLIER-20260829] Top-10 result set preserved; page-type mix supports the recorded intent.
titanium dioxide supplier India,INDIA,2026-08-29,2,bharatenterprises.org,https://bharatenterprises.org/,Bharat Enterprises | Titanium Dioxide Distributor | Ti-Pure Products,Product/grade/datasheet page,DISTRIBUTOR / SUPPLIER,INDIA,[source_id=SERP-INDIA-TIO2-SUPPLIER-20260829] Top-10 result set preserved; page-type mix supports the recorded intent.
titanium dioxide supplier India,INDIA,2026-08-29,3,tradeindia.com,https://www.tradeindia.com/manufacturers/titanium-dioxide.html,"Titanium Dioxide Powder - Price, Manufacturers & Suppliers",Marketplace/directory,DIRECTORY / MARKETPLACE,INDIA,[source_id=SERP-INDIA-TIO2-SUPPLIER-20260829] Top-10 result set preserved; page-type mix supports the recorded intent.
titanium dioxide supplier India,INDIA,2026-08-29,4,pandoraindia.com,https://www.pandoraindia.com/titanium-dioxide,Titanium Dioxide Importer | Anatase & Rutile Grade,Product/grade/datasheet page,MANUFACTURER / SUPPLIER / OTHER,INDIA,[source_id=SERP-INDIA-TIO2-SUPPLIER-20260829] Top-10 result set preserved; page-type mix supports the recorded intent.
titanium dioxide supplier India,INDIA,2026-08-29,5,sudarshangroup.com,https://sudarshangroup.com/titanium-dioxide-manufacturers-in-india/,Titanium Dioxide Manufacturers in India | TiO2 Suppliers,Product/grade/datasheet page,DISTRIBUTOR / SUPPLIER,INDIA,[source_id=SERP-INDIA-TIO2-SUPPLIER-20260829] Top-10 result set preserved; page-type mix supports the recorded intent.
titanium dioxide supplier India,INDIA,2026-08-29,6,exportersindia.com,https://www.exportersindia.com/indian-suppliers/titanium-dioxide.htm,"Titanium Dioxide Manufacturers, Suppliers & Dealers",Product/grade/datasheet page,DISTRIBUTOR / SUPPLIER,INDIA,[source_id=SERP-INDIA-TIO2-SUPPLIER-20260829] Top-10 result set preserved; page-type mix supports the recorded intent.
titanium dioxide supplier India,INDIA,2026-08-29,7,titaniumdioxidesupplier.in,https://www.titaniumdioxidesupplier.in/,Titanium Dioxide Supplier | Rutile TiO₂ Supplier | Corechem Corporation,Product/grade/datasheet page,DISTRIBUTOR / SUPPLIER,INDIA,[source_id=SERP-INDIA-TIO2-SUPPLIER-20260829] Top-10 result set preserved; page-type mix supports the recorded intent.
titanium dioxide supplier India,INDIA,2026-08-29,8,dir.inquirybazaar.com,https://dir.inquirybazaar.com/category/titanium-dioxide,"Titanium Dioxide Manufacturers, Suppliers & Exporters | Inquiry Bazaar",Product/grade/datasheet page,DISTRIBUTOR / SUPPLIER,INDIA,[source_id=SERP-INDIA-TIO2-SUPPLIER-20260829] Top-10 result set preserved; page-type mix supports the recorded intent.
titanium dioxide supplier India,INDIA,2026-08-29,9,shankarchemical.com,https://www.shankarchemical.com/,"Trader - Wholesaler / Distributor of Titanium Dioxide Rutile by Shankar Chemicals, New Delhi",Product/grade/datasheet page,DISTRIBUTOR / SUPPLIER,INDIA,[source_id=SERP-INDIA-TIO2-SUPPLIER-20260829] Top-10 result set preserved; page-type mix supports the recorded intent.
titanium dioxide supplier India,INDIA,2026-08-29,10,titaniumdioxidesuppliers.com,https://titaniumdioxidesuppliers.com/,Titanium Dioxide Supplier in India | Aanya Enterprise,Product/grade/datasheet page,DISTRIBUTOR / SUPPLIER,INDIA,[source_id=SERP-INDIA-TIO2-SUPPLIER-20260829] Top-10 result set preserved; page-type mix supports the recorded intent.
titanium dioxide supplier UK,UK,2026-08-29,1,platergroup.co.uk,https://www.platergroup.co.uk/products/titanium-dioxide,Titanium Dioxide : Plater Group Ltd,Product/grade/datasheet page,DISTRIBUTOR / SUPPLIER,UK,[source_id=SERP-UK-TIO2-SUPPLIER-20260829] Top-10 result set preserved; page-type mix supports the recorded intent.
titanium dioxide supplier UK,UK,2026-08-29,2,devinechemicals.co.uk,https://www.devinechemicals.co.uk/about/,About - Devine Chemicals,Corporate/content page,MANUFACTURER / SUPPLIER / OTHER,UK,[source_id=SERP-UK-TIO2-SUPPLIER-20260829] Top-10 result set preserved; page-type mix supports the recorded intent.
titanium dioxide supplier UK,UK,2026-08-29,3,thermograde.com,https://thermograde.com/material/titanium-dioxide/,Titanium Dioxide (TiO2) UK Supplier | Thermograde,Product/grade/datasheet page,DISTRIBUTOR / SUPPLIER,UK,[source_id=SERP-UK-TIO2-SUPPLIER-20260829] Top-10 result set preserved; page-type mix supports the recorded intent.
titanium dioxide supplier UK,UK,2026-08-29,4,ukchemicalsuppliers.co.uk,https://www.ukchemicalsuppliers.co.uk/content/page/titanium-dioxide,"Titanium Dioxide UK Suppliers, Bulk Distributors and Wholesalers",Product/grade/datasheet page,DISTRIBUTOR / SUPPLIER,UK,[source_id=SERP-UK-TIO2-SUPPLIER-20260829] Top-10 result set preserved; page-type mix supports the recorded intent.
titanium dioxide supplier UK,UK,2026-08-29,5,nexchem.co.uk,https://www.nexchem.co.uk/titanium-dioxide/,Titanium Dioxide | Nexchem,Product/grade/datasheet page,MANUFACTURER / SUPPLIER / OTHER,UK,[source_id=SERP-UK-TIO2-SUPPLIER-20260829] Top-10 result set preserved; page-type mix supports the recorded intent.
titanium dioxide supplier UK,UK,2026-08-29,6,potclays.co.uk,https://www.potclays.co.uk/oxides-basic-materials-basic-materials/titanium-dioxide/,Titanium Dioxide | Potclays,Product/grade/datasheet page,MANUFACTURER / SUPPLIER / OTHER,UK,[source_id=SERP-UK-TIO2-SUPPLIER-20260829] Top-10 result set preserved; page-type mix supports the recorded intent.
titanium dioxide supplier UK,UK,2026-08-29,7,titaniumdioxide.eu,https://titaniumdioxide.eu/,Titanium Dioxide Sales,Product/grade/datasheet page,MANUFACTURER / SUPPLIER / OTHER,UK,[source_id=SERP-UK-TIO2-SUPPLIER-20260829] Top-10 result set preserved; page-type mix supports the recorded intent.
titanium dioxide supplier UK,UK,2026-08-29,8,inoxia.co.uk,https://www.inoxia.co.uk/products/chemicals/inorganic-compounds/titanium-dioxide,Buy Titanium Dioxide at Inoxia Ltd,Product/grade/datasheet page,MANUFACTURER / SUPPLIER / OTHER,UK,[source_id=SERP-UK-TIO2-SUPPLIER-20260829] Top-10 result set preserved; page-type mix supports the recorded intent.
titanium dioxide supplier UK,UK,2026-08-29,9,univarsolutions.co.uk,https://www.univarsolutions.co.uk/catalog/category/view/id/1960,Titanium Dioxide | Univar Solutions,Product/grade/datasheet page,DISTRIBUTOR / SUPPLIER,UK,[source_id=SERP-UK-TIO2-SUPPLIER-20260829] Top-10 result set preserved; page-type mix supports the recorded intent.
titanium dioxide supplier UK,UK,2026-08-29,10,univarsolutions.co.uk,https://www.univarsolutions.co.uk/product-categories-uk/additives-and-modifiers-uk/titanium-dioxide-uk?uk_rfq_only=1,Titanium Dioxide | Univar Solutions,Product/grade/datasheet page,DISTRIBUTOR / SUPPLIER,UK,[source_id=SERP-UK-TIO2-SUPPLIER-20260829] Top-10 result set preserved; page-type mix supports the recorded intent.
BLR-895 alternative equivalent titanium dioxide,GLOBAL,2026-08-29,1,tio2.wiki,https://www.tio2.wiki/products/blr-895,BLR-895 – Lomon Billions TiO₂ | TiO₂ Wiki,Corporate/content page,MANUFACTURER / SUPPLIER / OTHER,MULTIPLE / UNAVAILABLE,[source_id=SERP-REV-GRADE-BLR895-20260829] Grade-level SERP reviewed; datasheets/product/comparison results require TDS and application validation before any equivalence claim.
BLR-895 alternative equivalent titanium dioxide,GLOBAL,2026-08-29,2,industry.gov.au,https://www.industry.gov.au/sites/default/files/adc/public-record/2026-04/699-1-application-applicant-tronox-limited-application-of-investigation-on-titanium-dioxide_2.pdf,PUBLIC RECORD,Official/regulatory,NEITHER / OFFICIAL_OR_RESEARCH,MULTIPLE / UNAVAILABLE,[source_id=SERP-REV-GRADE-BLR895-20260829] Grade-level SERP reviewed; datasheets/product/comparison results require TDS and application validation before any equivalence claim.
BLR-895 alternative equivalent titanium dioxide,GLOBAL,2026-08-29,3,lomonbillions.global,https://www.lomonbillions.global/products/billions-blr-895/,BILLIONS™ BLR-895 - LB Group | LB Group,Corporate/content page,MANUFACTURER / SUPPLIER / OTHER,MULTIPLE / UNAVAILABLE,[source_id=SERP-REV-GRADE-BLR895-20260829] Grade-level SERP reviewed; datasheets/product/comparison results require TDS and application validation before any equivalence claim.
BLR-895 alternative equivalent titanium dioxide,GLOBAL,2026-08-29,4,linkedin.com,https://www.linkedin.com/pulse/optimizing-exterior-coatings-india-technical-guide-top-joe-zhou-buflc,Optimizing Exterior Coatings in India: A Technical Guide to the Top Chinese TiO2 Grades,Product/grade/datasheet page,MANUFACTURER / SUPPLIER / OTHER,MULTIPLE / UNAVAILABLE,[source_id=SERP-REV-GRADE-BLR895-20260829] Grade-level SERP reviewed; datasheets/product/comparison results require TDS and application validation before any equivalence claim.
BLR-895 alternative equivalent titanium dioxide,GLOBAL,2026-08-29,5,chemategroup.com,https://www.chemategroup.com/lomon-r895/,Lomon BLR-895 Titanium Dioxide TiO2 for Coating Applications,Product/grade/datasheet page,MANUFACTURER / SUPPLIER / OTHER,MULTIPLE / UNAVAILABLE,[source_id=SERP-REV-GRADE-BLR895-20260829] Grade-level SERP reviewed; datasheets/product/comparison results require TDS and application validation before any equivalence claim.
BLR-895 alternative equivalent titanium dioxide,GLOBAL,2026-08-29,6,botianchemical.com,https://www.botianchemical.com/sale-40050328-titanium-dioxide-lomon-billions-blr-895-tio2-white-pigment-for-paint-rutile-blr-895.html,Titanium Dioxide Lomon Billions BLR-895 TiO2 White Pigment for Paint Rutile BLR-895,Product/grade/datasheet page,MANUFACTURER / SUPPLIER / OTHER,MULTIPLE / UNAVAILABLE,[source_id=SERP-REV-GRADE-BLR895-20260829] Grade-level SERP reviewed; datasheets/product/comparison results require TDS and application validation before any equivalence claim.
BLR-895 alternative equivalent titanium dioxide,GLOBAL,2026-08-29,7,cqtitaniumdioxide.com,https://www.cqtitaniumdioxide.com/news/tio2-blr-895-industrial-grade-titanium-dioxide-p.html,TiO2 BLR-895 Industrial Grade Titanium Dioxide | Performance & Specs,Product/grade/datasheet page,MANUFACTURER / SUPPLIER / OTHER,MULTIPLE / UNAVAILABLE,[source_id=SERP-REV-GRADE-BLR895-20260829] Grade-level SERP reviewed; datasheets/product/comparison results require TDS and application validation before any equivalence claim.
BLR-895 alternative equivalent titanium dioxide,GLOBAL,2026-08-29,8,botianchemical.com,https://www.botianchemical.com/sale-40050236-tio2-lomon-billions-blr895-titanium-dioxide-made-in-china.html,TiO2 LOMON Billions BLR895 Titanium Dioxide Made in China,Product/grade/datasheet page,MANUFACTURER / SUPPLIER / OTHER,MULTIPLE / UNAVAILABLE,[source_id=SERP-REV-GRADE-BLR895-20260829] Grade-level SERP reviewed; datasheets/product/comparison results require TDS and application validation before any equivalence claim.
BLR-895 alternative equivalent titanium dioxide,GLOBAL,2026-08-29,9,cdn2.hubspot.net,https://cdn2.hubspot.net/hubfs/116018/TiO2.pdf,Description: BLR-,Corporate/content page,MANUFACTURER / SUPPLIER / OTHER,MULTIPLE / UNAVAILABLE,[source_id=SERP-REV-GRADE-BLR895-20260829] Grade-level SERP reviewed; datasheets/product/comparison results require TDS and application validation before any equivalence claim.
BLR-895 alternative equivalent titanium dioxide,GLOBAL,2026-08-29,10,botianchemical.com,https://www.botianchemical.com/sale-26532600-billions-blr-895-tio2-titanium-dioxide-powder-chloride-process.html,Billions BLR-895 TiO2 Titanium Dioxide Powder Chloride Process,Product/grade/datasheet page,MANUFACTURER / SUPPLIER / OTHER,MULTIPLE / UNAVAILABLE,[source_id=SERP-REV-GRADE-BLR895-20260829] Grade-level SERP reviewed; datasheets/product/comparison results require TDS and application validation before any equivalence claim.
buy titanium dioxide bulk,GLOBAL,2026-08-29,1,glentham.com,https://www.glentham.com/en/products/product/GX0703/,Titanium dioxide (CAS 13463-67-7) | Glentham Life Sciences,Product/grade/datasheet page,MANUFACTURER / SUPPLIER / OTHER,MULTIPLE / UNAVAILABLE,[source_id=SERP-REV-BUY-BULK-20260829] Direct commercial-modifier SERP is supplier/distributor/product-led; metrics remain Unavailable.
buy titanium dioxide bulk,GLOBAL,2026-08-29,2,spectrumchemical.com,https://www.spectrumchemical.com/pdfdetails/pdf/index/productSku/TI140/,Product Details,Product/grade/datasheet page,MANUFACTURER / SUPPLIER / OTHER,MULTIPLE / UNAVAILABLE,[source_id=SERP-REV-BUY-BULK-20260829] Direct commercial-modifier SERP is supplier/distributor/product-led; metrics remain Unavailable.
buy titanium dioxide bulk,GLOBAL,2026-08-29,3,aladdinsci.com,https://www.aladdinsci.com/us_en/titanium-oxide-aladdin-scientific-t294738.html,"Titanium oxide (Cas No 13463-67-7) ≥99.8% metals basis, 100-300nm,hydrophilic high purity and research grade | Aladdin Scientific",Product/grade/datasheet page,MANUFACTURER / SUPPLIER / OTHER,MULTIPLE / UNAVAILABLE,[source_id=SERP-REV-BUY-BULK-20260829] Direct commercial-modifier SERP is supplier/distributor/product-led; metrics remain Unavailable.
buy titanium dioxide bulk,GLOBAL,2026-08-29,4,fishersci.com,https://www.fishersci.com/shop/products/titanium-dioxide-spectrum-chemical/18614469,"Titanium Dioxide, Spectrum Chemical 45 kg | Buy Online | Spectrum Chemical Manufacturing Corporation | Fisher Scientific",Product/grade/datasheet page,MANUFACTURER / SUPPLIER / OTHER,MULTIPLE / UNAVAILABLE,[source_id=SERP-REV-BUY-BULK-20260829] Direct commercial-modifier SERP is supplier/distributor/product-led; metrics remain Unavailable.
buy titanium dioxide bulk,GLOBAL,2026-08-29,5,bulknaturalswholesale.com,https://www.bulknaturalswholesale.com/products/titanium-dioxide-usp-k-cosmetic-grade-mineral-uv-filter-opacifier,Titanium Dioxide USP K – Bulk Naturals,Product/grade/datasheet page,MANUFACTURER / SUPPLIER / OTHER,MULTIPLE / UNAVAILABLE,[source_id=SERP-REV-BUY-BULK-20260829] Direct commercial-modifier SERP is supplier/distributor/product-led; metrics remain Unavailable.
buy titanium dioxide bulk,GLOBAL,2026-08-29,6,aladdinsci.com,https://www.aladdinsci.com/us_en/titanium-oxide-rutile-aladdin-scientific-t104939.html,"Titanium oxide, rutile (Cas No 13463-67-7) ≥99.5% metals basis, powder,＜60nm particle size high purity and research grade | Aladdin Scientific",Product/grade/datasheet page,MANUFACTURER / SUPPLIER / OTHER,MULTIPLE / UNAVAILABLE,[source_id=SERP-REV-BUY-BULK-20260829] Direct commercial-modifier SERP is supplier/distributor/product-led; metrics remain Unavailable.
buy titanium dioxide bulk,GLOBAL,2026-08-29,7,fishersci.com,https://www.fishersci.com/shop/products/titanium-dioxide-technical-spectrum-chemical/18607423,"Titanium Dioxide, Technical, Spectrum Chemical 45 kg | Buy Online | Spectrum Chemical Manufacturing Corporation | Fisher Scientific",Product/grade/datasheet page,MANUFACTURER / SUPPLIER / OTHER,MULTIPLE / UNAVAILABLE,[source_id=SERP-REV-BUY-BULK-20260829] Direct commercial-modifier SERP is supplier/distributor/product-led; metrics remain Unavailable.
buy titanium dioxide bulk,GLOBAL,2026-08-29,8,fishersci.com,https://www.fishersci.com/shop/products/titanium-dioxide-fcc-99-100-5-spectrum-chemical/18607419,"Titanium Dioxide, FCC, 99-100.5%, Spectrum Chemical 45 kg | Buy Online | Spectrum Chemical Manufacturing Corporation | Fisher Scientific",Product/grade/datasheet page,MANUFACTURER / SUPPLIER / OTHER,MULTIPLE / UNAVAILABLE,[source_id=SERP-REV-BUY-BULK-20260829] Direct commercial-modifier SERP is supplier/distributor/product-led; metrics remain Unavailable.
buy titanium dioxide bulk,GLOBAL,2026-08-29,9,prochemonline.com,https://prochemonline.com/product/titaniumivoxide-3709/,"Titanium (IV) Oxide - ProChem, Inc.",Corporate/content page,MANUFACTURER / SUPPLIER / OTHER,MULTIPLE / UNAVAILABLE,[source_id=SERP-REV-BUY-BULK-20260829] Direct commercial-modifier SERP is supplier/distributor/product-led; metrics remain Unavailable.
buy titanium dioxide bulk,GLOBAL,2026-08-29,10,fishersci.com,https://www.fishersci.com/shop/products/titanium-dioxide-usp-99-100-5-spectrum-chemical/18607427,"Titanium Dioxide, USP, 99-100.5%, Spectrum Chemical 45 kg | Buy Online | Spectrum Chemical Manufacturing Corporation | Fisher Scientific",Product/grade/datasheet page,MANUFACTURER / SUPPLIER / OTHER,MULTIPLE / UNAVAILABLE,[source_id=SERP-REV-BUY-BULK-20260829] Direct commercial-modifier SERP is supplier/distributor/product-led; metrics remain Unavailable.
Chemours Ti-Pure titanium dioxide alternative equivalent,GLOBAL,2026-08-29,1,chemours.com,https://www.chemours.com/en/news-media-center/all-news/press-releases/2025/chemours-launches-ti-pure-ts-6706-a-tmp-tme-free-version-of-flagship-universal-grade-ti-pure-r-706,"Chemours Launches Ti-Pure™ TS-6706, A TMP/TME- Free Version of Flagship Universal Grade, Ti-Pure™ R-706 | Chemours",Product/grade/datasheet page,MANUFACTURER / SUPPLIER / OTHER,MULTIPLE / UNAVAILABLE,[source_id=SERP-REV-BRAND-CHEMOURS-20260829] Brand-level SERP contains official/product/distributor/comparison results; presence does not establish equivalence.
Chemours Ti-Pure titanium dioxide alternative equivalent,GLOBAL,2026-08-29,2,eastmaterials.com,https://www.eastmaterials.com/products/titanium-dioxide/,"Titanium Dioxide (TiO₂) — Rutile & Anatase Pigment Grades for Coatings, Plastics, Paper, Inks, and Cosmetics | East Materials",Product/grade/datasheet page,MANUFACTURER / SUPPLIER / OTHER,MULTIPLE / UNAVAILABLE,[source_id=SERP-REV-BRAND-CHEMOURS-20260829] Brand-level SERP contains official/product/distributor/comparison results; presence does not establish equivalence.
Chemours Ti-Pure titanium dioxide alternative equivalent,GLOBAL,2026-08-29,3,chemours.de,https://www.chemours.de/news-media-center/all-news/press-releases/2025/chemours-launches-ti-pure-ts-6706-a-tmp-tme-free-version-of-flagship-universal-grade-ti-pure-r-706,"Chemours führt Ti-Pure™ TS-6706 ein, eine TMP/TME-freie Version der universellen Flagship-Lösung Ti-Pure™ R-706 | Chemours",Corporate/content page,MANUFACTURER / SUPPLIER / OTHER,MULTIPLE / UNAVAILABLE,[source_id=SERP-REV-BRAND-CHEMOURS-20260829] Brand-level SERP contains official/product/distributor/comparison results; presence does not establish equivalence.
Chemours Ti-Pure titanium dioxide alternative equivalent,GLOBAL,2026-08-29,4,chemours.com,https://www.chemours.com/en/-/media/files/tipure/legacy/ti-pure-ts-6200-for-high-performance-exterior-coatings.pdf?rev=f84396929da44ab49cd68aa0b98d0a04,Ti-Pure — TS-6200 Titanium Dioxide,Product/grade/datasheet page,MANUFACTURER / SUPPLIER / OTHER,MULTIPLE / UNAVAILABLE,[source_id=SERP-REV-BRAND-CHEMOURS-20260829] Brand-level SERP contains official/product/distributor/comparison results; presence does not establish equivalence.
Chemours Ti-Pure titanium dioxide alternative equivalent,GLOBAL,2026-08-29,5,pages.chemours.com,https://pages.chemours.com/Ti-Pure-104.html,Chemours - New and Improved Ti-Pure™ R-104,Corporate/content page,MANUFACTURER / SUPPLIER / OTHER,MULTIPLE / UNAVAILABLE,[source_id=SERP-REV-BRAND-CHEMOURS-20260829] Brand-level SERP contains official/product/distributor/comparison results; presence does not establish equivalence.
Chemours Ti-Pure titanium dioxide alternative equivalent,GLOBAL,2026-08-29,6,semitechnm.com,https://semitechnm.com/titanium/functional-tio2-hub/chloride-rutile-tio2-r902/,Chloride-Process Rutile TiO2 R-902 — Chemours Equivalent | SEMITECH,Corporate/content page,MANUFACTURER / SUPPLIER / OTHER,MULTIPLE / UNAVAILABLE,[source_id=SERP-REV-BRAND-CHEMOURS-20260829] Brand-level SERP contains official/product/distributor/comparison results; presence does not establish equivalence.
Chemours Ti-Pure titanium dioxide alternative equivalent,GLOBAL,2026-08-29,7,tio2agents.com,https://tio2agents.com/compare/semiti-902-vs-tipure-r901,SEMITI 902 vs Ti-Pure R-901 — Universal Coatings Rutile | TiO2 Agents,Corporate/content page,MANUFACTURER / SUPPLIER / OTHER,MULTIPLE / UNAVAILABLE,[source_id=SERP-REV-BRAND-CHEMOURS-20260829] Brand-level SERP contains official/product/distributor/comparison results; presence does not establish equivalence.
Chemours Ti-Pure titanium dioxide alternative equivalent,GLOBAL,2026-08-29,8,tio2agents.com,https://tio2agents.com/compare,"Comparisons — SEMITI vs Ti-Pure, Tronox, Kronos & More | TiO2 Agents",Corporate/content page,MANUFACTURER / SUPPLIER / OTHER,MULTIPLE / UNAVAILABLE,[source_id=SERP-REV-BRAND-CHEMOURS-20260829] Brand-level SERP contains official/product/distributor/comparison results; presence does not establish equivalence.
Chemours Ti-Pure titanium dioxide alternative equivalent,GLOBAL,2026-08-29,9,tipure.com,https://www.tipure.com/en/products/coatings,Titanium Dioxide Solutions for Coatings | Ti-Pure™ TiO₂ by Chemours,Product/grade/datasheet page,MANUFACTURER / SUPPLIER / OTHER,MULTIPLE / UNAVAILABLE,[source_id=SERP-REV-BRAND-CHEMOURS-20260829] Brand-level SERP contains official/product/distributor/comparison results; presence does not establish equivalence.
Chemours Ti-Pure titanium dioxide alternative equivalent,GLOBAL,2026-08-29,10,pages.chemours.com,https://pages.chemours.com/rs/509-VCL-038/images/Ti-Pure_Select%20TS-6200_Snapshot%20Coatings.pdf,Ti-Pure® Select TS-6200 Titanium Dioxide — Grade Snapshot,Product/grade/datasheet page,MANUFACTURER / SUPPLIER / OTHER,MULTIPLE / UNAVAILABLE,[source_id=SERP-REV-BRAND-CHEMOURS-20260829] Brand-level SERP contains official/product/distributor/comparison results; presence does not establish equivalence.
CITIC titanium dioxide alternative equivalent grades,GLOBAL,2026-08-29,1,ec.europa.eu,https://ec.europa.eu/competition/mergers/cases/decisions/m8451_3750_3.pdf,"(174) That perception is confirmed by the views expressed by customers with regard to possible alternatives to the four grades offered by the Parties, Chemours and Kronos. When asked to identify credible alternatives (both technically and commercially) for the Parties' grades 8120 and RCL-722, no respondents mentioned ISK's CR-85 or CITIC Jinzhou's CR-300185 (nor any sulphate-based grades for use in paper laminate). While Chemours' grade R-796+ is the grade most often identified as being a credible alternative to Cristal's RCL-722 (all respondents but one), Cristal's grade is most often identified as being a credible alternative to Tronox's 8120. Four out of six respondents (representing 89% of the total EEA market for chloride-based titanium dioxide for use in paper laminate) consider that the Parties' grades are credible alternatives for one another.186",Product/grade/datasheet page,MANUFACTURER / SUPPLIER / OTHER,MULTIPLE / UNAVAILABLE,[source_id=SERP-REV-BRAND-CITIC-20260829] Brand-level SERP contains official/product/distributor/comparison results; presence does not establish equivalence.
CITIC titanium dioxide alternative equivalent grades,GLOBAL,2026-08-29,2,eastmaterials.com,https://www.eastmaterials.com/products/titanium-dioxide/,"Titanium Dioxide (TiO₂) — Rutile & Anatase Pigment Grades for Coatings, Plastics, Paper, Inks, and Cosmetics | East Materials",Product/grade/datasheet page,MANUFACTURER / SUPPLIER / OTHER,MULTIPLE / UNAVAILABLE,[source_id=SERP-REV-BRAND-CITIC-20260829] Brand-level SERP contains official/product/distributor/comparison results; presence does not establish equivalence.
CITIC titanium dioxide alternative equivalent grades,GLOBAL,2026-08-29,3,ema.europa.eu,https://www.ema.europa.eu/en/documents/other/annex-i-use-titanium-dioxide-excipient-human-veterinary-medicines-identification-alternatives-industry-feedback-qwp-experts-ema-questions-final-report-february-2024_en.pdf,TiO2 and alternatives_Industry final report to QWP EMA 2024 COMPRESSED,Corporate/content page,MANUFACTURER / SUPPLIER / OTHER,MULTIPLE / UNAVAILABLE,[source_id=SERP-REV-BRAND-CITIC-20260829] Brand-level SERP contains official/product/distributor/comparison results; presence does not establish equivalence.
CITIC titanium dioxide alternative equivalent grades,GLOBAL,2026-08-29,4,tio2.wiki,https://www.tio2.wiki/products,TiO₂ Wiki – Titanium Dioxide Technical Reference,Product/grade/datasheet page,MANUFACTURER / SUPPLIER / OTHER,MULTIPLE / UNAVAILABLE,[source_id=SERP-REV-BRAND-CITIC-20260829] Brand-level SERP contains official/product/distributor/comparison results; presence does not establish equivalence.
CITIC titanium dioxide alternative equivalent grades,GLOBAL,2026-08-29,5,tio2agents.com,https://tio2agents.com/compare,"Comparisons — SEMITI vs Ti-Pure, Tronox, Kronos & More | TiO2 Agents",Corporate/content page,MANUFACTURER / SUPPLIER / OTHER,MULTIPLE / UNAVAILABLE,[source_id=SERP-REV-BRAND-CITIC-20260829] Brand-level SERP contains official/product/distributor/comparison results; presence does not establish equivalence.
CITIC titanium dioxide alternative equivalent grades,GLOBAL,2026-08-29,6,plasticpipe.org,https://www.plasticpipe.org/common/Uploaded%20files/Technical/PPI-TR-02-2024.pdf,TABLE 6C – TITANIUM DIOXIDE FUNCTIONAL EQUIVALENT -- DRY POWDERS,Product/grade/datasheet page,MANUFACTURER / SUPPLIER / OTHER,MULTIPLE / UNAVAILABLE,[source_id=SERP-REV-BRAND-CITIC-20260829] Brand-level SERP contains official/product/distributor/comparison results; presence does not establish equivalence.
CITIC titanium dioxide alternative equivalent grades,GLOBAL,2026-08-29,7,plasticpipe.org,https://www.plasticpipe.org/common/Uploaded%20files/Technical/TR-02-2020.pdf,TABLE 6C – TITANIUM DIOXIDE FUNCTIONAL EQUIVALENT -- DRY POWDERS,Product/grade/datasheet page,MANUFACTURER / SUPPLIER / OTHER,MULTIPLE / UNAVAILABLE,[source_id=SERP-REV-BRAND-CITIC-20260829] Brand-level SERP contains official/product/distributor/comparison results; presence does not establish equivalence.
CITIC titanium dioxide alternative equivalent grades,GLOBAL,2026-08-29,8,canada.ca,https://www.canada.ca/en/environment-climate-change/services/evaluating-existing-substances/assessment-titanium-containing-substances-group.html,Assessment - Titanium containing Substances Group - Canada.ca,Corporate/content page,MANUFACTURER / SUPPLIER / OTHER,MULTIPLE / UNAVAILABLE,[source_id=SERP-REV-BRAND-CITIC-20260829] Brand-level SERP contains official/product/distributor/comparison results; presence does not establish equivalence.
CITIC titanium dioxide alternative equivalent grades,GLOBAL,2026-08-29,9,rawchemicalmart.com,https://rawchemicalmart.com/sourcing-chinese-tio2-a-comprehensive-guide-to-chloride-vs-sulfate-processes-and-top-grades/,Sourcing Chinese TiO2: A Comprehensive Guide to Chloride vs. Sulfate Processes and Top Grades - rawchemicalmart.com,Product/grade/datasheet page,MANUFACTURER / SUPPLIER / OTHER,MULTIPLE / UNAVAILABLE,[source_id=SERP-REV-BRAND-CITIC-20260829] Brand-level SERP contains official/product/distributor/comparison results; presence does not establish equivalence.
CITIC titanium dioxide alternative equivalent grades,GLOBAL,2026-08-29,10,classictrading.com.pk,https://www.classictrading.com.pk/_files/ugd/c6d3a5_5fab9b288d314e8285a04227ab08b913.pdf?index=true,CIT Profile 2025,Corporate/content page,MANUFACTURER / SUPPLIER / OTHER,MULTIPLE / UNAVAILABLE,[source_id=SERP-REV-BRAND-CITIC-20260829] Brand-level SERP contains official/product/distributor/comparison results; presence does not establish equivalence.
CITIC R-5566 titanium dioxide alternative equivalent,GLOBAL,2026-08-29,1,utekcomposites.com,https://www.utekcomposites.com/Product/Titanium-dioxide.html,Titanium Dioxide-ChangZhou UTEK,Product/grade/datasheet page,MANUFACTURER / SUPPLIER / OTHER,MULTIPLE / UNAVAILABLE,[source_id=SERP-REV-GRADE-CITIC-R5566-20260829] Grade-level SERP reviewed; datasheets/product/comparison results require TDS and application validation before any equivalence claim.
CITIC R-5566 titanium dioxide alternative equivalent,GLOBAL,2026-08-29,2,cqtitaniumdioxide.com,https://www.cqtitaniumdioxide.com/news/titania-tio2-with-high-opacityuv-shieldfactory-direct.html,Titania TiO2 with High Opacity & UV Shield—Factory Direct?,Corporate/content page,MANUFACTURER / SUPPLIER / OTHER,MULTIPLE / UNAVAILABLE,[source_id=SERP-REV-GRADE-CITIC-R5566-20260829] Grade-level SERP reviewed; datasheets/product/comparison results require TDS and application validation before any equivalence claim.
CITIC R-5566 titanium dioxide alternative equivalent,GLOBAL,2026-08-29,3,cqtitaniumdioxide.com,https://www.cqtitaniumdioxide.com/news/titania-tio2-high-purity-pigmentbrightnessuv-shielding.html,Titania TiO2 High-Purity Pigment | Brightness & UV Shielding,Product/grade/datasheet page,MANUFACTURER / SUPPLIER / OTHER,MULTIPLE / UNAVAILABLE,[source_id=SERP-REV-GRADE-CITIC-R5566-20260829] Grade-level SERP reviewed; datasheets/product/comparison results require TDS and application validation before any equivalence claim.
CITIC R-5566 titanium dioxide alternative equivalent,GLOBAL,2026-08-29,4,specialchem.com,https://www.specialchem.com/coatings/product/pangang-titanium-industry-r-5566,R-5566 by Pangang Titanium Industry: Technical Datasheet,Product/grade/datasheet page,MANUFACTURER / SUPPLIER / OTHER,MULTIPLE / UNAVAILABLE,[source_id=SERP-REV-GRADE-CITIC-R5566-20260829] Grade-level SERP reviewed; datasheets/product/comparison results require TDS and application validation before any equivalence claim.
CITIC R-5566 titanium dioxide alternative equivalent,GLOBAL,2026-08-29,5,orientmiddleeast.com,https://www.orientmiddleeast.com/r5566/,Titanium Dioxide-R5566,Product/grade/datasheet page,MANUFACTURER / SUPPLIER / OTHER,MULTIPLE / UNAVAILABLE,[source_id=SERP-REV-GRADE-CITIC-R5566-20260829] Grade-level SERP reviewed; datasheets/product/comparison results require TDS and application validation before any equivalence claim.
CITIC R-5566 titanium dioxide alternative equivalent,GLOBAL,2026-08-29,6,cqtitaniumdioxide.com,https://www.cqtitaniumdioxide.com/high-scattering-power-tio2-dongfang-r5566.html,High Scattering Power TiO2 DongFang R5566,Corporate/content page,MANUFACTURER / SUPPLIER / OTHER,MULTIPLE / UNAVAILABLE,[source_id=SERP-REV-GRADE-CITIC-R5566-20260829] Grade-level SERP reviewed; datasheets/product/comparison results require TDS and application validation before any equivalence claim.
CITIC R-5566 titanium dioxide alternative equivalent,GLOBAL,2026-08-29,7,peijinchem.com,https://www.peijinchem.com/uploads/29884/files/TDS.pdf?rnd=573,TITA,Corporate/content page,MANUFACTURER / SUPPLIER / OTHER,MULTIPLE / UNAVAILABLE,[source_id=SERP-REV-GRADE-CITIC-R5566-20260829] Grade-level SERP reviewed; datasheets/product/comparison results require TDS and application validation before any equivalence claim.
CITIC R-5566 titanium dioxide alternative equivalent,GLOBAL,2026-08-29,8,fengbaigroup.com,https://www.fengbaigroup.com/iw/titanium-dioxide-r-5566/,ספק פיגמנט רוטיל טיטניום דיאוקסיד R-5566,Corporate/content page,MANUFACTURER / SUPPLIER / OTHER,MULTIPLE / UNAVAILABLE,[source_id=SERP-REV-GRADE-CITIC-R5566-20260829] Grade-level SERP reviewed; datasheets/product/comparison results require TDS and application validation before any equivalence claim.
CITIC R-5566 titanium dioxide alternative equivalent,GLOBAL,2026-08-29,9,cqtitaniumdioxide.com,https://www.cqtitaniumdioxide.com/news/tio2-high-purity-pigmentphotocatalystfast-supply.html,TiO2 High-Purity Pigment & Photocatalyst | Fast Supply,Product/grade/datasheet page,MANUFACTURER / SUPPLIER / OTHER,MULTIPLE / UNAVAILABLE,[source_id=SERP-REV-GRADE-CITIC-R5566-20260829] Grade-level SERP reviewed; datasheets/product/comparison results require TDS and application validation before any equivalence claim.
CITIC R-5566 titanium dioxide alternative equivalent,GLOBAL,2026-08-29,10,specialchem.com,https://www.specialchem.com/coatings/supplier/pangang-titanium-industry,Pangang Titanium Industry product offerings for the coatings industry,Product/grade/datasheet page,MANUFACTURER / SUPPLIER / OTHER,MULTIPLE / UNAVAILABLE,[source_id=SERP-REV-GRADE-CITIC-R5566-20260829] Grade-level SERP reviewed; datasheets/product/comparison results require TDS and application validation before any equivalence claim.
CNNC titanium dioxide alternative equivalent grades,GLOBAL,2026-08-29,1,industry.gov.au,https://www.industry.gov.au/sites/default/files/adc/public-record/2026-04/699-1-application-applicant-tronox-limited-application-of-investigation-on-titanium-dioxide_2.pdf,PUBLIC RECORD,Official/regulatory,NEITHER / OFFICIAL_OR_RESEARCH,MULTIPLE / UNAVAILABLE,[source_id=SERP-REV-BRAND-CNNC-20260829] Brand-level SERP contains official/product/distributor/comparison results; presence does not establish equivalence.
CNNC titanium dioxide alternative equivalent grades,GLOBAL,2026-08-29,2,kfa-co.com,https://kfa-co.com/titanium-dioxide/,Titanium Dioxide – KFA,Product/grade/datasheet page,MANUFACTURER / SUPPLIER / OTHER,MULTIPLE / UNAVAILABLE,[source_id=SERP-REV-BRAND-CNNC-20260829] Brand-level SERP contains official/product/distributor/comparison results; presence does not establish equivalence.
CNNC titanium dioxide alternative equivalent grades,GLOBAL,2026-08-29,3,specialchem.com,https://www.specialchem.com/coatings/supplier/cnnc-hua-yuan-titanium-dioxide/all-products,All products by cnnc hua yuan titanium dioxide for the coatings industry,Product/grade/datasheet page,MANUFACTURER / SUPPLIER / OTHER,MULTIPLE / UNAVAILABLE,[source_id=SERP-REV-BRAND-CNNC-20260829] Brand-level SERP contains official/product/distributor/comparison results; presence does not establish equivalence.
CNNC titanium dioxide alternative equivalent grades,GLOBAL,2026-08-29,4,specialchem.com,https://www.specialchem.com/coatings/supplier/cnnc-hua-yuan-titanium-dioxide/all-products?pf=titanium-dioxide,All products by cnnc hua yuan titanium dioxide for the coatings industry,Product/grade/datasheet page,MANUFACTURER / SUPPLIER / OTHER,MULTIPLE / UNAVAILABLE,[source_id=SERP-REV-BRAND-CNNC-20260829] Brand-level SERP contains official/product/distributor/comparison results; presence does not establish equivalence.
CNNC titanium dioxide alternative equivalent grades,GLOBAL,2026-08-29,5,chemategroup.com,https://www.chemategroup.com/titanium-dioxide-pigment/,Titanium Dioxide TiO2 Powder Rutile & Anatase Grade,Product/grade/datasheet page,MANUFACTURER / SUPPLIER / OTHER,MULTIPLE / UNAVAILABLE,[source_id=SERP-REV-BRAND-CNNC-20260829] Brand-level SERP contains official/product/distributor/comparison results; presence does not establish equivalence.
CNNC titanium dioxide alternative equivalent grades,GLOBAL,2026-08-29,6,tio2.wiki,https://www.tio2.wiki/products,TiO₂ Wiki – Titanium Dioxide Technical Reference,Product/grade/datasheet page,MANUFACTURER / SUPPLIER / OTHER,MULTIPLE / UNAVAILABLE,[source_id=SERP-REV-BRAND-CNNC-20260829] Brand-level SERP contains official/product/distributor/comparison results; presence does not establish equivalence.
CNNC titanium dioxide alternative equivalent grades,GLOBAL,2026-08-29,7,ec.europa.eu,https://ec.europa.eu/competition/mergers/cases/decisions/m8451_3750_3.pdf,"(174) That perception is confirmed by the views expressed by customers with regard to possible alternatives to the four grades offered by the Parties, Chemours and Kronos. When asked to identify credible alternatives (both technically and commercially) for the Parties' grades 8120 and RCL-722, no respondents mentioned ISK's CR-85 or CITIC Jinzhou's CR-300185 (nor any sulphate-based grades for use in paper laminate). While Chemours' grade R-796+ is the grade most often identified as being a credible alternative to Cristal's RCL-722 (all respondents but one), Cristal's grade is most often identified as being a credible alternative to Tronox's 8120. Four out of six respondents (representing 89% of the total EEA market for chloride-based titanium dioxide for use in paper laminate) consider that the Parties' grades are credible alternatives for one another.186",Product/grade/datasheet page,MANUFACTURER / SUPPLIER / OTHER,MULTIPLE / UNAVAILABLE,[source_id=SERP-REV-BRAND-CNNC-20260829] Brand-level SERP contains official/product/distributor/comparison results; presence does not establish equivalence.
CNNC titanium dioxide alternative equivalent grades,GLOBAL,2026-08-29,8,tio2agents.com,https://tio2agents.com/compare,"Comparisons — SEMITI vs Ti-Pure, Tronox, Kronos & More | TiO2 Agents",Corporate/content page,MANUFACTURER / SUPPLIER / OTHER,MULTIPLE / UNAVAILABLE,[source_id=SERP-REV-BRAND-CNNC-20260829] Brand-level SERP contains official/product/distributor/comparison results; presence does not establish equivalence.
CNNC titanium dioxide alternative equivalent grades,GLOBAL,2026-08-29,9,specialchem.com,https://www.specialchem.com/polymer-additives/supplier/cnnc-hua-yuan-titanium-dioxide/all-products,All products by cnnc hua yuan titanium dioxide for the polymers industry,Product/grade/datasheet page,MANUFACTURER / SUPPLIER / OTHER,MULTIPLE / UNAVAILABLE,[source_id=SERP-REV-BRAND-CNNC-20260829] Brand-level SERP contains official/product/distributor/comparison results; presence does not establish equivalence.
CNNC titanium dioxide alternative equivalent grades,GLOBAL,2026-08-29,10,eastmaterials.com,https://www.eastmaterials.com/products/titanium-dioxide/,"Titanium Dioxide (TiO₂) — Rutile & Anatase Pigment Grades for Coatings, Plastics, Paper, Inks, and Cosmetics | East Materials",Product/grade/datasheet page,MANUFACTURER / SUPPLIER / OTHER,MULTIPLE / UNAVAILABLE,[source_id=SERP-REV-BRAND-CNNC-20260829] Brand-level SERP contains official/product/distributor/comparison results; presence does not establish equivalence.
CNNC R-216 alternative equivalent titanium dioxide,GLOBAL,2026-08-29,1,kfa-co.com,https://kfa-co.com/product/r-216/,R-216 – KFA,Corporate/content page,MANUFACTURER / SUPPLIER / OTHER,MULTIPLE / UNAVAILABLE,[source_id=SERP-REV-GRADE-CNNC-R216-20260829] Grade-level SERP reviewed; datasheets/product/comparison results require TDS and application validation before any equivalence claim.
CNNC R-216 alternative equivalent titanium dioxide,GLOBAL,2026-08-29,2,industry.gov.au,https://www.industry.gov.au/sites/default/files/adc/public-record/2026-04/699-1-application-applicant-tronox-limited-application-of-investigation-on-titanium-dioxide_2.pdf,PUBLIC RECORD,Official/regulatory,NEITHER / OFFICIAL_OR_RESEARCH,MULTIPLE / UNAVAILABLE,[source_id=SERP-REV-GRADE-CNNC-R216-20260829] Grade-level SERP reviewed; datasheets/product/comparison results require TDS and application validation before any equivalence claim.
CNNC R-216 alternative equivalent titanium dioxide,GLOBAL,2026-08-29,3,kfa-co.com,https://www.kfa-co.com/wp-content/uploads/2025/01/CNNCHuaYuan.pdf,Private Joint Stock Company,Corporate/content page,MANUFACTURER / SUPPLIER / OTHER,MULTIPLE / UNAVAILABLE,[source_id=SERP-REV-GRADE-CNNC-R216-20260829] Grade-level SERP reviewed; datasheets/product/comparison results require TDS and application validation before any equivalence claim.
CNNC R-216 alternative equivalent titanium dioxide,GLOBAL,2026-08-29,4,kfa-co.com,https://www.kfa-co.com/wp-content/uploads/2025/01/R-216.pdf,TITANIUM DIOXIDE,Product/grade/datasheet page,MANUFACTURER / SUPPLIER / OTHER,MULTIPLE / UNAVAILABLE,[source_id=SERP-REV-GRADE-CNNC-R216-20260829] Grade-level SERP reviewed; datasheets/product/comparison results require TDS and application validation before any equivalence claim.
CNNC R-216 alternative equivalent titanium dioxide,GLOBAL,2026-08-29,5,specialchem.com,https://www.specialchem.com/coatings/product/cnnc-hua-yuan-titanium-dioxide-r-216,R-216 - CNNC HUA YUAN Titanium Dioxide- Technical Datasheet,Product/grade/datasheet page,MANUFACTURER / SUPPLIER / OTHER,MULTIPLE / UNAVAILABLE,[source_id=SERP-REV-GRADE-CNNC-R216-20260829] Grade-level SERP reviewed; datasheets/product/comparison results require TDS and application validation before any equivalence claim.
CNNC R-216 alternative equivalent titanium dioxide,GLOBAL,2026-08-29,6,chemball.com,https://www.chemball.com/factory/2ay67j/,"Cnnc Hua Yuan Titanium Dioxide Co., Ltd.",Product/grade/datasheet page,MANUFACTURER / SUPPLIER / OTHER,MULTIPLE / UNAVAILABLE,[source_id=SERP-REV-GRADE-CNNC-R216-20260829] Grade-level SERP reviewed; datasheets/product/comparison results require TDS and application validation before any equivalence claim.
CNNC R-216 alternative equivalent titanium dioxide,GLOBAL,2026-08-29,7,chemball.com,https://www.chemball.com/factory/2ay67j/product/623c2061a170ce61d98e68a4.html?detail=true,"Cnnc Hua Yuan Titanium Dioxide Co., Ltd.",Product/grade/datasheet page,MANUFACTURER / SUPPLIER / OTHER,MULTIPLE / UNAVAILABLE,[source_id=SERP-REV-GRADE-CNNC-R216-20260829] Grade-level SERP reviewed; datasheets/product/comparison results require TDS and application validation before any equivalence claim.
CNNC R-216 alternative equivalent titanium dioxide,GLOBAL,2026-08-29,8,tio2.pro,https://tio2.pro/index.php/category/manufactures/cnnchy/,CNNCHY - Tio2.Pro,Corporate/content page,MANUFACTURER / SUPPLIER / OTHER,MULTIPLE / UNAVAILABLE,[source_id=SERP-REV-GRADE-CNNC-R216-20260829] Grade-level SERP reviewed; datasheets/product/comparison results require TDS and application validation before any equivalence claim.
CNNC R-216 alternative equivalent titanium dioxide,GLOBAL,2026-08-29,9,rawchemicalmart.com,https://rawchemicalmart.com/precision-formulation-the-premier-guide-to-high-performance-chinese-rutile-tio2-for-exterior-interior-coatings/,Precision Formulation: The Premier Guide to High-Performance Chinese Rutile TiO2 for Exterior & Interior Coatings - rawchemicalmart.com,Corporate/content page,MANUFACTURER / SUPPLIER / OTHER,MULTIPLE / UNAVAILABLE,[source_id=SERP-REV-GRADE-CNNC-R216-20260829] Grade-level SERP reviewed; datasheets/product/comparison results require TDS and application validation before any equivalence claim.
CNNC R-216 alternative equivalent titanium dioxide,GLOBAL,2026-08-29,10,tinoxchem.com,https://tinoxchem.com/products/r-2160,"TINOX R-2160 Rutile titanium dioxide pigment | TDS, Applications & Specifications",Product/grade/datasheet page,MANUFACTURER / SUPPLIER / OTHER,MULTIPLE / UNAVAILABLE,[source_id=SERP-REV-GRADE-CNNC-R216-20260829] Grade-level SERP reviewed; datasheets/product/comparison results require TDS and application validation before any equivalence claim.
KRONOS 2310 alternative equivalent,GLOBAL,2026-08-29,1,teambridge.com,https://www.teambridge.com/blog/kronos-alternatives,5 best Kronos alternatives for modern workforce management | Teambridge,Corporate/content page,MANUFACTURER / SUPPLIER / OTHER,MULTIPLE / UNAVAILABLE,[source_id=SERP-REV-GRADE-KRONOS2310-20260829] Unqualified KRONOS query is ambiguous with workforce software; qualified TiO2 query is required and separately captured.
KRONOS 2310 alternative equivalent,GLOBAL,2026-08-29,2,g2.com,https://www.g2.com/products/kronos-cloud/competitors/alternatives,Top 10 Kronos Cloud Alternatives & Competitors in 2026 | G2,Corporate/content page,MANUFACTURER / SUPPLIER / OTHER,MULTIPLE / UNAVAILABLE,[source_id=SERP-REV-GRADE-KRONOS2310-20260829] Unqualified KRONOS query is ambiguous with workforce software; qualified TiO2 query is required and separately captured.
KRONOS 2310 alternative equivalent,GLOBAL,2026-08-29,3,patentimages.storage.googleapis.com,https://patentimages.storage.googleapis.com/43/c7/b2/ad5496def39dee/US20060229400A1.pdf,US 20060229.400A1,Patent/research,NEITHER / OFFICIAL_OR_RESEARCH,MULTIPLE / UNAVAILABLE,[source_id=SERP-REV-GRADE-KRONOS2310-20260829] Unqualified KRONOS query is ambiguous with workforce software; qualified TiO2 query is required and separately captured.
KRONOS 2310 alternative equivalent,GLOBAL,2026-08-29,4,byk.com,https://www.byk.com/en/applications?ai%5Bb_action%5D=download&ai%5Bb_rbmedia%5D=75330&type=36710733,STARTING POINT FORMULATION L-SF 36,Corporate/content page,MANUFACTURER / SUPPLIER / OTHER,MULTIPLE / UNAVAILABLE,[source_id=SERP-REV-GRADE-KRONOS2310-20260829] Unqualified KRONOS query is ambiguous with workforce software; qualified TiO2 query is required and separately captured.
KRONOS 2310 alternative equivalent,GLOBAL,2026-08-29,5,steelgs.com,https://www.steelgs.com/grades/Tool-Die-Steels/4/7750/SS-2310-steel.html,"SS SS 2310 - chemical composition, properties, heat treatment, steel equivalent",Corporate/content page,MANUFACTURER / SUPPLIER / OTHER,MULTIPLE / UNAVAILABLE,[source_id=SERP-REV-GRADE-KRONOS2310-20260829] Unqualified KRONOS query is ambiguous with workforce software; qualified TiO2 query is required and separately captured.
KRONOS 2310 alternative equivalent,GLOBAL,2026-08-29,6,byk.com,https://www.byk.com/de/anwendungen?ai%5Bb_action%5D=download&ai%5Bb_rbmedia%5D=75334&type=36710733,STARTING POINT FORMULATION L-SF 24,Corporate/content page,MANUFACTURER / SUPPLIER / OTHER,MULTIPLE / UNAVAILABLE,[source_id=SERP-REV-GRADE-KRONOS2310-20260829] Unqualified KRONOS query is ambiguous with workforce software; qualified TiO2 query is required and separately captured.
KRONOS 2310 alternative equivalent,GLOBAL,2026-08-29,7,patentimages.storage.googleapis.com,https://patentimages.storage.googleapis.com/f7/fa/6e/eb6fae378ae32c/AU2018243197B2.pdf,(12) STANDARD PATENT,Patent/research,NEITHER / OFFICIAL_OR_RESEARCH,MULTIPLE / UNAVAILABLE,[source_id=SERP-REV-GRADE-KRONOS2310-20260829] Unqualified KRONOS query is ambiguous with workforce software; qualified TiO2 query is required and separately captured.
KRONOS 2310 alternative equivalent,GLOBAL,2026-08-29,8,chrono24.ca,https://www.chrono24.ca/magazine/iconic-chronograph-calibers-and-how-to-spot-them-p_74733/,Iconic Chronograph Calibers and Their Distinguishing Features - Chrono24 Magazine,Corporate/content page,MANUFACTURER / SUPPLIER / OTHER,MULTIPLE / UNAVAILABLE,[source_id=SERP-REV-GRADE-KRONOS2310-20260829] Unqualified KRONOS query is ambiguous with workforce software; qualified TiO2 query is required and separately captured.
KRONOS 2310 alternative equivalent,GLOBAL,2026-08-29,9,byk.com,https://www.byk.com/ja/applications?ai%5Bb_action%5D=download&ai%5Bb_rbmedia%5D=75329&type=36710733,STARTING POINT FORMULATION L-SF 34,Corporate/content page,MANUFACTURER / SUPPLIER / OTHER,MULTIPLE / UNAVAILABLE,[source_id=SERP-REV-GRADE-KRONOS2310-20260829] Unqualified KRONOS query is ambiguous with workforce software; qualified TiO2 query is required and separately captured.
KRONOS 2310 alternative equivalent,GLOBAL,2026-08-29,10,forbes.com,https://www.forbes.com/sites/thomaswojtowicz/2024/07/05/patek-philippe-and-the-lemania-2310-calibre/,Patek Philippe Chronographs And The Lemania 2310 Calibre,Corporate/content page,MANUFACTURER / SUPPLIER / OTHER,MULTIPLE / UNAVAILABLE,[source_id=SERP-REV-GRADE-KRONOS2310-20260829] Unqualified KRONOS query is ambiguous with workforce software; qualified TiO2 query is required and separately captured.
KRONOS 2310 titanium dioxide alternative equivalent,GLOBAL,2026-08-29,1,kronosww.com,https://www.kronosww.com/grade/kronos-2310/,"KRONOS 2310 titanium dioxide - KRONOS Worldwide, Inc",Product/grade/datasheet page,MANUFACTURER / SUPPLIER / OTHER,MULTIPLE / UNAVAILABLE,[source_id=SERP-REV-GRADE-KRONOS2310-TIO2-20260829] Grade-level SERP reviewed; datasheets/product/comparison results require TDS and application validation before any equivalence claim.
KRONOS 2310 titanium dioxide alternative equivalent,GLOBAL,2026-08-29,2,kronosww.com,https://www.kronosww.com/page_part/tmp-and-tme-free-grades/,"TMP- and TME-free Grades - KRONOS Worldwide, Inc",Product/grade/datasheet page,MANUFACTURER / SUPPLIER / OTHER,MULTIPLE / UNAVAILABLE,[source_id=SERP-REV-GRADE-KRONOS2310-TIO2-20260829] Grade-level SERP reviewed; datasheets/product/comparison results require TDS and application validation before any equivalence claim.
KRONOS 2310 titanium dioxide alternative equivalent,GLOBAL,2026-08-29,3,tio2.wiki,https://www.tio2.wiki/products/kronos-2310,Kronos 2310 – Kronos TiO₂ | TiO₂ Wiki,Corporate/content page,MANUFACTURER / SUPPLIER / OTHER,MULTIPLE / UNAVAILABLE,[source_id=SERP-REV-GRADE-KRONOS2310-TIO2-20260829] Grade-level SERP reviewed; datasheets/product/comparison results require TDS and application validation before any equivalence claim.
KRONOS 2310 titanium dioxide alternative equivalent,GLOBAL,2026-08-29,4,kronosww.com,https://www.kronosww.com/wp-content/uploads/2022/08/KRONOS_ListofGrades_2025_web.pdf,KRONOS Titanium Dioxide,Product/grade/datasheet page,MANUFACTURER / SUPPLIER / OTHER,MULTIPLE / UNAVAILABLE,[source_id=SERP-REV-GRADE-KRONOS2310-TIO2-20260829] Grade-level SERP reviewed; datasheets/product/comparison results require TDS and application validation before any equivalence claim.
KRONOS 2310 titanium dioxide alternative equivalent,GLOBAL,2026-08-29,5,tio2agents.com,https://tio2agents.com/compare,"Comparisons — SEMITI vs Ti-Pure, Tronox, Kronos & More | TiO2 Agents",Corporate/content page,MANUFACTURER / SUPPLIER / OTHER,MULTIPLE / UNAVAILABLE,[source_id=SERP-REV-GRADE-KRONOS2310-TIO2-20260829] Grade-level SERP reviewed; datasheets/product/comparison results require TDS and application validation before any equivalence claim.
KRONOS 2310 titanium dioxide alternative equivalent,GLOBAL,2026-08-29,6,kronosww.com,https://www.kronosww.com/wp-content/uploads/2026/02/KRONOS_List-of-Grades.pdf?v=1774111646,KRONOS Titanium Dioxide,Product/grade/datasheet page,MANUFACTURER / SUPPLIER / OTHER,MULTIPLE / UNAVAILABLE,[source_id=SERP-REV-GRADE-KRONOS2310-TIO2-20260829] Grade-level SERP reviewed; datasheets/product/comparison results require TDS and application validation before any equivalence claim.
KRONOS 2310 titanium dioxide alternative equivalent,GLOBAL,2026-08-29,7,patents.google.com,https://patents.google.com/patent/US20160264786A1/en,US20160264786A1 - Aluminiumhydroxide-Containing Composite Pigments and Method for Production - Google Patents,Patent/research,NEITHER / OFFICIAL_OR_RESEARCH,MULTIPLE / UNAVAILABLE,[source_id=SERP-REV-GRADE-KRONOS2310-TIO2-20260829] Grade-level SERP reviewed; datasheets/product/comparison results require TDS and application validation before any equivalence claim.
KRONOS 2310 titanium dioxide alternative equivalent,GLOBAL,2026-08-29,8,tio2.wiki,https://www.tio2.wiki/products/kronos-2190,Kronos 2190 – Kronos TiO₂ | TiO₂ Wiki,Corporate/content page,MANUFACTURER / SUPPLIER / OTHER,MULTIPLE / UNAVAILABLE,[source_id=SERP-REV-GRADE-KRONOS2310-TIO2-20260829] Grade-level SERP reviewed; datasheets/product/comparison results require TDS and application validation before any equivalence claim.
KRONOS 2310 titanium dioxide alternative equivalent,GLOBAL,2026-08-29,9,madeinchina.com,https://www.madeinchina.com/mall/show-Kronos-2310-Equivalent-Titanium-Dioxide_185503.html,Kronos 2310 Equivalent Titanium Dioxide - MadeInChina.com,Product/grade/datasheet page,MANUFACTURER / SUPPLIER / OTHER,MULTIPLE / UNAVAILABLE,[source_id=SERP-REV-GRADE-KRONOS2310-TIO2-20260829] Grade-level SERP reviewed; datasheets/product/comparison results require TDS and application validation before any equivalence claim.
KRONOS 2310 titanium dioxide alternative equivalent,GLOBAL,2026-08-29,10,kronosww.com,https://www.kronosww.com/wp-content/uploads/2022/08/KRONOS-2310-US_ROW.pdf,for coati,Corporate/content page,MANUFACTURER / SUPPLIER / OTHER,MULTIPLE / UNAVAILABLE,[source_id=SERP-REV-GRADE-KRONOS2310-TIO2-20260829] Grade-level SERP reviewed; datasheets/product/comparison results require TDS and application validation before any equivalence claim.
KRONOS titanium dioxide alternative equivalent grades,GLOBAL,2026-08-29,1,kronosww.com,https://www.kronosww.com/products/grades/,"Grades - KRONOS Worldwide, Inc",Product/grade/datasheet page,MANUFACTURER / SUPPLIER / OTHER,MULTIPLE / UNAVAILABLE,[source_id=SERP-REV-BRAND-KRONOS-20260829] Brand-level SERP contains official/product/distributor/comparison results; presence does not establish equivalence.
KRONOS titanium dioxide alternative equivalent grades,GLOBAL,2026-08-29,2,kronosww.com,https://www.kronosww.com/grade/kronos-2171/,"KRONOS 2171 titanium dioxide - KRONOS Worldwide, Inc",Product/grade/datasheet page,MANUFACTURER / SUPPLIER / OTHER,MULTIPLE / UNAVAILABLE,[source_id=SERP-REV-BRAND-KRONOS-20260829] Brand-level SERP contains official/product/distributor/comparison results; presence does not establish equivalence.
KRONOS titanium dioxide alternative equivalent grades,GLOBAL,2026-08-29,3,kronosww.com,https://www.kronosww.com/grade/kronos-2044/,"KRONOS 2044 titanium dioxide - KRONOS Worldwide, Inc",Product/grade/datasheet page,MANUFACTURER / SUPPLIER / OTHER,MULTIPLE / UNAVAILABLE,[source_id=SERP-REV-BRAND-KRONOS-20260829] Brand-level SERP contains official/product/distributor/comparison results; presence does not establish equivalence.
KRONOS titanium dioxide alternative equivalent grades,GLOBAL,2026-08-29,4,tio2agents.com,https://tio2agents.com/compare,"Comparisons — SEMITI vs Ti-Pure, Tronox, Kronos & More | TiO2 Agents",Corporate/content page,MANUFACTURER / SUPPLIER / OTHER,MULTIPLE / UNAVAILABLE,[source_id=SERP-REV-BRAND-KRONOS-20260829] Brand-level SERP contains official/product/distributor/comparison results; presence does not establish equivalence.
KRONOS titanium dioxide alternative equivalent grades,GLOBAL,2026-08-29,5,tio2.wiki,https://www.tio2.wiki/products/kronos-2220,Kronos 2220 – Kronos TiO₂ | TiO₂ Wiki,Corporate/content page,MANUFACTURER / SUPPLIER / OTHER,MULTIPLE / UNAVAILABLE,[source_id=SERP-REV-BRAND-KRONOS-20260829] Brand-level SERP contains official/product/distributor/comparison results; presence does not establish equivalence.
KRONOS titanium dioxide alternative equivalent grades,GLOBAL,2026-08-29,6,tio2.wiki,https://www.tio2.wiki/products/kronos-2190,Kronos 2190 – Kronos TiO₂ | TiO₂ Wiki,Corporate/content page,MANUFACTURER / SUPPLIER / OTHER,MULTIPLE / UNAVAILABLE,[source_id=SERP-REV-BRAND-KRONOS-20260829] Brand-level SERP contains official/product/distributor/comparison results; presence does not establish equivalence.
KRONOS titanium dioxide alternative equivalent grades,GLOBAL,2026-08-29,7,kronosww.com,https://www.kronosww.com/products/compare/,"Compare - KRONOS Worldwide, Inc",Corporate/content page,MANUFACTURER / SUPPLIER / OTHER,MULTIPLE / UNAVAILABLE,[source_id=SERP-REV-BRAND-KRONOS-20260829] Brand-level SERP contains official/product/distributor/comparison results; presence does not establish equivalence.
KRONOS titanium dioxide alternative equivalent grades,GLOBAL,2026-08-29,8,tio2.wiki,https://www.tio2.wiki/products/kronos-2310,Kronos 2310 – Kronos TiO₂ | TiO₂ Wiki,Corporate/content page,MANUFACTURER / SUPPLIER / OTHER,MULTIPLE / UNAVAILABLE,[source_id=SERP-REV-BRAND-KRONOS-20260829] Brand-level SERP contains official/product/distributor/comparison results; presence does not establish equivalence.
KRONOS titanium dioxide alternative equivalent grades,GLOBAL,2026-08-29,9,kronosww.com,https://www.kronosww.com/grade/kronos-2066/,"KRONOS 2066 titanium dioxide - KRONOS Worldwide, Inc",Product/grade/datasheet page,MANUFACTURER / SUPPLIER / OTHER,MULTIPLE / UNAVAILABLE,[source_id=SERP-REV-BRAND-KRONOS-20260829] Brand-level SERP contains official/product/distributor/comparison results; presence does not establish equivalence.
KRONOS titanium dioxide alternative equivalent grades,GLOBAL,2026-08-29,10,kronosww.com,https://www.kronosww.com/wp-content/uploads/2026/02/KRONOS_List-of-Grades.pdf?v=1774111646,KRONOS Titanium Dioxide,Product/grade/datasheet page,MANUFACTURER / SUPPLIER / OTHER,MULTIPLE / UNAVAILABLE,[source_id=SERP-REV-BRAND-KRONOS-20260829] Brand-level SERP contains official/product/distributor/comparison results; presence does not establish equivalence.
LB Group Lomon Billions titanium dioxide alternative equivalent grades,GLOBAL,2026-08-29,1,lomonbillions.global,https://www.lomonbillions.global/products-applications/,Products & Applications - LB Group | LB Group,Product/grade/datasheet page,MANUFACTURER / SUPPLIER / OTHER,MULTIPLE / UNAVAILABLE,[source_id=SERP-REV-BRAND-LB-20260829] Brand-level SERP contains official/product/distributor/comparison results; presence does not establish equivalence.
LB Group Lomon Billions titanium dioxide alternative equivalent grades,GLOBAL,2026-08-29,2,industry.gov.au,https://www.industry.gov.au/sites/default/files/adc/public-record/2026-04/699-1-application-applicant-tronox-limited-application-of-investigation-on-titanium-dioxide_2.pdf,PUBLIC RECORD,Official/regulatory,NEITHER / OFFICIAL_OR_RESEARCH,MULTIPLE / UNAVAILABLE,[source_id=SERP-REV-BRAND-LB-20260829] Brand-level SERP contains official/product/distributor/comparison results; presence does not establish equivalence.
LB Group Lomon Billions titanium dioxide alternative equivalent grades,GLOBAL,2026-08-29,3,tio2.wiki,https://www.tio2.wiki/products/blr-895,BLR-895 – Lomon Billions TiO₂ | TiO₂ Wiki,Corporate/content page,MANUFACTURER / SUPPLIER / OTHER,MULTIPLE / UNAVAILABLE,[source_id=SERP-REV-BRAND-LB-20260829] Brand-level SERP contains official/product/distributor/comparison results; presence does not establish equivalence.
LB Group Lomon Billions titanium dioxide alternative equivalent grades,GLOBAL,2026-08-29,4,lomonbillions.global,https://www.lomonbillions.global/lb-group-simplifies-the-branding-of-its-titanium-dioxide-pigments/,LB Group simplifies the branding of its titanium dioxide pigments - LB Group | LB Group,Product/grade/datasheet page,MANUFACTURER / SUPPLIER / OTHER,MULTIPLE / UNAVAILABLE,[source_id=SERP-REV-BRAND-LB-20260829] Brand-level SERP contains official/product/distributor/comparison results; presence does not establish equivalence.
LB Group Lomon Billions titanium dioxide alternative equivalent grades,GLOBAL,2026-08-29,5,fengbaigroup.com,https://www.fengbaigroup.com/billions-titanium-dioxide/,Billions Titanium Dioxide,Product/grade/datasheet page,MANUFACTURER / SUPPLIER / OTHER,MULTIPLE / UNAVAILABLE,[source_id=SERP-REV-BRAND-LB-20260829] Brand-level SERP contains official/product/distributor/comparison results; presence does not establish equivalence.
LB Group Lomon Billions titanium dioxide alternative equivalent grades,GLOBAL,2026-08-29,6,lomonbillions.global,https://www.lomonbillions.global/,LB Group | High performance titanium dioxide pigments,Product/grade/datasheet page,MANUFACTURER / SUPPLIER / OTHER,MULTIPLE / UNAVAILABLE,[source_id=SERP-REV-BRAND-LB-20260829] Brand-level SERP contains official/product/distributor/comparison results; presence does not establish equivalence.
LB Group Lomon Billions titanium dioxide alternative equivalent grades,GLOBAL,2026-08-29,7,lomonbillions.global,https://www.lomonbillions.global/lb-group-at-acs-2022/,LB Group to promote new titanium dioxide (TiO₂) pigments for coatings and inks at ACS 2022 - LB Group | LB Group,Product/grade/datasheet page,MANUFACTURER / SUPPLIER / OTHER,MULTIPLE / UNAVAILABLE,[source_id=SERP-REV-BRAND-LB-20260829] Brand-level SERP contains official/product/distributor/comparison results; presence does not establish equivalence.
LB Group Lomon Billions titanium dioxide alternative equivalent grades,GLOBAL,2026-08-29,8,lomonbillions.global,https://www.lomonbillions.global/integrated-value-chain/,Integrated Value Chain - LB Group | LB Group,Corporate/content page,MANUFACTURER / SUPPLIER / OTHER,MULTIPLE / UNAVAILABLE,[source_id=SERP-REV-BRAND-LB-20260829] Brand-level SERP contains official/product/distributor/comparison results; presence does not establish equivalence.
LB Group Lomon Billions titanium dioxide alternative equivalent grades,GLOBAL,2026-08-29,9,specialchem.com,https://www.specialchem.com/polymer-additives/supplier/lb-group/billions,BILLIONS™ brand by LB Group - Polymer additives,Corporate/content page,MANUFACTURER / SUPPLIER / OTHER,MULTIPLE / UNAVAILABLE,[source_id=SERP-REV-BRAND-LB-20260829] Brand-level SERP contains official/product/distributor/comparison results; presence does not establish equivalence.
LB Group Lomon Billions titanium dioxide alternative equivalent grades,GLOBAL,2026-08-29,10,lomonbillions.global,https://www.lomonbillions.global/lb-group-will-promote-its-high-performance-titanium-dioxide-pigments-for-plastics-at-k2022/,LB Group will promote its high-performance titanium dioxide pigments for plastics at K2022 - LB Group | LB Group,Product/grade/datasheet page,MANUFACTURER / SUPPLIER / OTHER,MULTIPLE / UNAVAILABLE,[source_id=SERP-REV-BRAND-LB-20260829] Brand-level SERP contains official/product/distributor/comparison results; presence does not establish equivalence.
Tioxide TR92 alternative equivalent,GLOBAL,2026-08-29,1,fp-pigments.com,https://www.fp-pigments.com/wp-content/uploads/2020-06-15-WEBSITE-L447-PDF-Case-Study-HQM-Matt.pdf,FP PIGMENTS,Product/grade/datasheet page,MANUFACTURER / SUPPLIER / OTHER,MULTIPLE / UNAVAILABLE,[source_id=SERP-REV-GRADE-TR92-20260829] Grade-level SERP reviewed; datasheets/product/comparison results require TDS and application validation before any equivalence claim.
Tioxide TR92 alternative equivalent,GLOBAL,2026-08-29,2,fp-pigments.com,https://www.fp-pigments.com/wp-content/uploads/2020-06-22-WEBSITE-L152-PoS-Reformulation-Guidance-v2.pdf,2020-06-22 - WEBSITE L152 - PoS Reformulation Guidance v2,Product/grade/datasheet page,MANUFACTURER / SUPPLIER / OTHER,MULTIPLE / UNAVAILABLE,[source_id=SERP-REV-GRADE-TR92-20260829] Grade-level SERP reviewed; datasheets/product/comparison results require TDS and application validation before any equivalence claim.
Tioxide TR92 alternative equivalent,GLOBAL,2026-08-29,3,di.univ-blida.dz,https://di.univ-blida.dz/xmlui/bitstream/handle/123456789/15056/4.540.1.119.pdf?isAllowed=y&sequence=1,TiNEO,Corporate/content page,MANUFACTURER / SUPPLIER / OTHER,MULTIPLE / UNAVAILABLE,[source_id=SERP-REV-GRADE-TR92-20260829] Grade-level SERP reviewed; datasheets/product/comparison results require TDS and application validation before any equivalence claim.
Tioxide TR92 alternative equivalent,GLOBAL,2026-08-29,4,patentimages.storage.googleapis.com,https://patentimages.storage.googleapis.com/bd/e5/a0/7404f4e9a5415a/US8329786.pdf,US008329786B2,Patent/research,NEITHER / OFFICIAL_OR_RESEARCH,MULTIPLE / UNAVAILABLE,[source_id=SERP-REV-GRADE-TR92-20260829] Grade-level SERP reviewed; datasheets/product/comparison results require TDS and application validation before any equivalence claim.
Tioxide TR92 alternative equivalent,GLOBAL,2026-08-29,5,specialchem.com,https://www.specialchem.com/coatings/product/tioxide-tioxide-tr92,TIOXIDE TR92 - Venator Materials - Technical Datasheet,Product/grade/datasheet page,MANUFACTURER / SUPPLIER / OTHER,MULTIPLE / UNAVAILABLE,[source_id=SERP-REV-GRADE-TR92-20260829] Grade-level SERP reviewed; datasheets/product/comparison results require TDS and application validation before any equivalence claim.
Tioxide TR92 alternative equivalent,GLOBAL,2026-08-29,6,tio2.wiki,https://www.tio2.wiki/products,TiO₂ Wiki – Titanium Dioxide Technical Reference,Product/grade/datasheet page,MANUFACTURER / SUPPLIER / OTHER,MULTIPLE / UNAVAILABLE,[source_id=SERP-REV-GRADE-TR92-20260829] Grade-level SERP reviewed; datasheets/product/comparison results require TDS and application validation before any equivalence claim.
Tioxide TR92 alternative equivalent,GLOBAL,2026-08-29,7,kirklees.gov.uk,https://www.kirklees.gov.uk/beta/planning-applications/search-for-planning-applications/downloaddocument.aspx?application_number=2025%2F92335&file_reference=1115711&size=235761,"Conforms to Regulation (EC) No. 1907/2006 (REACH), Annex II",Official/regulatory,NEITHER / OFFICIAL_OR_RESEARCH,MULTIPLE / UNAVAILABLE,[source_id=SERP-REV-GRADE-TR92-20260829] Grade-level SERP reviewed; datasheets/product/comparison results require TDS and application validation before any equivalence claim.
Tioxide TR92 alternative equivalent,GLOBAL,2026-08-29,8,nordmann.global,https://www.nordmann.global/_Resources/Persistent/2/0/6/6/206626546136d21c4b660abae2a58105f36bd7d1/Rubber%20Compendium_Portfolio.pdf,Knowledge in action,Corporate/content page,MANUFACTURER / SUPPLIER / OTHER,MULTIPLE / UNAVAILABLE,[source_id=SERP-REV-GRADE-TR92-20260829] Grade-level SERP reviewed; datasheets/product/comparison results require TDS and application validation before any equivalence claim.
Tioxide TR92 alternative equivalent,GLOBAL,2026-08-29,9,eko-tec.ru,https://eko-tec.ru/torgoviy-dom/himicheskoe-syre/dioksid-titana/dioksid-titana-tioxide-tr-92/,Диоксид титана Tioxide TR 92 - производитель ЭкоТек,Corporate/content page,MANUFACTURER / SUPPLIER / OTHER,MULTIPLE / UNAVAILABLE,[source_id=SERP-REV-GRADE-TR92-20260829] Grade-level SERP reviewed; datasheets/product/comparison results require TDS and application validation before any equivalence claim.
Tioxide TR92 alternative equivalent,GLOBAL,2026-08-29,10,shzgf.com,https://www.shzgf.com/huntsman_tr92.html,泛能拓TR92多用途氯化法钛白粉_原亨斯迈钛白粉TR92_精颜化工,Corporate/content page,MANUFACTURER / SUPPLIER / OTHER,MULTIPLE / UNAVAILABLE,[source_id=SERP-REV-GRADE-TR92-20260829] Grade-level SERP reviewed; datasheets/product/comparison results require TDS and application validation before any equivalence claim.
Ti-Pure R-706 alternative equivalent,GLOBAL,2026-08-29,1,chemours.com,https://www.chemours.com/en/news-media-center/all-news/press-releases/2025/chemours-launches-ti-pure-ts-6706-a-tmp-tme-free-version-of-flagship-universal-grade-ti-pure-r-706,"Chemours Launches Ti-Pure™ TS-6706, A TMP/TME- Free Version of Flagship Universal Grade, Ti-Pure™ R-706 | Chemours",Product/grade/datasheet page,MANUFACTURER / SUPPLIER / OTHER,MULTIPLE / UNAVAILABLE,[source_id=SERP-REV-GRADE-R706-20260829] Grade-level SERP reviewed; datasheets/product/comparison results require TDS and application validation before any equivalence claim.
Ti-Pure R-706 alternative equivalent,GLOBAL,2026-08-29,2,chemours.de,https://www.chemours.de/news-media-center/all-news/press-releases/2025/chemours-launches-ti-pure-ts-6706-a-tmp-tme-free-version-of-flagship-universal-grade-ti-pure-r-706,"Chemours führt Ti-Pure™ TS-6706 ein, eine TMP/TME-freie Version der universellen Flagship-Lösung Ti-Pure™ R-706 | Chemours",Corporate/content page,MANUFACTURER / SUPPLIER / OTHER,MULTIPLE / UNAVAILABLE,[source_id=SERP-REV-GRADE-R706-20260829] Grade-level SERP reviewed; datasheets/product/comparison results require TDS and application validation before any equivalence claim.
Ti-Pure R-706 alternative equivalent,GLOBAL,2026-08-29,3,tio2agents.com,https://tio2agents.com/compare,"Comparisons — SEMITI vs Ti-Pure, Tronox, Kronos & More | TiO2 Agents",Corporate/content page,MANUFACTURER / SUPPLIER / OTHER,MULTIPLE / UNAVAILABLE,[source_id=SERP-REV-GRADE-R706-20260829] Grade-level SERP reviewed; datasheets/product/comparison results require TDS and application validation before any equivalence claim.
Ti-Pure R-706 alternative equivalent,GLOBAL,2026-08-29,4,tipure.com,https://www.tipure.com/en/products,Titanium Dioxide Manufacturer | Ti-Pure™ TiO₂ by Chemours | Products,Product/grade/datasheet page,MANUFACTURER / SUPPLIER / OTHER,MULTIPLE / UNAVAILABLE,[source_id=SERP-REV-GRADE-R706-20260829] Grade-level SERP reviewed; datasheets/product/comparison results require TDS and application validation before any equivalence claim.
Ti-Pure R-706 alternative equivalent,GLOBAL,2026-08-29,5,tipure.com,https://www.tipure.com/en/products/coatings,Titanium Dioxide Solutions for Coatings | Ti-Pure™ TiO₂ by Chemours,Product/grade/datasheet page,MANUFACTURER / SUPPLIER / OTHER,MULTIPLE / UNAVAILABLE,[source_id=SERP-REV-GRADE-R706-20260829] Grade-level SERP reviewed; datasheets/product/comparison results require TDS and application validation before any equivalence claim.
Ti-Pure R-706 alternative equivalent,GLOBAL,2026-08-29,6,polyestertime.com,https://www.polyestertime.com/tires-pyrolysis/,"Tires Pyrolysis - The Chemours Company (Chemours), a global leader in Thermal & Specialized Solutions, Titanium Technologies, and Advanced Performance Materials, has introduced Ti-Pure™ TS-6706, a TMP- and TME-free alternative to its widely used Ti-Pure™ R-706. This launch offers a regulatory-compliant solution while maintaining the high-performance characteristics essential for coatings applications 24-02-2025 • Polyestertime",Corporate/content page,MANUFACTURER / SUPPLIER / OTHER,MULTIPLE / UNAVAILABLE,[source_id=SERP-REV-GRADE-R706-20260829] Grade-level SERP reviewed; datasheets/product/comparison results require TDS and application validation before any equivalence claim.
Ti-Pure R-706 alternative equivalent,GLOBAL,2026-08-29,7,pcimag.com,https://www.pcimag.com/articles/83622-tio2basics-for-paint-appearance-and-performance,TiO2Basics for Paint Appearance and Performance | PCI Magazine,Corporate/content page,MANUFACTURER / SUPPLIER / OTHER,MULTIPLE / UNAVAILABLE,[source_id=SERP-REV-GRADE-R706-20260829] Grade-level SERP reviewed; datasheets/product/comparison results require TDS and application validation before any equivalence claim.
Ti-Pure R-706 alternative equivalent,GLOBAL,2026-08-29,8,tipure.com,https://www.tipure.com/en/products/coatings/r-706,Titanium Dioxide for Architectural & Automative Coatings | R-706 | TiO₂,Product/grade/datasheet page,MANUFACTURER / SUPPLIER / OTHER,MULTIPLE / UNAVAILABLE,[source_id=SERP-REV-GRADE-R706-20260829] Grade-level SERP reviewed; datasheets/product/comparison results require TDS and application validation before any equivalence claim.
Ti-Pure R-706 alternative equivalent,GLOBAL,2026-08-29,9,chemours.cn,https://www.chemours.cn/news-media-center/all-news/press-releases/2025/chemours-launches-ti-pure-ts-6706-a-tmp-tme-free-version-of-flagship-universal-grade-ti-pure-r-706,科慕发布 Ti-Pure™（淳泰™）TS-6706——旗舰通用产品 Ti-Pure™（淳泰™）R-706 的不含 TMP 和 TME 的版本 | Chemours,Corporate/content page,MANUFACTURER / SUPPLIER / OTHER,MULTIPLE / UNAVAILABLE,[source_id=SERP-REV-GRADE-R706-20260829] Grade-level SERP reviewed; datasheets/product/comparison results require TDS and application validation before any equivalence claim.
Ti-Pure R-706 alternative equivalent,GLOBAL,2026-08-29,10,thiphachem.com,https://thiphachem.com/product/titanium-dioxide-r706/?lang=en,"Titanium Dioxide R706 | THIPHACHEM | Paint additives, Plastic additives",Product/grade/datasheet page,MANUFACTURER / SUPPLIER / OTHER,MULTIPLE / UNAVAILABLE,[source_id=SERP-REV-GRADE-R706-20260829] Grade-level SERP reviewed; datasheets/product/comparison results require TDS and application validation before any equivalence claim.
titanium dioxide distributor,GLOBAL,2026-08-29,1,bharatenterprises.org,https://bharatenterprises.org/,Bharat Enterprises | Titanium Dioxide Distributor | Ti-Pure Products,Product/grade/datasheet page,DISTRIBUTOR / SUPPLIER,MULTIPLE / UNAVAILABLE,[source_id=SERP-REV-BUY-DISTRIBUTOR-20260829] Direct commercial-modifier SERP is supplier/distributor/product-led; metrics remain Unavailable.
titanium dioxide distributor,GLOBAL,2026-08-29,2,podiumgroupllc.com,https://podiumgroupllc.com/,Home 2 - PODIUM GROUP LLC,Corporate/content page,MANUFACTURER / SUPPLIER / OTHER,MULTIPLE / UNAVAILABLE,[source_id=SERP-REV-BUY-DISTRIBUTOR-20260829] Direct commercial-modifier SERP is supplier/distributor/product-led; metrics remain Unavailable.
titanium dioxide distributor,GLOBAL,2026-08-29,3,shankarchemical.com,https://www.shankarchemical.com/,"Trader - Wholesaler / Distributor of Titanium Dioxide Rutile by Shankar Chemicals, New Delhi",Product/grade/datasheet page,DISTRIBUTOR / SUPPLIER,MULTIPLE / UNAVAILABLE,[source_id=SERP-REV-BUY-DISTRIBUTOR-20260829] Direct commercial-modifier SERP is supplier/distributor/product-led; metrics remain Unavailable.
titanium dioxide distributor,GLOBAL,2026-08-29,4,shankarchemindia.com,https://www.shankarchemindia.com/,Shankar Chem India - Trader - Wholesaler / Distributor of Titanium Dioxide from New Delhi,Product/grade/datasheet page,DISTRIBUTOR / SUPPLIER,MULTIPLE / UNAVAILABLE,[source_id=SERP-REV-BUY-DISTRIBUTOR-20260829] Direct commercial-modifier SERP is supplier/distributor/product-led; metrics remain Unavailable.
titanium dioxide distributor,GLOBAL,2026-08-29,5,laxmichemical.in,https://www.laxmichemical.in/,"Titanium Dioxide Trader - Wholesaler / Distributor | Laxmi Chemical, New Delhi",Product/grade/datasheet page,DISTRIBUTOR / SUPPLIER,MULTIPLE / UNAVAILABLE,[source_id=SERP-REV-BUY-DISTRIBUTOR-20260829] Direct commercial-modifier SERP is supplier/distributor/product-led; metrics remain Unavailable.
titanium dioxide distributor,GLOBAL,2026-08-29,6,shivchemical.co.in,https://www.shivchemical.co.in/,"Trader - Wholesaler / Distributor of Titanium Dioxide by Shiv Chemical, New Delhi",Product/grade/datasheet page,DISTRIBUTOR / SUPPLIER,MULTIPLE / UNAVAILABLE,[source_id=SERP-REV-BUY-DISTRIBUTOR-20260829] Direct commercial-modifier SERP is supplier/distributor/product-led; metrics remain Unavailable.
titanium dioxide distributor,GLOBAL,2026-08-29,7,connectionchemical.com,https://www.connectionchemical.com/titanium-dioxide/,"Buy Titanium Dioxide (TiO2) Supplier & Distributor | Connection Chemical, LP",Product/grade/datasheet page,DISTRIBUTOR / SUPPLIER,MULTIPLE / UNAVAILABLE,[source_id=SERP-REV-BUY-DISTRIBUTOR-20260829] Direct commercial-modifier SERP is supplier/distributor/product-led; metrics remain Unavailable.
titanium dioxide distributor,GLOBAL,2026-08-29,8,todini.com,https://www.todini.com/chemicals/metals-specialty/titanium-dioxide,Titanium Dioxide - Distributor & Supplier | CAS 13463-67-7 | Todini Chemicals,Product/grade/datasheet page,DISTRIBUTOR / SUPPLIER,MULTIPLE / UNAVAILABLE,[source_id=SERP-REV-BUY-DISTRIBUTOR-20260829] Direct commercial-modifier SERP is supplier/distributor/product-led; metrics remain Unavailable.
titanium dioxide distributor,GLOBAL,2026-08-29,9,k77trade.com,https://k77trade.com/,Home - K77 Trade Inc. Titanium Dioxide,Product/grade/datasheet page,MANUFACTURER / SUPPLIER / OTHER,MULTIPLE / UNAVAILABLE,[source_id=SERP-REV-BUY-DISTRIBUTOR-20260829] Direct commercial-modifier SERP is supplier/distributor/product-led; metrics remain Unavailable.
titanium dioxide distributor,GLOBAL,2026-08-29,10,tipure.com,https://www.tipure.com/en/support,"Support, Sales, & More Information for Ti-Pure™ Solutions",Corporate/content page,MANUFACTURER / SUPPLIER / OTHER,MULTIPLE / UNAVAILABLE,[source_id=SERP-REV-BUY-DISTRIBUTOR-20260829] Direct commercial-modifier SERP is supplier/distributor/product-led; metrics remain Unavailable.
titanium dioxide equivalent grade,GLOBAL,2026-08-29,1,tio2.wiki,https://www.tio2.wiki/products,TiO₂ Wiki – Titanium Dioxide Technical Reference,Product/grade/datasheet page,MANUFACTURER / SUPPLIER / OTHER,MULTIPLE / UNAVAILABLE,[source_id=SERP-REV-BUY-EQUIVALENT-GRADE-20260829] Grade-level SERP reviewed; datasheets/product/comparison results require TDS and application validation before any equivalence claim.
titanium dioxide equivalent grade,GLOBAL,2026-08-29,2,plasticpipe.org,https://www.plasticpipe.org/common/Uploaded%20files/Technical/TR-02-2023.pdf,TABLE 6A – TITANIUM DIOXIDE,Product/grade/datasheet page,MANUFACTURER / SUPPLIER / OTHER,MULTIPLE / UNAVAILABLE,[source_id=SERP-REV-BUY-EQUIVALENT-GRADE-20260829] Grade-level SERP reviewed; datasheets/product/comparison results require TDS and application validation before any equivalence claim.
titanium dioxide equivalent grade,GLOBAL,2026-08-29,3,plasticpipe.org,https://www.plasticpipe.org/common/Uploaded%20files/Technical/PPI-TR-02-2024.pdf,TABLE 6C – TITANIUM DIOXIDE FUNCTIONAL EQUIVALENT -- DRY POWDERS,Product/grade/datasheet page,MANUFACTURER / SUPPLIER / OTHER,MULTIPLE / UNAVAILABLE,[source_id=SERP-REV-BUY-EQUIVALENT-GRADE-20260829] Grade-level SERP reviewed; datasheets/product/comparison results require TDS and application validation before any equivalence claim.
titanium dioxide equivalent grade,GLOBAL,2026-08-29,4,ncbi.nlm.nih.gov,https://www.ncbi.nlm.nih.gov/books/NBK326523/,"Exposure Data - Carbon Black, Titanium Dioxide, and Talc - NCBI Bookshelf",Product/grade/datasheet page,MANUFACTURER / SUPPLIER / OTHER,MULTIPLE / UNAVAILABLE,[source_id=SERP-REV-BUY-EQUIVALENT-GRADE-20260829] Grade-level SERP reviewed; datasheets/product/comparison results require TDS and application validation before any equivalence claim.
titanium dioxide equivalent grade,GLOBAL,2026-08-29,5,5.imimg.com,https://5.imimg.com/data5/SELLER/Doc/2024/5/416553597/FL/XK/SJ/66466237/titanium-dioxide-anatase-grade.pdf,Scientific Advice on Titanium dioxide (TiO₂),Product/grade/datasheet page,MANUFACTURER / SUPPLIER / OTHER,MULTIPLE / UNAVAILABLE,[source_id=SERP-REV-BUY-EQUIVALENT-GRADE-20260829] Grade-level SERP reviewed; datasheets/product/comparison results require TDS and application validation before any equivalence claim.
titanium dioxide equivalent grade,GLOBAL,2026-08-29,6,eastmaterials.com,https://www.eastmaterials.com/products/titanium-dioxide/,"Titanium Dioxide (TiO₂) — Rutile & Anatase Pigment Grades for Coatings, Plastics, Paper, Inks, and Cosmetics | East Materials",Product/grade/datasheet page,MANUFACTURER / SUPPLIER / OTHER,MULTIPLE / UNAVAILABLE,[source_id=SERP-REV-BUY-EQUIVALENT-GRADE-20260829] Grade-level SERP reviewed; datasheets/product/comparison results require TDS and application validation before any equivalence claim.
titanium dioxide equivalent grade,GLOBAL,2026-08-29,7,iskweb.co.jp,https://www.iskweb.co.jp/eng/products/spec/spec03.html,"Titanium dioxide in sulfate process (Anatase Type) | Products | ISHIHARA SANGYO KAISHA,LTD.",Product/grade/datasheet page,MANUFACTURER / SUPPLIER / OTHER,MULTIPLE / UNAVAILABLE,[source_id=SERP-REV-BUY-EQUIVALENT-GRADE-20260829] Grade-level SERP reviewed; datasheets/product/comparison results require TDS and application validation before any equivalence claim.
titanium dioxide equivalent grade,GLOBAL,2026-08-29,8,plasticpipe.org,https://www.plasticpipe.org/common/Uploaded%20files/Technical/TR-02-2021.pdf,TABLE 6A – TITANIUM DIOXIDE,Product/grade/datasheet page,MANUFACTURER / SUPPLIER / OTHER,MULTIPLE / UNAVAILABLE,[source_id=SERP-REV-BUY-EQUIVALENT-GRADE-20260829] Grade-level SERP reviewed; datasheets/product/comparison results require TDS and application validation before any equivalence claim.
titanium dioxide equivalent grade,GLOBAL,2026-08-29,9,ec2-18-220-190-8.us-east-2.compute.amazonaws.com,https://ec2-18-220-190-8.us-east-2.compute.amazonaws.com/pdf/tr-2-2020.pdf,TABLE 6C – TITANIUM DIOXIDE FUNCTIONAL EQUIVALENT -- DRY POWDERS,Product/grade/datasheet page,MANUFACTURER / SUPPLIER / OTHER,MULTIPLE / UNAVAILABLE,[source_id=SERP-REV-BUY-EQUIVALENT-GRADE-20260829] Grade-level SERP reviewed; datasheets/product/comparison results require TDS and application validation before any equivalence claim.
titanium dioxide equivalent grade,GLOBAL,2026-08-29,10,kronosww.com,https://www.kronosww.com/grade/kronos-2044/,"KRONOS 2044 titanium dioxide - KRONOS Worldwide, Inc",Product/grade/datasheet page,MANUFACTURER / SUPPLIER / OTHER,MULTIPLE / UNAVAILABLE,[source_id=SERP-REV-BUY-EQUIVALENT-GRADE-20260829] Grade-level SERP reviewed; datasheets/product/comparison results require TDS and application validation before any equivalence claim.
titanium dioxide grade alternative,GLOBAL,2026-08-29,1,sciencedirect.com,https://www.sciencedirect.com/science/article/pii/S0022354923005154,"Titanium Dioxide (E171 Grade) and the Search For Replacement Opacifiers and Colorants: Supplier Readiness Survey, Case Studies and Regulatory Perspective - ScienceDirect",Product/grade/datasheet page,DISTRIBUTOR / SUPPLIER,MULTIPLE / UNAVAILABLE,[source_id=SERP-REV-BUY-GRADE-ALTERNATIVE-20260829] Grade-level SERP reviewed; datasheets/product/comparison results require TDS and application validation before any equivalence claim.
titanium dioxide grade alternative,GLOBAL,2026-08-29,2,sciencedirect.com,https://www.sciencedirect.com/science/article/abs/pii/S002235492200346X,The Role of Titanium Dioxide (E171) and the Requirements for Replacement Materials in Oral Solid Dosage Forms: An IQ Consortium Working Group Review - ScienceDirect,Product/grade/datasheet page,MANUFACTURER / SUPPLIER / OTHER,MULTIPLE / UNAVAILABLE,[source_id=SERP-REV-BUY-GRADE-ALTERNATIVE-20260829] Grade-level SERP reviewed; datasheets/product/comparison results require TDS and application validation before any equivalence claim.
titanium dioxide grade alternative,GLOBAL,2026-08-29,3,efpia.eu,https://www.efpia.eu/media/pzxjd53b/titanium-dioxide-and-alternatives-industry-submission-to-ema-feb-2024.pdf,TiO2 and alternatives_Industry final report to QWP EMA 2024 with annexes,Corporate/content page,MANUFACTURER / SUPPLIER / OTHER,MULTIPLE / UNAVAILABLE,[source_id=SERP-REV-BUY-GRADE-ALTERNATIVE-20260829] Grade-level SERP reviewed; datasheets/product/comparison results require TDS and application validation before any equivalence claim.
titanium dioxide grade alternative,GLOBAL,2026-08-29,4,eastmaterials.com,https://www.eastmaterials.com/products/titanium-dioxide/,"Titanium Dioxide (TiO₂) — Rutile & Anatase Pigment Grades for Coatings, Plastics, Paper, Inks, and Cosmetics | East Materials",Product/grade/datasheet page,MANUFACTURER / SUPPLIER / OTHER,MULTIPLE / UNAVAILABLE,[source_id=SERP-REV-BUY-GRADE-ALTERNATIVE-20260829] Grade-level SERP reviewed; datasheets/product/comparison results require TDS and application validation before any equivalence claim.
titanium dioxide grade alternative,GLOBAL,2026-08-29,5,rpa-studies.com,https://rpa-studies.com/uploads/report_files/titanium-dioxide-918.pdf,8 Annex 2: Alternatives for titanium dioxide,Product/grade/datasheet page,MANUFACTURER / SUPPLIER / OTHER,MULTIPLE / UNAVAILABLE,[source_id=SERP-REV-BUY-GRADE-ALTERNATIVE-20260829] Grade-level SERP reviewed; datasheets/product/comparison results require TDS and application validation before any equivalence claim.
titanium dioxide grade alternative,GLOBAL,2026-08-29,6,tio2.wiki,https://www.tio2.wiki/products,TiO₂ Wiki – Titanium Dioxide Technical Reference,Product/grade/datasheet page,MANUFACTURER / SUPPLIER / OTHER,MULTIPLE / UNAVAILABLE,[source_id=SERP-REV-BUY-GRADE-ALTERNATIVE-20260829] Grade-level SERP reviewed; datasheets/product/comparison results require TDS and application validation before any equivalence claim.
titanium dioxide grade alternative,GLOBAL,2026-08-29,7,tio2agents.com,https://tio2agents.com/compare,"Comparisons — SEMITI vs Ti-Pure, Tronox, Kronos & More | TiO2 Agents",Corporate/content page,MANUFACTURER / SUPPLIER / OTHER,MULTIPLE / UNAVAILABLE,[source_id=SERP-REV-BUY-GRADE-ALTERNATIVE-20260829] Grade-level SERP reviewed; datasheets/product/comparison results require TDS and application validation before any equivalence claim.
titanium dioxide grade alternative,GLOBAL,2026-08-29,8,rtio2.com,https://www.rtio2.com/faq.html,"Titanium Dioxide FAQ, Rutile vs Anatase",Product/grade/datasheet page,MANUFACTURER / SUPPLIER / OTHER,MULTIPLE / UNAVAILABLE,[source_id=SERP-REV-BUY-GRADE-ALTERNATIVE-20260829] Grade-level SERP reviewed; datasheets/product/comparison results require TDS and application validation before any equivalence claim.
titanium dioxide grade alternative,GLOBAL,2026-08-29,9,db.cngb.org,https://db.cngb.org/data_resources/literature/38092288,"Titanium Dioxide (E171 Grade) and the Search For Replacement Opacifiers and Colorants: Supplier Readiness Survey, Case Studies and Regulatory Perspective. - Literature - Data resources - CNGBdb",Product/grade/datasheet page,DISTRIBUTOR / SUPPLIER,MULTIPLE / UNAVAILABLE,[source_id=SERP-REV-BUY-GRADE-ALTERNATIVE-20260829] Grade-level SERP reviewed; datasheets/product/comparison results require TDS and application validation before any equivalence claim.
titanium dioxide grade alternative,GLOBAL,2026-08-29,10,aiokasm.com,https://aiokasm.com/products/titanium-dioxide,Titanium Dioxide (Rutile & Anatase) Grades | Aiokasm Exim,Product/grade/datasheet page,MANUFACTURER / SUPPLIER / OTHER,MULTIPLE / UNAVAILABLE,[source_id=SERP-REV-BUY-GRADE-ALTERNATIVE-20260829] Grade-level SERP reviewed; datasheets/product/comparison results require TDS and application validation before any equivalence claim.
titanium dioxide quotation,GLOBAL,2026-08-29,1,chemicalbook.com,https://www.chemicalbook.com/Price/Titanium-dioxide-1.htm,"Titanium dioxide price,buy Titanium dioxide - chemicalbook",Product/grade/datasheet page,MANUFACTURER / SUPPLIER / OTHER,MULTIPLE / UNAVAILABLE,[source_id=SERP-REV-BUY-QUOTATION-20260829] Direct commercial-modifier SERP is supplier/distributor/product-led; metrics remain Unavailable.
titanium dioxide quotation,GLOBAL,2026-08-29,2,aqua-calc.com,https://www.aqua-calc.com/calculate/materials-price/substance/titanium-blank-dioxide,"Titanium dioxide price conversions, cost calculator",Product/grade/datasheet page,MANUFACTURER / SUPPLIER / OTHER,MULTIPLE / UNAVAILABLE,[source_id=SERP-REV-BUY-QUOTATION-20260829] Direct commercial-modifier SERP is supplier/distributor/product-led; metrics remain Unavailable.
titanium dioxide quotation,GLOBAL,2026-08-29,3,spectrumchemical.com,https://www.spectrumchemical.com/pdfdetails/pdf/index/productSku/TI140/,Product Details,Product/grade/datasheet page,MANUFACTURER / SUPPLIER / OTHER,MULTIPLE / UNAVAILABLE,[source_id=SERP-REV-BUY-QUOTATION-20260829] Direct commercial-modifier SERP is supplier/distributor/product-led; metrics remain Unavailable.
titanium dioxide quotation,GLOBAL,2026-08-29,4,tio2source.com,https://tio2source.com/,"TiO2 Source — Rutile & Anatase Titanium Dioxide, Sourced from China",Product/grade/datasheet page,MANUFACTURER / SUPPLIER / OTHER,MULTIPLE / UNAVAILABLE,[source_id=SERP-REV-BUY-QUOTATION-20260829] Direct commercial-modifier SERP is supplier/distributor/product-led; metrics remain Unavailable.
titanium dioxide quotation,GLOBAL,2026-08-29,5,expertmarketresearch.com,https://www.expertmarketresearch.com/price-forecast/titanium-dioxide-price-trends,Titanium Dioxide Price Trend 2026 | Forecast & Analysis,Product/grade/datasheet page,MANUFACTURER / SUPPLIER / OTHER,MULTIPLE / UNAVAILABLE,[source_id=SERP-REV-BUY-QUOTATION-20260829] Direct commercial-modifier SERP is supplier/distributor/product-led; metrics remain Unavailable.
titanium dioxide quotation,GLOBAL,2026-08-29,6,spectrumchemical.com,https://www.spectrumchemical.com/pdfdetails/pdf/index/productSku/T1081/,Product Details,Product/grade/datasheet page,MANUFACTURER / SUPPLIER / OTHER,MULTIPLE / UNAVAILABLE,[source_id=SERP-REV-BUY-QUOTATION-20260829] Direct commercial-modifier SERP is supplier/distributor/product-led; metrics remain Unavailable.
titanium dioxide quotation,GLOBAL,2026-08-29,7,prochemonline.com,https://prochemonline.com/product/titaniumivoxide-3709/,"Titanium (IV) Oxide - ProChem, Inc.",Corporate/content page,MANUFACTURER / SUPPLIER / OTHER,MULTIPLE / UNAVAILABLE,[source_id=SERP-REV-BUY-QUOTATION-20260829] Direct commercial-modifier SERP is supplier/distributor/product-led; metrics remain Unavailable.
titanium dioxide quotation,GLOBAL,2026-08-29,8,prochemonline.com,https://prochemonline.com/product/titaniumivoxide-3706/,"Titanium (IV) Oxide - ProChem, Inc.",Corporate/content page,MANUFACTURER / SUPPLIER / OTHER,MULTIPLE / UNAVAILABLE,[source_id=SERP-REV-BUY-QUOTATION-20260829] Direct commercial-modifier SERP is supplier/distributor/product-led; metrics remain Unavailable.
titanium dioxide quotation,GLOBAL,2026-08-29,9,chemanalyst.com,https://www.chemanalyst.com/Pricing-data/titanium-dioxide-52,"Titanium Dioxide Price Index, Trends, Chart, News and Forecast",Product/grade/datasheet page,MANUFACTURER / SUPPLIER / OTHER,MULTIPLE / UNAVAILABLE,[source_id=SERP-REV-BUY-QUOTATION-20260829] Direct commercial-modifier SERP is supplier/distributor/product-led; metrics remain Unavailable.
titanium dioxide quotation,GLOBAL,2026-08-29,10,opnplatform.com,https://opnplatform.com/price/tio2,Titanium Dioxide (TiO2 pigment) Price 2026 — Titanium Dioxide (TiO2 pigment) | PackIndex,Product/grade/datasheet page,MANUFACTURER / SUPPLIER / OTHER,MULTIPLE / UNAVAILABLE,[source_id=SERP-REV-BUY-QUOTATION-20260829] Direct commercial-modifier SERP is supplier/distributor/product-led; metrics remain Unavailable.
titanium dioxide quote supplier,GLOBAL,2026-08-29,1,tio2agents.com,https://tio2agents.com/,TiO2 Agents — Titanium Dioxide Supplier from China,Product/grade/datasheet page,DISTRIBUTOR / SUPPLIER,MULTIPLE / UNAVAILABLE,[source_id=SERP-REV-BUY-QUOTE-20260829] Direct commercial-modifier SERP is supplier/distributor/product-led; metrics remain Unavailable.
titanium dioxide quote supplier,GLOBAL,2026-08-29,2,tio2source.com,https://tio2source.com/,"TiO2 Source — Rutile & Anatase Titanium Dioxide, Sourced from China",Product/grade/datasheet page,MANUFACTURER / SUPPLIER / OTHER,MULTIPLE / UNAVAILABLE,[source_id=SERP-REV-BUY-QUOTE-20260829] Direct commercial-modifier SERP is supplier/distributor/product-led; metrics remain Unavailable.
titanium dioxide quote supplier,GLOBAL,2026-08-29,3,tioxin.com,https://tioxin.com/,Titanium Dioxide Manufacturer & Industrial Chemical Supplier,Product/grade/datasheet page,DISTRIBUTOR / SUPPLIER,MULTIPLE / UNAVAILABLE,[source_id=SERP-REV-BUY-QUOTE-20260829] Direct commercial-modifier SERP is supplier/distributor/product-led; metrics remain Unavailable.
titanium dioxide quote supplier,GLOBAL,2026-08-29,4,univarsolutions.com,https://www.univarsolutions.com/suppliers/ineos-pigments/titanium-dioxide%3Fsrsltid%3DAfmBOoq6NeS1ALl4CfkoDEJiRuqdVC2ABuef9dWnNUlcffCi1tH5rcb1,Titanium Dioxide Supplier and Distributor | Univar Solutions,Product/grade/datasheet page,DISTRIBUTOR / SUPPLIER,MULTIPLE / UNAVAILABLE,[source_id=SERP-REV-BUY-QUOTE-20260829] Direct commercial-modifier SERP is supplier/distributor/product-led; metrics remain Unavailable.
titanium dioxide quote supplier,GLOBAL,2026-08-29,5,platergroup.co.uk,https://www.platergroup.co.uk/products/titanium-dioxide,Titanium Dioxide : Plater Group Ltd,Product/grade/datasheet page,DISTRIBUTOR / SUPPLIER,MULTIPLE / UNAVAILABLE,[source_id=SERP-REV-BUY-QUOTE-20260829] Direct commercial-modifier SERP is supplier/distributor/product-led; metrics remain Unavailable.
titanium dioxide quote supplier,GLOBAL,2026-08-29,6,titaniumdioxide.co.za,https://titaniumdioxide.co.za/products/,Products - Titanium Dioxide SA,Product/grade/datasheet page,MANUFACTURER / SUPPLIER / OTHER,MULTIPLE / UNAVAILABLE,[source_id=SERP-REV-BUY-QUOTE-20260829] Direct commercial-modifier SERP is supplier/distributor/product-led; metrics remain Unavailable.
titanium dioxide quote supplier,GLOBAL,2026-08-29,7,gjchemical.com,https://gjchemical.com/chemical-distributor/titanium-dioxide-uspnf-grade-supplier-910.aspx,"Titanium Dioxide USP/NF GRADE Supplier and Distributor | Buy Titanium Dioxide USP/NF GRADE Bulk, Drums, LTL at GJ Chemical",Product/grade/datasheet page,DISTRIBUTOR / SUPPLIER,MULTIPLE / UNAVAILABLE,[source_id=SERP-REV-BUY-QUOTE-20260829] Direct commercial-modifier SERP is supplier/distributor/product-led; metrics remain Unavailable.
titanium dioxide quote supplier,GLOBAL,2026-08-29,8,titaniumdioxide.eu,https://titaniumdioxide.eu/,Titanium Dioxide Sales,Product/grade/datasheet page,MANUFACTURER / SUPPLIER / OTHER,MULTIPLE / UNAVAILABLE,[source_id=SERP-REV-BUY-QUOTE-20260829] Direct commercial-modifier SERP is supplier/distributor/product-led; metrics remain Unavailable.
titanium dioxide quote supplier,GLOBAL,2026-08-29,9,titaniumdioxide.co.za,https://titaniumdioxide.co.za/,Home - Titanium Dioxide SA,Product/grade/datasheet page,MANUFACTURER / SUPPLIER / OTHER,MULTIPLE / UNAVAILABLE,[source_id=SERP-REV-BUY-QUOTE-20260829] Direct commercial-modifier SERP is supplier/distributor/product-led; metrics remain Unavailable.
titanium dioxide quote supplier,GLOBAL,2026-08-29,10,titaniumdioxide.co.za,https://titaniumdioxide.co.za/faq/,FAQ - Titanium Dioxide SA,Product/grade/datasheet page,MANUFACTURER / SUPPLIER / OTHER,MULTIPLE / UNAVAILABLE,[source_id=SERP-REV-BUY-QUOTE-20260829] Direct commercial-modifier SERP is supplier/distributor/product-led; metrics remain Unavailable.
titanium dioxide replacement equivalent,GLOBAL,2026-08-29,1,sciencedirect.com,https://www.sciencedirect.com/science/article/pii/S002235492200346X,The Role of Titanium Dioxide (E171) and the Requirements for Replacement Materials in Oral Solid Dosage Forms: An IQ Consortium Working Group Review - ScienceDirect,Product/grade/datasheet page,MANUFACTURER / SUPPLIER / OTHER,MULTIPLE / UNAVAILABLE,[source_id=SERP-REV-BUY-REPLACEMENT-20260829] Direct commercial-modifier SERP is supplier/distributor/product-led; metrics remain Unavailable.
titanium dioxide replacement equivalent,GLOBAL,2026-08-29,2,pubmed.ncbi.nlm.nih.gov,https://pubmed.ncbi.nlm.nih.gov/38092288/,"Titanium Dioxide (E171 Grade) and the Search For Replacement Opacifiers and Colorants: Supplier Readiness Survey, Case Studies and Regulatory Perspective.",Product/grade/datasheet page,DISTRIBUTOR / SUPPLIER,MULTIPLE / UNAVAILABLE,[source_id=SERP-REV-BUY-REPLACEMENT-20260829] Direct commercial-modifier SERP is supplier/distributor/product-led; metrics remain Unavailable.
titanium dioxide replacement equivalent,GLOBAL,2026-08-29,3,sciencedirect.com,https://www.sciencedirect.com/science/article/abs/pii/S002235492200346X,The Role of Titanium Dioxide (E171) and the Requirements for Replacement Materials in Oral Solid Dosage Forms: An IQ Consortium Working Group Review - ScienceDirect,Product/grade/datasheet page,MANUFACTURER / SUPPLIER / OTHER,MULTIPLE / UNAVAILABLE,[source_id=SERP-REV-BUY-REPLACEMENT-20260829] Direct commercial-modifier SERP is supplier/distributor/product-led; metrics remain Unavailable.
titanium dioxide replacement equivalent,GLOBAL,2026-08-29,4,sciencedirect.com,https://www.sciencedirect.com/science/article/pii/S0022354923005154,"Titanium Dioxide (E171 Grade) and the Search For Replacement Opacifiers and Colorants: Supplier Readiness Survey, Case Studies and Regulatory Perspective - ScienceDirect",Product/grade/datasheet page,DISTRIBUTOR / SUPPLIER,MULTIPLE / UNAVAILABLE,[source_id=SERP-REV-BUY-REPLACEMENT-20260829] Direct commercial-modifier SERP is supplier/distributor/product-led; metrics remain Unavailable.
titanium dioxide replacement equivalent,GLOBAL,2026-08-29,5,pubmed.ncbi.nlm.nih.gov,https://pubmed.ncbi.nlm.nih.gov/35973604/,The Role of Titanium Dioxide (E171) and the Requirements for Replacement Materials in Oral Solid Dosage Forms: An IQ Consortium Working Group Review - PubMed,Product/grade/datasheet page,MANUFACTURER / SUPPLIER / OTHER,MULTIPLE / UNAVAILABLE,[source_id=SERP-REV-BUY-REPLACEMENT-20260829] Direct commercial-modifier SERP is supplier/distributor/product-led; metrics remain Unavailable.
titanium dioxide replacement equivalent,GLOBAL,2026-08-29,6,sciencedirect.com,https://www.sciencedirect.com/science/article/pii/S0022354925003053,"Stability impact from a titanium dioxide-free film-coated tablet: An analytical investigation into photo-, physical, and chemical stability of compressed tablets made with alternative film-coating materials - ScienceDirect",Product/grade/datasheet page,MANUFACTURER / SUPPLIER / OTHER,MULTIPLE / UNAVAILABLE,[source_id=SERP-REV-BUY-REPLACEMENT-20260829] Direct commercial-modifier SERP is supplier/distributor/product-led; metrics remain Unavailable.
titanium dioxide replacement equivalent,GLOBAL,2026-08-29,7,flavorlab.ai,https://flavorlab.ai/blog/titanium-dioxide-alternatives,Replacing titanium dioxide: why white is the hardest color to reformulate | FlavorLab.ai,Product/grade/datasheet page,MANUFACTURER / SUPPLIER / OTHER,MULTIPLE / UNAVAILABLE,[source_id=SERP-REV-BUY-REPLACEMENT-20260829] Direct commercial-modifier SERP is supplier/distributor/product-led; metrics remain Unavailable.
titanium dioxide replacement equivalent,GLOBAL,2026-08-29,8,plasticpipe.org,https://www.plasticpipe.org/common/Uploaded%20files/Technical/PPI-TR-02-2024.pdf,TABLE 6C – TITANIUM DIOXIDE FUNCTIONAL EQUIVALENT -- DRY POWDERS,Product/grade/datasheet page,MANUFACTURER / SUPPLIER / OTHER,MULTIPLE / UNAVAILABLE,[source_id=SERP-REV-BUY-REPLACEMENT-20260829] Direct commercial-modifier SERP is supplier/distributor/product-led; metrics remain Unavailable.
titanium dioxide replacement equivalent,GLOBAL,2026-08-29,9,plasticpipe.org,https://www.plasticpipe.org/common/Uploaded%20files/Technical/TR-02-2020.pdf,TABLE 6C – TITANIUM DIOXIDE FUNCTIONAL EQUIVALENT -- DRY POWDERS,Product/grade/datasheet page,MANUFACTURER / SUPPLIER / OTHER,MULTIPLE / UNAVAILABLE,[source_id=SERP-REV-BUY-REPLACEMENT-20260829] Direct commercial-modifier SERP is supplier/distributor/product-led; metrics remain Unavailable.
titanium dioxide replacement equivalent,GLOBAL,2026-08-29,10,efpia.eu,https://www.efpia.eu/media/pzxjd53b/titanium-dioxide-and-alternatives-industry-submission-to-ema-feb-2024.pdf,TiO2 and alternatives_Industry final report to QWP EMA 2024 with annexes,Corporate/content page,MANUFACTURER / SUPPLIER / OTHER,MULTIPLE / UNAVAILABLE,[source_id=SERP-REV-BUY-REPLACEMENT-20260829] Direct commercial-modifier SERP is supplier/distributor/product-led; metrics remain Unavailable.
titanium dioxide sample supplier,GLOBAL,2026-08-29,1,jiutatitanium.com,https://jiutatitanium.com/sample.html,Get Sample,Corporate/content page,MANUFACTURER / SUPPLIER / OTHER,MULTIPLE / UNAVAILABLE,[source_id=SERP-REV-BUY-SAMPLE-20260829] Direct commercial-modifier SERP is supplier/distributor/product-led; metrics remain Unavailable.
titanium dioxide sample supplier,GLOBAL,2026-08-29,2,tio2agents.com,https://tio2agents.com/,TiO2 Agents — Titanium Dioxide Supplier from China,Product/grade/datasheet page,DISTRIBUTOR / SUPPLIER,MULTIPLE / UNAVAILABLE,[source_id=SERP-REV-BUY-SAMPLE-20260829] Direct commercial-modifier SERP is supplier/distributor/product-led; metrics remain Unavailable.
titanium dioxide sample supplier,GLOBAL,2026-08-29,3,tinoxchem.com,https://tinoxchem.com/,Titanium Dioxide Supplier from Germany | Tinox Chemie GmbH,Product/grade/datasheet page,DISTRIBUTOR / SUPPLIER,MULTIPLE / UNAVAILABLE,[source_id=SERP-REV-BUY-SAMPLE-20260829] Direct commercial-modifier SERP is supplier/distributor/product-led; metrics remain Unavailable.
titanium dioxide sample supplier,GLOBAL,2026-08-29,4,titantitanium.cn,https://www.titantitanium.cn/,Titanium Dioxide Supplier for Coatings & Plastics | TITAN,Product/grade/datasheet page,DISTRIBUTOR / SUPPLIER,MULTIPLE / UNAVAILABLE,[source_id=SERP-REV-BUY-SAMPLE-20260829] Direct commercial-modifier SERP is supplier/distributor/product-led; metrics remain Unavailable.
titanium dioxide sample supplier,GLOBAL,2026-08-29,5,tipure.com,https://www.tipure.com/en/support/sample-request,Request a Ti-Pure™ Titanium Dioxide (TiO₂) Product Sample,Product/grade/datasheet page,MANUFACTURER / SUPPLIER / OTHER,MULTIPLE / UNAVAILABLE,[source_id=SERP-REV-BUY-SAMPLE-20260829] Direct commercial-modifier SERP is supplier/distributor/product-led; metrics remain Unavailable.
titanium dioxide sample supplier,GLOBAL,2026-08-29,6,titaniumdioxide.co.za,https://titaniumdioxide.co.za/,Home - Titanium Dioxide SA,Product/grade/datasheet page,MANUFACTURER / SUPPLIER / OTHER,MULTIPLE / UNAVAILABLE,[source_id=SERP-REV-BUY-SAMPLE-20260829] Direct commercial-modifier SERP is supplier/distributor/product-led; metrics remain Unavailable.
titanium dioxide sample supplier,GLOBAL,2026-08-29,7,titaniumdioxide.eu,https://titaniumdioxide.eu/,Titanium Dioxide Sales,Product/grade/datasheet page,MANUFACTURER / SUPPLIER / OTHER,MULTIPLE / UNAVAILABLE,[source_id=SERP-REV-BUY-SAMPLE-20260829] Direct commercial-modifier SERP is supplier/distributor/product-led; metrics remain Unavailable.
titanium dioxide sample supplier,GLOBAL,2026-08-29,8,tio2source.com,https://tio2source.com/,"TiO2 Source — Rutile & Anatase Titanium Dioxide, Sourced from China",Product/grade/datasheet page,MANUFACTURER / SUPPLIER / OTHER,MULTIPLE / UNAVAILABLE,[source_id=SERP-REV-BUY-SAMPLE-20260829] Direct commercial-modifier SERP is supplier/distributor/product-led; metrics remain Unavailable.
titanium dioxide sample supplier,GLOBAL,2026-08-29,9,kishcompany.com,https://www.kishcompany.com/products/tio2-titanium-dioxide/,TiO2 Titanium Dioxide Supplier & Distributor - The Kish Company,Product/grade/datasheet page,DISTRIBUTOR / SUPPLIER,MULTIPLE / UNAVAILABLE,[source_id=SERP-REV-BUY-SAMPLE-20260829] Direct commercial-modifier SERP is supplier/distributor/product-led; metrics remain Unavailable.
titanium dioxide sample supplier,GLOBAL,2026-08-29,10,chemzip.com,https://chemzip.com/products/titanium-dioxide-cosmetic,Titanium Dioxide (Cosmetic Grade) Supplier & Exporter | Chemzip,Product/grade/datasheet page,DISTRIBUTOR / SUPPLIER,MULTIPLE / UNAVAILABLE,[source_id=SERP-REV-BUY-SAMPLE-20260829] Direct commercial-modifier SERP is supplier/distributor/product-led; metrics remain Unavailable.
titanium dioxide sourcing supplier,GLOBAL,2026-08-29,1,tinoxchem.com,https://tinoxchem.com/services,"Services — TiO₂ Sourcing, Technical & Logistics | Tinox Chemie",Corporate/content page,MANUFACTURER / SUPPLIER / OTHER,MULTIPLE / UNAVAILABLE,[source_id=SERP-REV-BUY-SOURCING-20260829] Direct commercial-modifier SERP is supplier/distributor/product-led; metrics remain Unavailable.
titanium dioxide sourcing supplier,GLOBAL,2026-08-29,2,tio2source.com,https://tio2source.com/,"TiO2 Source — Rutile & Anatase Titanium Dioxide, Sourced from China",Product/grade/datasheet page,MANUFACTURER / SUPPLIER / OTHER,MULTIPLE / UNAVAILABLE,[source_id=SERP-REV-BUY-SOURCING-20260829] Direct commercial-modifier SERP is supplier/distributor/product-led; metrics remain Unavailable.
titanium dioxide sourcing supplier,GLOBAL,2026-08-29,3,tinoxchem.com,https://tinoxchem.com/,Titanium Dioxide Supplier from Germany | Tinox Chemie GmbH,Product/grade/datasheet page,DISTRIBUTOR / SUPPLIER,MULTIPLE / UNAVAILABLE,[source_id=SERP-REV-BUY-SOURCING-20260829] Direct commercial-modifier SERP is supplier/distributor/product-led; metrics remain Unavailable.
titanium dioxide sourcing supplier,GLOBAL,2026-08-29,4,titaniumdioxide.co.za,https://titaniumdioxide.co.za/,Home - Titanium Dioxide SA,Product/grade/datasheet page,MANUFACTURER / SUPPLIER / OTHER,MULTIPLE / UNAVAILABLE,[source_id=SERP-REV-BUY-SOURCING-20260829] Direct commercial-modifier SERP is supplier/distributor/product-led; metrics remain Unavailable.
titanium dioxide sourcing supplier,GLOBAL,2026-08-29,5,kronosww.com,https://www.kronosww.com/titanium-dioxide-supplier/,Titanium Dioxide Supplier | KRONOS High-Performance TiO₂,Product/grade/datasheet page,DISTRIBUTOR / SUPPLIER,MULTIPLE / UNAVAILABLE,[source_id=SERP-REV-BUY-SOURCING-20260829] Direct commercial-modifier SERP is supplier/distributor/product-led; metrics remain Unavailable.
titanium dioxide sourcing supplier,GLOBAL,2026-08-29,6,sourcing.made-in-china.com,https://sourcing.made-in-china.com/request/amPtGNsuXBMd/Titanium-Dioxide.html,Titanium Dioxide - Easy Sourcing on Made-in-China.com,Marketplace/directory,DIRECTORY / MARKETPLACE,MULTIPLE / UNAVAILABLE,[source_id=SERP-REV-BUY-SOURCING-20260829] Direct commercial-modifier SERP is supplier/distributor/product-led; metrics remain Unavailable.
titanium dioxide sourcing supplier,GLOBAL,2026-08-29,7,trademo.com,https://www.trademo.com/manufacturers/titanium-dioxide,Titanium Dioxide Global Manufacturers & Suppliers List | Trademo,Marketplace/directory,DIRECTORY / MARKETPLACE,MULTIPLE / UNAVAILABLE,[source_id=SERP-REV-BUY-SOURCING-20260829] Direct commercial-modifier SERP is supplier/distributor/product-led; metrics remain Unavailable.
titanium dioxide sourcing supplier,GLOBAL,2026-08-29,8,sukhmaniimpex.com,https://sukhmaniimpex.com/,Titanium Dioxide Supplier | TIOXIN™ TiO₂ by Sukhmani Impex,Product/grade/datasheet page,DISTRIBUTOR / SUPPLIER,MULTIPLE / UNAVAILABLE,[source_id=SERP-REV-BUY-SOURCING-20260829] Direct commercial-modifier SERP is supplier/distributor/product-led; metrics remain Unavailable.
titanium dioxide sourcing supplier,GLOBAL,2026-08-29,9,iwatani.pro,https://iwatani.pro/eng/business/material/resources-advanced/products/ti/,Ti (Titanium) Compounds | Materials | Iwatani Corporation,Corporate/content page,MANUFACTURER / SUPPLIER / OTHER,MULTIPLE / UNAVAILABLE,[source_id=SERP-REV-BUY-SOURCING-20260829] Direct commercial-modifier SERP is supplier/distributor/product-led; metrics remain Unavailable.
titanium dioxide sourcing supplier,GLOBAL,2026-08-29,10,eastmaterials.com,https://www.eastmaterials.com/products/titanium-dioxide/,"Titanium Dioxide (TiO₂) — Rutile & Anatase Pigment Grades for Coatings, Plastics, Paper, Inks, and Cosmetics | East Materials",Product/grade/datasheet page,MANUFACTURER / SUPPLIER / OTHER,MULTIPLE / UNAVAILABLE,[source_id=SERP-REV-BUY-SOURCING-20260829] Direct commercial-modifier SERP is supplier/distributor/product-led; metrics remain Unavailable.
titanium dioxide wholesaler,GLOBAL,2026-08-29,1,titaniumdioxidewholesaler.com,https://www.titaniumdioxidewholesaler.com/,Titanium Dioxide Wholesaler | Aanya Enterprise,Product/grade/datasheet page,MANUFACTURER / SUPPLIER / OTHER,MULTIPLE / UNAVAILABLE,[source_id=SERP-REV-BUY-WHOLESALER-20260829] Direct commercial-modifier SERP is supplier/distributor/product-led; metrics remain Unavailable.
titanium dioxide wholesaler,GLOBAL,2026-08-29,2,shankarchemical.com,https://www.shankarchemical.com/,"Trader - Wholesaler / Distributor of Titanium Dioxide Rutile by Shankar Chemicals, New Delhi",Product/grade/datasheet page,DISTRIBUTOR / SUPPLIER,MULTIPLE / UNAVAILABLE,[source_id=SERP-REV-BUY-WHOLESALER-20260829] Direct commercial-modifier SERP is supplier/distributor/product-led; metrics remain Unavailable.
titanium dioxide wholesaler,GLOBAL,2026-08-29,3,shankarchemindia.com,https://www.shankarchemindia.com/,Shankar Chem India - Trader - Wholesaler / Distributor of Titanium Dioxide from New Delhi,Product/grade/datasheet page,DISTRIBUTOR / SUPPLIER,MULTIPLE / UNAVAILABLE,[source_id=SERP-REV-BUY-WHOLESALER-20260829] Direct commercial-modifier SERP is supplier/distributor/product-led; metrics remain Unavailable.
titanium dioxide wholesaler,GLOBAL,2026-08-29,4,shivchemical.co.in,https://www.shivchemical.co.in/,"Trader - Wholesaler / Distributor of Titanium Dioxide by Shiv Chemical, New Delhi",Product/grade/datasheet page,DISTRIBUTOR / SUPPLIER,MULTIPLE / UNAVAILABLE,[source_id=SERP-REV-BUY-WHOLESALER-20260829] Direct commercial-modifier SERP is supplier/distributor/product-led; metrics remain Unavailable.
titanium dioxide wholesaler,GLOBAL,2026-08-29,5,laxmichemical.in,https://www.laxmichemical.in/,"Titanium Dioxide Trader - Wholesaler / Distributor | Laxmi Chemical, New Delhi",Product/grade/datasheet page,DISTRIBUTOR / SUPPLIER,MULTIPLE / UNAVAILABLE,[source_id=SERP-REV-BUY-WHOLESALER-20260829] Direct commercial-modifier SERP is supplier/distributor/product-led; metrics remain Unavailable.
titanium dioxide wholesaler,GLOBAL,2026-08-29,6,brijimpexchem.in,https://www.brijimpexchem.in/,"Trader - Wholesaler / Distributor of Titanium Dioxide by Brij Impex, New Delhi",Product/grade/datasheet page,DISTRIBUTOR / SUPPLIER,MULTIPLE / UNAVAILABLE,[source_id=SERP-REV-BUY-WHOLESALER-20260829] Direct commercial-modifier SERP is supplier/distributor/product-led; metrics remain Unavailable.
titanium dioxide wholesaler,GLOBAL,2026-08-29,7,titaniumdioxidewholesaler.com,https://titaniumdioxidewholesaler.com/categories/titanium-dioxide-tio2,Bulk Titanium Dioxide Wholesaler - Rutile & Anatase Powder,Product/grade/datasheet page,MANUFACTURER / SUPPLIER / OTHER,MULTIPLE / UNAVAILABLE,[source_id=SERP-REV-BUY-WHOLESALER-20260829] Direct commercial-modifier SERP is supplier/distributor/product-led; metrics remain Unavailable.
titanium dioxide wholesaler,GLOBAL,2026-08-29,8,umisonstradelink.in,https://www.umisonstradelink.in/,Umisons Tradelink - Trader - Wholesaler / Distributor of Titanium Dioxide from Ahmedabad,Product/grade/datasheet page,DISTRIBUTOR / SUPPLIER,MULTIPLE / UNAVAILABLE,[source_id=SERP-REV-BUY-WHOLESALER-20260829] Direct commercial-modifier SERP is supplier/distributor/product-led; metrics remain Unavailable.
titanium dioxide wholesaler,GLOBAL,2026-08-29,9,europages.co.uk,https://www.europages.co.uk/companies/wholesaler/titanium-dioxide.html,Titanium Dioxide Wholesaler | B2B companies and suppliers | europages,Marketplace/directory,DIRECTORY / MARKETPLACE,MULTIPLE / UNAVAILABLE,[source_id=SERP-REV-BUY-WHOLESALER-20260829] Direct commercial-modifier SERP is supplier/distributor/product-led; metrics remain Unavailable.
titanium dioxide wholesaler,GLOBAL,2026-08-29,10,ujjwaltradingindia.com,https://www.ujjwaltradingindia.com/,"Pigment Powder Trader - Wholesaler / Distributor | Ujjwal Trading Company, New Delhi",Product/grade/datasheet page,DISTRIBUTOR / SUPPLIER,MULTIPLE / UNAVAILABLE,[source_id=SERP-REV-BUY-WHOLESALER-20260829] Direct commercial-modifier SERP is supplier/distributor/product-led; metrics remain Unavailable.
Tronox titanium dioxide alternative equivalent grades,GLOBAL,2026-08-29,1,tronox.com,https://www.tronox.com/products/titanium-dioxide/,Titanium Dioxide (TiO2) - Tronox,Product/grade/datasheet page,MANUFACTURER / SUPPLIER / OTHER,MULTIPLE / UNAVAILABLE,[source_id=SERP-REV-BRAND-TRONOX-20260829] Brand-level SERP contains official/product/distributor/comparison results; presence does not establish equivalence.
Tronox titanium dioxide alternative equivalent grades,GLOBAL,2026-08-29,2,eastmaterials.com,https://www.eastmaterials.com/products/titanium-dioxide/,"Titanium Dioxide (TiO₂) — Rutile & Anatase Pigment Grades for Coatings, Plastics, Paper, Inks, and Cosmetics | East Materials",Product/grade/datasheet page,MANUFACTURER / SUPPLIER / OTHER,MULTIPLE / UNAVAILABLE,[source_id=SERP-REV-BRAND-TRONOX-20260829] Brand-level SERP contains official/product/distributor/comparison results; presence does not establish equivalence.
Tronox titanium dioxide alternative equivalent grades,GLOBAL,2026-08-29,3,tronox.com,https://www.tronox.com/product_category/all-pigment-grades/,All Pigment Grades Archives - Tronox,Product/grade/datasheet page,MANUFACTURER / SUPPLIER / OTHER,MULTIPLE / UNAVAILABLE,[source_id=SERP-REV-BRAND-TRONOX-20260829] Brand-level SERP contains official/product/distributor/comparison results; presence does not establish equivalence.
Tronox titanium dioxide alternative equivalent grades,GLOBAL,2026-08-29,4,industry.gov.au,https://www.industry.gov.au/sites/default/files/adc/public-record/2026-04/699-1-application-applicant-tronox-limited-application-of-investigation-on-titanium-dioxide_2.pdf,PUBLIC RECORD,Official/regulatory,NEITHER / OFFICIAL_OR_RESEARCH,MULTIPLE / UNAVAILABLE,[source_id=SERP-REV-BRAND-TRONOX-20260829] Brand-level SERP contains official/product/distributor/comparison results; presence does not establish equivalence.
Tronox titanium dioxide alternative equivalent grades,GLOBAL,2026-08-29,5,tio2.wiki,https://www.tio2.wiki/manufacturers/tronox,Tronox – TiO₂ Manufacturer Profile | TiO₂ Wiki,Supplier/manufacturer/distributor page,MANUFACTURER / SUPPLIER / OTHER,MULTIPLE / UNAVAILABLE,[source_id=SERP-REV-BRAND-TRONOX-20260829] Brand-level SERP contains official/product/distributor/comparison results; presence does not establish equivalence.
Tronox titanium dioxide alternative equivalent grades,GLOBAL,2026-08-29,6,tio2.wiki,https://www.tio2.wiki/products/cr-834,CR-834 – Tronox TiO₂ | TiO₂ Wiki,Corporate/content page,MANUFACTURER / SUPPLIER / OTHER,MULTIPLE / UNAVAILABLE,[source_id=SERP-REV-BRAND-TRONOX-20260829] Brand-level SERP contains official/product/distributor/comparison results; presence does not establish equivalence.
Tronox titanium dioxide alternative equivalent grades,GLOBAL,2026-08-29,7,tronox.com,https://www.tronox.com/product_category/all-pigment-grades/page/2/,All Pigment Grades Archives - Page 2 of 2 - Tronox,Product/grade/datasheet page,MANUFACTURER / SUPPLIER / OTHER,MULTIPLE / UNAVAILABLE,[source_id=SERP-REV-BRAND-TRONOX-20260829] Brand-level SERP contains official/product/distributor/comparison results; presence does not establish equivalence.
Tronox titanium dioxide alternative equivalent grades,GLOBAL,2026-08-29,8,tronox.com,https://www.tronox.com/product_category/pigment-grades-by-process/,Pigment Grades by Process Archives - Tronox,Product/grade/datasheet page,MANUFACTURER / SUPPLIER / OTHER,MULTIPLE / UNAVAILABLE,[source_id=SERP-REV-BRAND-TRONOX-20260829] Brand-level SERP contains official/product/distributor/comparison results; presence does not establish equivalence.
Tronox titanium dioxide alternative equivalent grades,GLOBAL,2026-08-29,9,tio2agents.com,https://tio2agents.com/compare,"Comparisons — SEMITI vs Ti-Pure, Tronox, Kronos & More | TiO2 Agents",Corporate/content page,MANUFACTURER / SUPPLIER / OTHER,MULTIPLE / UNAVAILABLE,[source_id=SERP-REV-BRAND-TRONOX-20260829] Brand-level SERP contains official/product/distributor/comparison results; presence does not establish equivalence.
Tronox titanium dioxide alternative equivalent grades,GLOBAL,2026-08-29,10,ec.europa.eu,https://ec.europa.eu/competition/mergers/cases/decisions/m8451_3750_3.pdf,"(174) That perception is confirmed by the views expressed by customers with regard to possible alternatives to the four grades offered by the Parties, Chemours and Kronos. When asked to identify credible alternatives (both technically and commercially) for the Parties' grades 8120 and RCL-722, no respondents mentioned ISK's CR-85 or CITIC Jinzhou's CR-300185 (nor any sulphate-based grades for use in paper laminate). While Chemours' grade R-796+ is the grade most often identified as being a credible alternative to Cristal's RCL-722 (all respondents but one), Cristal's grade is most often identified as being a credible alternative to Tronox's 8120. Four out of six respondents (representing 89% of the total EEA market for chloride-based titanium dioxide for use in paper laminate) consider that the Parties' grades are credible alternatives for one another.186",Product/grade/datasheet page,MANUFACTURER / SUPPLIER / OTHER,MULTIPLE / UNAVAILABLE,[source_id=SERP-REV-BRAND-TRONOX-20260829] Brand-level SERP contains official/product/distributor/comparison results; presence does not establish equivalence.
Tronox CR-828 alternative equivalent,GLOBAL,2026-08-29,1,tronox.com,https://www.tronox.com/download.php?path=11306,**Tronox® CR-828**,Corporate/content page,MANUFACTURER / SUPPLIER / OTHER,MULTIPLE / UNAVAILABLE,[source_id=SERP-REV-GRADE-CR828-20260829] Grade-level SERP reviewed; datasheets/product/comparison results require TDS and application validation before any equivalence claim.
Tronox CR-828 alternative equivalent,GLOBAL,2026-08-29,2,tronox.com,https://www.tronox.com/2024-acs-tronox-collateral/,ACS 2026 Collateral - Tronox,Corporate/content page,MANUFACTURER / SUPPLIER / OTHER,MULTIPLE / UNAVAILABLE,[source_id=SERP-REV-GRADE-CR828-20260829] Grade-level SERP reviewed; datasheets/product/comparison results require TDS and application validation before any equivalence claim.
Tronox CR-828 alternative equivalent,GLOBAL,2026-08-29,3,patentimages.storage.googleapis.com,https://patentimages.storage.googleapis.com/9d/1c/e7/70ad6af5fdf2a5/US6413308.pdf,1498408928770911688-06413308,Patent/research,NEITHER / OFFICIAL_OR_RESEARCH,MULTIPLE / UNAVAILABLE,[source_id=SERP-REV-GRADE-CR828-20260829] Grade-level SERP reviewed; datasheets/product/comparison results require TDS and application validation before any equivalence claim.
Tronox CR-828 alternative equivalent,GLOBAL,2026-08-29,4,tronox.com,https://www.tronox.com/download.php?path=11295,Technical Data Sheet,Corporate/content page,MANUFACTURER / SUPPLIER / OTHER,MULTIPLE / UNAVAILABLE,[source_id=SERP-REV-GRADE-CR828-20260829] Grade-level SERP reviewed; datasheets/product/comparison results require TDS and application validation before any equivalence claim.
Tronox CR-828 alternative equivalent,GLOBAL,2026-08-29,5,specialchem.com,https://www.specialchem.com/coatings/product/tronox-tronox-cr-828,Tronox® CR-828 (Titanium dioxide) - Tronox- Technical Datasheet,Product/grade/datasheet page,MANUFACTURER / SUPPLIER / OTHER,MULTIPLE / UNAVAILABLE,[source_id=SERP-REV-GRADE-CR828-20260829] Grade-level SERP reviewed; datasheets/product/comparison results require TDS and application validation before any equivalence claim.
Tronox CR-828 alternative equivalent,GLOBAL,2026-08-29,6,tronox.com,https://www.tronox.com/product/tiona-828/,TiONA® 828 - Tronox,Corporate/content page,MANUFACTURER / SUPPLIER / OTHER,MULTIPLE / UNAVAILABLE,[source_id=SERP-REV-GRADE-CR828-20260829] Grade-level SERP reviewed; datasheets/product/comparison results require TDS and application validation before any equivalence claim.
Tronox CR-828 alternative equivalent,GLOBAL,2026-08-29,7,tronox.com,https://www.tronox.com/download.php?path=14362,"TiONA® 595, TiONA® 696, TiONA® 813 / CR-813, TiONA® 822 / CR-822, TiONA® 826 / CR-826, TiONA® 828 / CR-828, TiONA® 834 / CR-834, TiONA® 880 / CR-880, TiONA® 8140 / 8140, TiONA® 41J / 41J, TiONA® 828E / CR-828E.",Corporate/content page,MANUFACTURER / SUPPLIER / OTHER,MULTIPLE / UNAVAILABLE,[source_id=SERP-REV-GRADE-CR828-20260829] Grade-level SERP reviewed; datasheets/product/comparison results require TDS and application validation before any equivalence claim.
Tronox CR-828 alternative equivalent,GLOBAL,2026-08-29,8,comptrib.co.za,https://comptrib.co.za/uploads/topics/CompTrib_Case_Files/100LMDec04.pdf,COMPETITION TRIBUNAL,Corporate/content page,MANUFACTURER / SUPPLIER / OTHER,MULTIPLE / UNAVAILABLE,[source_id=SERP-REV-GRADE-CR828-20260829] Grade-level SERP reviewed; datasheets/product/comparison results require TDS and application validation before any equivalence claim.
Tronox CR-828 alternative equivalent,GLOBAL,2026-08-29,9,tronox.com,https://www.tronox.com/mecs-2024-tronox-collateral/,MECS 2024 Tronox Collateral - Tronox,Corporate/content page,MANUFACTURER / SUPPLIER / OTHER,MULTIPLE / UNAVAILABLE,[source_id=SERP-REV-GRADE-CR828-20260829] Grade-level SERP reviewed; datasheets/product/comparison results require TDS and application validation before any equivalence claim.
Tronox CR-828 alternative equivalent,GLOBAL,2026-08-29,10,tronox.com,https://www.tronox.com/chinacoat/,CHINACOAT - Tronox,Corporate/content page,MANUFACTURER / SUPPLIER / OTHER,MULTIPLE / UNAVAILABLE,[source_id=SERP-REV-GRADE-CR828-20260829] Grade-level SERP reviewed; datasheets/product/comparison results require TDS and application validation before any equivalence claim.
Venator Tioxide titanium dioxide alternative equivalent grades,GLOBAL,2026-08-29,1,venatorcorp.com,https://www.venatorcorp.com/media/media-centre/2020/2020-12-03,Venator's Hombitan® AFDC101 Pigment is the Lowest Nano Titanium Dioxide (TiO2) in the industry – Venator,Product/grade/datasheet page,MANUFACTURER / SUPPLIER / OTHER,MULTIPLE / UNAVAILABLE,[source_id=SERP-REV-BRAND-VENATOR-20260829] Brand-level SERP contains official/product/distributor/comparison results; presence does not establish equivalence.
Venator Tioxide titanium dioxide alternative equivalent grades,GLOBAL,2026-08-29,2,eastmaterials.com,https://www.eastmaterials.com/products/titanium-dioxide/,"Titanium Dioxide (TiO₂) — Rutile & Anatase Pigment Grades for Coatings, Plastics, Paper, Inks, and Cosmetics | East Materials",Product/grade/datasheet page,MANUFACTURER / SUPPLIER / OTHER,MULTIPLE / UNAVAILABLE,[source_id=SERP-REV-BRAND-VENATOR-20260829] Brand-level SERP contains official/product/distributor/comparison results; presence does not establish equivalence.
Venator Tioxide titanium dioxide alternative equivalent grades,GLOBAL,2026-08-29,3,venatorcorp.com,https://www.venatorcorp.com/products-and-applications/case-studies/tmp-free,Introducing our new TMP- and TME-free range – Venator,Corporate/content page,MANUFACTURER / SUPPLIER / OTHER,MULTIPLE / UNAVAILABLE,[source_id=SERP-REV-BRAND-VENATOR-20260829] Brand-level SERP contains official/product/distributor/comparison results; presence does not establish equivalence.
Venator Tioxide titanium dioxide alternative equivalent grades,GLOBAL,2026-08-29,4,venatorcorp.com,https://www.venatorcorp.com/media/media-centre/2025/21-03-2025,Venator Launches TMP- and TME-free TIOXIDE® TR81pigment – the first in a new series of products – Venator,Product/grade/datasheet page,MANUFACTURER / SUPPLIER / OTHER,MULTIPLE / UNAVAILABLE,[source_id=SERP-REV-BRAND-VENATOR-20260829] Brand-level SERP contains official/product/distributor/comparison results; presence does not establish equivalence.
Venator Tioxide titanium dioxide alternative equivalent grades,GLOBAL,2026-08-29,5,venatorcorp.com,https://www.venatorcorp.com/media/media-centre/2025/22-05-2025,Venator Launches New TMP- and TME- free TIOXIDE® TR85 Pigment – Venator,Product/grade/datasheet page,MANUFACTURER / SUPPLIER / OTHER,MULTIPLE / UNAVAILABLE,[source_id=SERP-REV-BRAND-VENATOR-20260829] Brand-level SERP contains official/product/distributor/comparison results; presence does not establish equivalence.
Venator Tioxide titanium dioxide alternative equivalent grades,GLOBAL,2026-08-29,6,tio2.wiki,https://www.tio2.wiki/products/venator-tr-92,TR-92 – Venator TiO₂ | TiO₂ Wiki,Corporate/content page,MANUFACTURER / SUPPLIER / OTHER,MULTIPLE / UNAVAILABLE,[source_id=SERP-REV-BRAND-VENATOR-20260829] Brand-level SERP contains official/product/distributor/comparison results; presence does not establish equivalence.
Venator Tioxide titanium dioxide alternative equivalent grades,GLOBAL,2026-08-29,7,venatorcorp.com,https://www.venatorcorp.com/~/media/Files/V/Venator/press-releases/21-03-2025-Venator-launches-new-TMP-free-Tioxide.pdf,FOR IMMEDIATE RELEASE,Corporate/content page,MANUFACTURER / SUPPLIER / OTHER,MULTIPLE / UNAVAILABLE,[source_id=SERP-REV-BRAND-VENATOR-20260829] Brand-level SERP contains official/product/distributor/comparison results; presence does not establish equivalence.
Venator Tioxide titanium dioxide alternative equivalent grades,GLOBAL,2026-08-29,8,tio2.wiki,https://www.tio2.wiki/manufacturers/venator,Venator – TiO₂ Manufacturer Profile | TiO₂ Wiki,Supplier/manufacturer/distributor page,MANUFACTURER / SUPPLIER / OTHER,MULTIPLE / UNAVAILABLE,[source_id=SERP-REV-BRAND-VENATOR-20260829] Brand-level SERP contains official/product/distributor/comparison results; presence does not establish equivalence.
Venator Tioxide titanium dioxide alternative equivalent grades,GLOBAL,2026-08-29,9,venatorcorp.com,https://www.venatorcorp.com/~/media/Files/V/Venator/press-releases/venator-launches-new-tmp-and-tme-free-tioxide-tr85-pigment-fv.pdf,FOR IMMEDIATE RELEASE,Corporate/content page,MANUFACTURER / SUPPLIER / OTHER,MULTIPLE / UNAVAILABLE,[source_id=SERP-REV-BRAND-VENATOR-20260829] Brand-level SERP contains official/product/distributor/comparison results; presence does not establish equivalence.
Venator Tioxide titanium dioxide alternative equivalent grades,GLOBAL,2026-08-29,10,tio2agents.com,https://tio2agents.com/compare,"Comparisons — SEMITI vs Ti-Pure, Tronox, Kronos & More | TiO2 Agents",Corporate/content page,MANUFACTURER / SUPPLIER / OTHER,MULTIPLE / UNAVAILABLE,[source_id=SERP-REV-BRAND-VENATOR-20260829] Brand-level SERP contains official/product/distributor/comparison results; presence does not establish equivalence.
