query,market,language,search_date,rank,page_title,url,domain,source_id,raw_excerpt
BLR-895 alternative equivalent titanium dioxide,GLOBAL,EN,2026-08-29,1,BLR-895 – Lomon Billions TiO₂ | TiO₂ Wiki,https://www.tio2.wiki/products/blr-895,tio2.wiki,SERP-REV-GRADE-BLR895-20260829,"BLR-895 – Lomon Billions TiO₂ | TiO₂ Wiki (https://www.tio2.wiki/products/blr-895) citeturn38search0 [wordlim: 200] Crawled: last week; # BLR-895 ... ## Similar or Equivalent Grades ... An independent technical reference for titanium dioxide grades, manufacturers, and applications. # BLR-895 Rutile Sulfate process Lomon Billions China ## Overview A sulfate-process rutile grade with enhanced durability treatment for demanding coating applications. ## Technical Specifications Property | Value | Unit | Test Method --- | --- | --- | --- TiO₂ Content | ≥91 | % | ISO 591 Brightness (Y) | ≥94 | % | ISO 2469 Oil Absorption | 20-26 | g/100g | ISO 787-5 pH (aqueous) | 7.0-9.0 | — | ISO 787-9 Specific Gravity | 3.9 | g/cm³ | ISO 787-10 Average Particle Size | 0.30 | μm | Electron microscopy Note: Specifications are typical values and may vary. Always confirm with curr"
BLR-895 alternative equivalent titanium dioxide,GLOBAL,EN,2026-08-29,2,PUBLIC RECORD,https://www.industry.gov.au/sites/default/files/adc/public-record/2026-04/699-1-application-applicant-tronox-limited-application-of-investigation-on-titanium-dioxide_2.pdf,industry.gov.au,SERP-REV-GRADE-BLR895-20260829,"PUBLIC RECORD (https://www.industry.gov.au/sites/default/files/adc/public-record/2026-04/699-1-application-applicant-tronox-limited-application-of-investigation-on-titanium-dioxide_2.pdf) citeturn38search12 [wordlim: 200] Published: 4 months ago; <th>Primary Chinese Equivalent Grade(s) – R-series (CNNC Hua Yuan Titanium Dioxide Co., Ltd. ... <td>BILLIONS BLR-698 (Sulfate-process rutile; high gloss, opacity, and whiteness)<br>BILLIONS BLR-895 (Chloride-process rutile; excellent opacity, gloss, dispersibility, and durability)</td> ... <td>BILLIONS BLR-891 or BILLIONS BLR-895 (chloride-process, alumina-treated)</td> <table id=""e1""> <tr> <th>Tronox Australian-Manufactured Grade</th> <th>Key Characteristics (Tronox Australia)</th> <th>Primary Chinese Equivalent Grade(s) – BILLIONS / LOMON (LB Group)</th> <th>Primary Chinese Equivalent Grade(s) – R-series (CNNC Hua Yuan Titanium Dioxide Co"
BLR-895 alternative equivalent titanium dioxide,GLOBAL,EN,2026-08-29,3,BILLIONS™ BLR-895 - LB Group | LB Group,https://www.lomonbillions.global/products/billions-blr-895/,lomonbillions.global,SERP-REV-GRADE-BLR895-20260829,"BILLIONS™ BLR-895 - LB Group | LB Group (https://www.lomonbillions.global/products/billions-blr-895/) citeturn38search1 [wordlim: 200] Crawled: today; # BILLIONS™ BLR-895 ... BILLIONS™ BLR-895 pigment is a titanium dioxide pigment manufactured by the chloride process. ### About The Company LB Group is a leading manufacturer of high-performance titanium dioxide (TiO₂) pigments. Our BILLIONS™ TiO₂ pigment brand is established worldwide. We have over 35 years of TiO₂ pigment manufacturing experience. We manufacture a wide range of TiO₂ pigments for all major applications using the sulfate process and the chloride process. Our high-performance TiO₂ products are key ingredients used to produce an enormous range of products including paints, plastics, inks, and paper. Click here to download technical information about our BILLIONS™ TiO₂ pigments. A LEADING MANUFACTURER OF HIGH PERFORMANC"
BLR-895 alternative equivalent titanium dioxide,GLOBAL,EN,2026-08-29,4,Optimizing Exterior Coatings in India: A Technical Guide to the Top Chinese TiO2 Grades,https://www.linkedin.com/pulse/optimizing-exterior-coatings-india-technical-guide-top-joe-zhou-buflc,linkedin.com,SERP-REV-GRADE-BLR895-20260829,"Optimizing Exterior Coatings in India: A Technical Guide to the Top Chinese TiO2 Grades (https://www.linkedin.com/pulse/optimizing-exterior-coatings-india-technical-guide-top-joe-zhou-buflc) citeturn38search2 [wordlim: 200] Published: 8 months ago; Crawled: 3 weeks ago; The Chinese Titanium Dioxide (TiO2) market has matured. ... * The Product: LB Group BLR-895 ... * Why choose it: BLR-895 is widely regarded as the closest 1:1 replacement for R902+. In this guide, we break down the Top 6 Chinese Rutile Grades every Indian paint manufacturer needs to know. * * * ### 1. The ""Chloride"" Standard (Maximum Durability) If your client demands the absolute highest tier of weather resistance—comparable to Chemours or Tronox—you must look at the Chloride Process. Sullfate grades are excellent, but Chloride grades generally offer a tighter particle size distribution and a bluer undertone."
BLR-895 alternative equivalent titanium dioxide,GLOBAL,EN,2026-08-29,5,Lomon BLR-895 Titanium Dioxide TiO2 for Coating Applications,https://www.chemategroup.com/lomon-r895/,chemategroup.com,SERP-REV-GRADE-BLR895-20260829,"Lomon BLR-895 Titanium Dioxide TiO2 for Coating Applications (https://www.chemategroup.com/lomon-r895/) citeturn38search3 [wordlim: 200] Crawled: 3 weeks ago; BILLIONS™ BLR-895 pigment is a coatings grade titanium dioxide pigment manufactured by the chloride process. ... What type of titanium dioxide is BLR-895? ... Its performance is comparable to that of general-purpose products from some international brands (such as Ti-Pure™ R-706 equivalent grades) in multiple application areas. Excellent whiteness. Provide a pure, bright white base color. High tinting strength. Strong tinting ability, achieving excellent hiding power per unit dosage, helping to reduce costs. Good dispersibility. Easily disperses in various media, effectively improving production efficiency, reducing energy consumption, and resulting in a smoother paint film. Weather resistance. Surface-treated for stable per"
BLR-895 alternative equivalent titanium dioxide,GLOBAL,EN,2026-08-29,6,Titanium Dioxide Lomon Billions BLR-895 TiO2 White Pigment for Paint Rutile BLR-895,https://www.botianchemical.com/sale-40050328-titanium-dioxide-lomon-billions-blr-895-tio2-white-pigment-for-paint-rutile-blr-895.html,botianchemical.com,SERP-REV-GRADE-BLR895-20260829,"Titanium Dioxide Lomon Billions BLR-895 TiO2 White Pigment for Paint Rutile BLR-895 (https://www.botianchemical.com/sale-40050328-titanium-dioxide-lomon-billions-blr-895-tio2-white-pigment-for-paint-rutile-blr-895.html) citeturn38search4 [wordlim: 200] Crawled: last month; ## Titanium Dioxide Lomon Billions BLR-895 TiO2 White Pigment for Paint Rutile BLR-895 ... Type: BLR-895 (equivalent to Tronox/Tiona/Cristal 128, Tronox/Cristal CR-828, Kronos 2310, DuPont/Chemours R-902/R-902+, Huntsman/Venator TR92, TICH CR-510, Tianyuan TYR-588) ... Main products include over a dozen kinds of high-precision chemical products which are chloride process and sulphate process Titanium Dioxide,Titanium Oxychloride, Titanium Tetrachloride, High Titanium Slag, PVC Paste Resin, Caustic Soda etc. Delivery Time: 15-20 work days Payment Terms: L/C, T/T Supply Ability: 1000MT per month Contact Now ## Titani"
BLR-895 alternative equivalent titanium dioxide,GLOBAL,EN,2026-08-29,7,TiO2 BLR-895 Industrial Grade Titanium Dioxide | Performance & Specs,https://www.cqtitaniumdioxide.com/news/tio2-blr-895-industrial-grade-titanium-dioxide-p.html,cqtitaniumdioxide.com,SERP-REV-GRADE-BLR895-20260829,"TiO2 BLR-895 Industrial Grade Titanium Dioxide | Performance & Specs (https://www.cqtitaniumdioxide.com/news/tio2-blr-895-industrial-grade-titanium-dioxide-p.html) citeturn38search5 [wordlim: 200] Published: 8 months ago; Crawled: 3 months ago; TiO2 BLR-895 Industrial Grade Titanium Dioxide | Performance & Specs ... Fortunately, some vendors, including the source of BLR-895, offer tweaks in milling or surface treatments to help the titanium dioxide integrate better in specialized polymers or UV-stable coatings. ... There’s no substitute for hands-on experience. But not all grades are created equal. BLR-895 stands out in some key ways, especially when performance consistency under demanding production conditions is needed. While the specs paint one picture, field use tells the real story. ### Key Specifications of TiO2 BLR-895 Property | Typical Value | Units --- | --- | --- Chemic"
BLR-895 alternative equivalent titanium dioxide,GLOBAL,EN,2026-08-29,8,TiO2 LOMON Billions BLR895 Titanium Dioxide Made in China,https://www.botianchemical.com/sale-40050236-tio2-lomon-billions-blr895-titanium-dioxide-made-in-china.html,botianchemical.com,SERP-REV-GRADE-BLR895-20260829,"TiO2 LOMON Billions BLR895 Titanium Dioxide Made in China (https://www.botianchemical.com/sale-40050236-tio2-lomon-billions-blr895-titanium-dioxide-made-in-china.html) citeturn38search6 [wordlim: 200] Crawled: last month; ## TiO2 LOMON Billions BLR895 Titanium Dioxide Made in China ... Type: BLR-895 (equivalent to Tronox/Tiona/Cristal 128, Tronox/Cristal CR-828, Kronos 2310, DuPont/Chemours R-902/R-902+, Huntsman/Venator TR92, TICH CR-510, Tianyuan TYR-588) ... Main products include over a dozen kinds of high-precision chemical products which are chloride process and sulphate process Titanium Dioxide,Titanium Oxychloride, Titanium Tetrachloride, High Titanium Slag, PVC Paste Resin, Caustic Soda etc. Description ## BLR895 Titanium Dioxide , ## TiO2 Titanium Dioxide , ## 13463-67-7 Titanium Dioxide TiO2 LOMON Billions BLR895 Titanium Dioxide Made in China Type: BLR-895 (eq"
BLR-895 alternative equivalent titanium dioxide,GLOBAL,EN,2026-08-29,9,Description: BLR-,https://cdn2.hubspot.net/hubfs/116018/TiO2.pdf,cdn2.hubspot.net,SERP-REV-GRADE-BLR895-20260829,"Description: BLR- (https://cdn2.hubspot.net/hubfs/116018/TiO2.pdf) citeturn38search13 [wordlim: 200] Published: 10 months ago; BLR-895 ... Description: BLR-895 is a rutile titanium dioxide pigment produced by the chloride process. BLR-895 Technical Data Sheet Description: BLR-895 is a rutile titanium dioxide pigment produced by the chloride process. It is recommended for a range of coatings applications. BLR-895 has outstanding dispersion performance, dispersing quickly and easily. It also has excellent opacity and gloss, and delivers a brilliant whiteness with a clean blue tone. With its carefully selected inorganic surface coating, BLR-895 provides a high level of weatherability, making it flexible across both interior and exterior applications. Key Features: Excellent whiteness and opacity Good weatherability Excellent dispersion High gloss Applications"
BLR-895 alternative equivalent titanium dioxide,GLOBAL,EN,2026-08-29,10,Billions BLR-895 TiO2 Titanium Dioxide Powder Chloride Process,https://www.botianchemical.com/sale-26532600-billions-blr-895-tio2-titanium-dioxide-powder-chloride-process.html,botianchemical.com,SERP-REV-GRADE-BLR895-20260829,"Billions BLR-895 TiO2 Titanium Dioxide Powder Chloride Process (https://www.botianchemical.com/sale-26532600-billions-blr-895-tio2-titanium-dioxide-powder-chloride-process.html) citeturn38search7 [wordlim: 200] Crawled: today; ## Billions BLR-895 TiO2 Titanium Dioxide Powder Chloride Process ... Type: BLR-895 (equivalent to Tronox/Tiona/Cristal 128, Tronox/Cristal CR-828, Kronos 2310, DuPont/Chemours R-902/R-902+, Huntsman/Venator TR92, TICH CR-510, Tianyuan TYR-588) Contact Now ## Billions BLR-895 TiO2 Titanium Dioxide Powder Chloride Process Description Molecular Formula: | TiO2 | Appearance: | White Powder CAS NO.: | 13463-67-7 | Purity: | High Whiteness: | Perfect | Process: | Chloride Process Highlight: | ## BLR-895 TiO2 Titanium Dioxide , ## Chloride Process TiO2 Titanium Dioxide , ## Billions blr 895 titanium dioxide High Purity TiO2 Rutile Titanium Dioxide"
buy titanium dioxide bulk,GLOBAL,EN,2026-08-29,1,Titanium dioxide (CAS 13463-67-7) | Glentham Life Sciences,https://www.glentham.com/en/products/product/GX0703/,glentham.com,SERP-REV-BUY-BULK-20260829,Titanium dioxide (CAS 13463-67-7) | Glentham Life Sciences (https://www.glentham.com/en/products/product/GX0703/) citeturn20search0 [wordlim: 200] Crawled: yesterday; GX0703 Titanium dioxide ... bulk GX0703 Titanium dioxide Titania; Titanium(IV) oxide; Anatase; Titanium oxide [Input] [Input] Image: Titanium dioxide Structure Glentham Code: GX0703 CAS: 13463-67-7 MF: TiO_{2} MW: 79.87 Purity: ≥ 98.0% [Input] Image: HDPE bottle # Titanium dioxide $27.80 🟢 In Stock (5+) Product code: GX0703-250g Packaging type: HDPE bottle (packaging info) Description: 500ml screw top UN powder bottle Material: HDPE square white plastic bottle with screw closure Dimensions: 75 x 75 x 166 (mm) Volume: 500 (ml) UN certified: Yes Weight: 68.537 [Input] Size 250g 500g 1kg 5kg bulk Dispatches: 9 September 2026 * Product Info * Product Spec * Safety Info * Documentation
buy titanium dioxide bulk,GLOBAL,EN,2026-08-29,2,Product Details,https://www.spectrumchemical.com/pdfdetails/pdf/index/productSku/TI140/,spectrumchemical.com,SERP-REV-BUY-BULK-20260829,"Product Details (https://www.spectrumchemical.com/pdfdetails/pdf/index/productSku/TI140/) citeturn20search12 [wordlim: 200] Published: 2 months ago; Titanium Dioxide, USP Product Details WWW.SPECTRUMCHEMICAL.COM Titanium Dioxide, USP SDS Item Number CAS Number | TI140 13463-67-7 --- | --- Item Number Molecular Formula | TI140 TiO 2 Item Number Molecular Weight | TI140 79.87Description Titanium Dioxide, USP. Spectrum Chemical graded products (USP/NF, EP, BP, JP, FCC) are handled, packaged, labeled, stored, and tested in FDA registered and inspected facilities. All operations are conducted in compliance with current Good Manufacturing Practices (cGMP) as defined in 21 CFR Parts 210 and 211. Furthermore, the original manufacturers of these materials adhere to appropriate GMP standards, such as ICH Q7 Good Manufacturing Practice Guide for Active Pharmaceutical Ingredients or FDA 21 CFR Pa"
buy titanium dioxide bulk,GLOBAL,EN,2026-08-29,3,"Titanium oxide (Cas No 13463-67-7) ≥99.8% metals basis, 100-300nm,hydrophilic high purity and research grade | Aladdin Scientific",https://www.aladdinsci.com/us_en/titanium-oxide-aladdin-scientific-t294738.html,aladdinsci.com,SERP-REV-BUY-BULK-20260829,"Titanium oxide (Cas No 13463-67-7) ≥99.8% metals basis, 100-300nm,hydrophilic high purity and research grade | Aladdin Scientific (https://www.aladdinsci.com/us_en/titanium-oxide-aladdin-scientific-t294738.html) citeturn20search1 [wordlim: 200] Crawled: today; Aerosil P 25 | A-Fil | Anatase (TiO2) | Bayertitan A | Bayertitan AN 3 | Calcotone White T | NCI-C0424O | Tronox | Tioxide RSM | Tioxide R-SM | Aerosil T 805 | Cosmetic White C47-5175 | Rutiox CR | Kronos RN 40P | Kronos titanium dioxide | Amperit 780.0 | ... Bulk / Custom # Titanium oxide - ≥99.8% metals basis, 100-300nm,hydrophilic , CAS No.13463-67-7 CAS: 13463-67-7 Cat. No.: T294738 Molecular Weight: 79.87 EC Number: 236-675-5 2539 Citations COA [Input] Skip to the end of the images gallery 3D Skip to the beginning of the images gallery AVAILABLE TO ORDER GRADE & PURITY ≥99.8% metals basis 100-300nm,hydrophilic Syn"
buy titanium dioxide bulk,GLOBAL,EN,2026-08-29,4,"Titanium Dioxide, Spectrum Chemical 45 kg | Buy Online | Spectrum Chemical Manufacturing Corporation | Fisher Scientific",https://www.fishersci.com/shop/products/titanium-dioxide-spectrum-chemical/18614469,fishersci.com,SERP-REV-BUY-BULK-20260829,"Titanium Dioxide, Spectrum Chemical 45 kg | Buy Online | Spectrum Chemical Manufacturing Corporation | Fisher Scientific (https://www.fishersci.com/shop/products/titanium-dioxide-spectrum-chemical/18614469) citeturn20search2 [wordlim: 200] Crawled: today; * * * * * # Titanium Dioxide, Spectrum™ Chemical * * * * * # Titanium Dioxide, Spectrum™ Chemical Image: SDP [Input] Catalog No. 18614469 Shop All Spectrum Chemical Mfg. Corp. Products Change view Click to view available options Quantity: 500 g 2.5 kg 12 kg 45 kg Packaging: Fiber Drum Poly Bottle Poly Pail 4 product options available for selection Product selection table with 4 available options. Use arrow keys to navigate and Enter or Space to select. Catalog No. | Quantity | Packaging --- | --- | --- 18-614-469 | 45 kg | Fiber Drum 18-614-470 | 500 g | Poly Bottle 18-614-467 | 2.5 kg | P"
buy titanium dioxide bulk,GLOBAL,EN,2026-08-29,5,Titanium Dioxide USP K – Bulk Naturals,https://www.bulknaturalswholesale.com/products/titanium-dioxide-usp-k-cosmetic-grade-mineral-uv-filter-opacifier,bulknaturalswholesale.com,SERP-REV-BUY-BULK-20260829,"Titanium Dioxide USP K – Bulk Naturals (https://www.bulknaturalswholesale.com/products/titanium-dioxide-usp-k-cosmetic-grade-mineral-uv-filter-opacifier) citeturn20search3 [wordlim: 200] Crawled: 3 days ago; Titanium Dioxide USP K is a high-quality, ultra-fine white powder that meets United States Pharmacopeia (USP) standards, making it suitable for a wide range of cosmetic, topical, and personal care formulations. Image: Icon Shipping information Orders Ship in 1-4 business days excluding postal holidays. Standard Shipping is USPS Ground Advantage for up to 12oz, USPS Priority & UPS for larger orders. [Input][Input] Image: Icon Ask a question [{""id"":47519398789370,""title"":""100 Grams"",""option1"":""100 Grams"",""option2"":null,""option3"":null,""sku"":null,""requires_shipping"":true,""taxable"":true,""featured_image"":null,""available"":true,""name"":""Titanium Dioxide USP K - 100 Grams"",""public_title"
buy titanium dioxide bulk,GLOBAL,EN,2026-08-29,6,"Titanium oxide, rutile (Cas No 13463-67-7) ≥99.5% metals basis, powder,＜60nm particle size high purity and research grade | Aladdin Scientific",https://www.aladdinsci.com/us_en/titanium-oxide-rutile-aladdin-scientific-t104939.html,aladdinsci.com,SERP-REV-BUY-BULK-20260829,"Titanium oxide, rutile (Cas No 13463-67-7) ≥99.5% metals basis, powder,＜60nm particle size high purity and research grade | Aladdin Scientific (https://www.aladdinsci.com/us_en/titanium-oxide-rutile-aladdin-scientific-t104939.html) citeturn20search4 [wordlim: 200] Crawled: last week; TITANIUM DIOXIDE|Titanium oxide|13463-67-7|Rutile|Titanium(IV) oxide|dioxotitanium|Anatase|Titania|1317-70-0|Anatase (TiO2)|1317-80-2|Rutile (TiO2)|Titanium White|Titafrance|Hombitan|Tiofine|Tioxide|Tipaque|Titanox|Rayox|Bayertitan A|Titanic anhydride|Tio ... Bulk / Custom # Titanium oxide, rutile - ≥99.5% metals basis, powder,＜60nm particle size , CAS No.13463-67-7 CAS: 13463-67-7 Cat. No.: T104939 Molecular Weight: 79.87 EC Number: 236-675-5 2539 Citations COA [Input] Skip to the end of the images gallery 3D Skip to the beginning of the images gallery AVAILABLE TO ORDER GRADE & PURITY ≥99.5% me"
buy titanium dioxide bulk,GLOBAL,EN,2026-08-29,7,"Titanium Dioxide, Technical, Spectrum Chemical 45 kg | Buy Online | Spectrum Chemical Manufacturing Corporation | Fisher Scientific",https://www.fishersci.com/shop/products/titanium-dioxide-technical-spectrum-chemical/18607423,fishersci.com,SERP-REV-BUY-BULK-20260829,"Titanium Dioxide, Technical, Spectrum Chemical 45 kg | Buy Online | Spectrum Chemical Manufacturing Corporation | Fisher Scientific (https://www.fishersci.com/shop/products/titanium-dioxide-technical-spectrum-chemical/18607423) citeturn20search5 [wordlim: 200] Crawled: 3 months ago; Spectrum™ Chemical Titanium Dioxide, Technical , is the naturally available oxide of titanium also known as titania and is used as a pigment in paints, food coloring, cosmetics and in the production of pure titanium, electrical ceramics, catalysts and other chemical applications. # Titanium Dioxide, Technical, Spectrum™ Chemical Image: SDP [Input] Catalog No. 18607423 Shop All Spectrum Chemical Manufacturing Corporation Products 45 kg, Fiber Drum Change view Click to view available options Quantity: 500 g 2.5 kg 12 kg 45 kg Packaging: Fiber Drum Poly Bottle Poly Pail 4 product options avai"
buy titanium dioxide bulk,GLOBAL,EN,2026-08-29,8,"Titanium Dioxide, FCC, 99-100.5%, Spectrum Chemical 45 kg | Buy Online | Spectrum Chemical Manufacturing Corporation | Fisher Scientific",https://www.fishersci.com/shop/products/titanium-dioxide-fcc-99-100-5-spectrum-chemical/18607419,fishersci.com,SERP-REV-BUY-BULK-20260829,"Titanium Dioxide, FCC, 99-100.5%, Spectrum Chemical 45 kg | Buy Online | Spectrum Chemical Manufacturing Corporation | Fisher Scientific (https://www.fishersci.com/shop/products/titanium-dioxide-fcc-99-100-5-spectrum-chemical/18607419) citeturn20search6 [wordlim: 200] Crawled: 2 days ago; Spectrum™ Chemical Titanium Dioxide, FCC is used as a food coloring and has an E-number, E171. * * # Titanium Dioxide, FCC, 99-100.5%, Spectrum™ Chemical Image: SDP [Input] Catalog No. 18607419 Shop All Spectrum Chemical Mfg. Corp. Products Change view Click to view available options Quantity: 500 g 2.5 kg 12 kg 45 kg Product selection table with 4 available options. Use arrow keys to navigate and Enter or Space to select. Catalog No. | Quantity | Packaging --- | --- | --- 18-607-419 | 45 kg | Fiber Drum 18-607-416 | 500 g | Poly Bottle 18-607-417 | 2.5 kg | Poly Pail 18-607-"
buy titanium dioxide bulk,GLOBAL,EN,2026-08-29,9,"Titanium (IV) Oxide - ProChem, Inc.",https://prochemonline.com/product/titaniumivoxide-3709/,prochemonline.com,SERP-REV-BUY-BULK-20260829,"Titanium (IV) Oxide - ProChem, Inc. (https://prochemonline.com/product/titaniumivoxide-3709/) citeturn20search7 [wordlim: 200] Crawled: last month; Titanium dioxide, titania ... * We can offer items in bulk or custom. # Titanium (IV) Oxide ## Properties Product # 3709 Name Titanium (IV) Oxide Synonyms Titanium dioxide, titania Formula TiO2 Purity 99.999% CAS Number 1317-80-2 Molecular Weight 79.87 Color & Form White powder Boiling Point 2972° C Melting Point 1843° C Specific Gravity 4.26 Solubility in water Insoluble Download SDS (PDF) [Input] Titanium (IV) Oxide – 50 g $350.00 [Input] Titanium (IV) Oxide – 250 g $1,150.00 [Button: Add to cart]Request a Quote [Input] [Input] [Input] Click or Call 800-795-8788 * We can offer items in bulk or custom. For other quantities or purities, please request a quotation. * All prices are subject to cha"
buy titanium dioxide bulk,GLOBAL,EN,2026-08-29,10,"Titanium Dioxide, USP, 99-100.5%, Spectrum Chemical 45 kg | Buy Online | Spectrum Chemical Manufacturing Corporation | Fisher Scientific",https://www.fishersci.com/shop/products/titanium-dioxide-usp-99-100-5-spectrum-chemical/18607427,fishersci.com,SERP-REV-BUY-BULK-20260829,"Titanium Dioxide, USP, 99-100.5%, Spectrum Chemical 45 kg | Buy Online | Spectrum Chemical Manufacturing Corporation | Fisher Scientific (https://www.fishersci.com/shop/products/titanium-dioxide-usp-99-100-5-spectrum-chemical/18607427) citeturn20search8 [wordlim: 200] Crawled: 2 months ago; Spectrum™ Chemical Titanium Dioxide, USP is used as a food coloring. * * * # Titanium Dioxide, USP, 99-100.5%, Spectrum™ Chemical Image: SDP [Input] Catalog No. 18607427 Shop All Spectrum Chemical Manufacturing Corporation Products Change view Click to view available options Quantity: 12 kg 45 kg Packaging: Fiber Drum Poly Pail 2 product options available for selection Product selection table with 2 available options. Use arrow keys to navigate and Enter or Space to select. Catalog No. | Quantity | Packaging --- | --- | --- 18-607-427 | 45 kg | Fiber Drum 18-607-426 | 12 kg"
Chemours Ti-Pure titanium dioxide alternative equivalent,GLOBAL,EN,2026-08-29,1,"Chemours Launches Ti-Pure™ TS-6706, A TMP/TME- Free Version of Flagship Universal Grade, Ti-Pure™ R-706 | Chemours",https://www.chemours.com/en/news-media-center/all-news/press-releases/2025/chemours-launches-ti-pure-ts-6706-a-tmp-tme-free-version-of-flagship-universal-grade-ti-pure-r-706,chemours.com,SERP-REV-BRAND-CHEMOURS-20260829,"Chemours Launches Ti-Pure™ TS-6706, A TMP/TME- Free Version of Flagship Universal Grade, Ti-Pure™ R-706 | Chemours (https://www.chemours.com/en/news-media-center/all-news/press-releases/2025/chemours-launches-ti-pure-ts-6706-a-tmp-tme-free-version-of-flagship-universal-grade-ti-pure-r-706) citeturn27search0 [wordlim: 200] Published: 1.5 years ago; Crawled: yesterday; Wilmington, Del., February 19, 2025 – The Chemours Company (Chemours) (NYSE: CC), a global chemistry company with leading market positions in Thermal & Specialized Solutions (TSS), Titanium Technologies (TT), and Advanced Performance Materials (APM), today announces the launch of Ti-Pure™ TS-6706, a TMP- and TME- free version of Ti-Pure™ R-706 – the benchmark, universal titanium dioxide (TiO₂) grade that works reliably for a variety of coatings applications where appearance is critical. ... “The development of Ti-Pure™ TS"
Chemours Ti-Pure titanium dioxide alternative equivalent,GLOBAL,EN,2026-08-29,2,"Titanium Dioxide (TiO₂) — Rutile & Anatase Pigment Grades for Coatings, Plastics, Paper, Inks, and Cosmetics | East Materials",https://www.eastmaterials.com/products/titanium-dioxide/,eastmaterials.com,SERP-REV-BRAND-CHEMOURS-20260829,"Titanium Dioxide (TiO₂) — Rutile & Anatase Pigment Grades for Coatings, Plastics, Paper, Inks, and Cosmetics | East Materials (https://www.eastmaterials.com/products/titanium-dioxide/) citeturn27search1 [wordlim: 200] Published: 3 months ago; Crawled: yesterday; Functionally equivalent to Chemours Ti-Pure, Tronox, Kronos, Venator Tioxide, and Cristal premium rutile and anatase grades. ... Cosmetic-grade rutile (heavy-metal restricted) | Rutile | Chloride | ≥93% | 0.25–0.30 μm | 16–20 g/100g | Foundation, face powder, mineral sunscreen, BB cream | Chemours Ti-Pure cosmetic-grade ... Existing supplier reference | Category equivalent | Substitution The portfolio is organised by chemistry (rutile vs anatase), process (chloride vs sulphate), and target application: * Chloride-process rutile — higher tint strength, whiter undertone, superior weather resistance — for coatings, p"
Chemours Ti-Pure titanium dioxide alternative equivalent,GLOBAL,EN,2026-08-29,3,"Chemours führt Ti-Pure™ TS-6706 ein, eine TMP/TME-freie Version der universellen Flagship-Lösung Ti-Pure™ R-706 | Chemours",https://www.chemours.de/news-media-center/all-news/press-releases/2025/chemours-launches-ti-pure-ts-6706-a-tmp-tme-free-version-of-flagship-universal-grade-ti-pure-r-706,chemours.de,SERP-REV-BRAND-CHEMOURS-20260829,"Chemours führt Ti-Pure™ TS-6706 ein, eine TMP/TME-freie Version der universellen Flagship-Lösung Ti-Pure™ R-706 | Chemours (https://www.chemours.de/news-media-center/all-news/press-releases/2025/chemours-launches-ti-pure-ts-6706-a-tmp-tme-free-version-of-flagship-universal-grade-ti-pure-r-706) citeturn27search2 [wordlim: 200] Published: 1.5 years ago; Crawled: last month; Februar 2025 – The Chemours Company (Chemours) (NYSE: CC), ein globales Chemieunternehmen mit führenden Marktpositionen bei Titanium Technologies (TT), Thermal & Specialized Solutions (TSS) und Advanced Performance Materials (APM), gab heute die Markteinführung von Ti-Pure™ TS-6706 bekannt. ... „Die Entwicklung von Ti-Pure™ TS-6706 ist das jüngste Beispiel dafür, dass unser erstklassiges Forschungs- und Entwicklungsteam auf die Wünsche unserer Kunden eingeht und eine alternative Formulierung entwickelt, ohne dabei di"
Chemours Ti-Pure titanium dioxide alternative equivalent,GLOBAL,EN,2026-08-29,4,Ti-Pure — TS-6200 Titanium Dioxide,https://www.chemours.com/en/-/media/files/tipure/legacy/ti-pure-ts-6200-for-high-performance-exterior-coatings.pdf?rev=f84396929da44ab49cd68aa0b98d0a04,chemours.com,SERP-REV-BRAND-CHEMOURS-20260829,"Ti-Pure — TS-6200 Titanium Dioxide (https://www.chemours.com/en/-/media/files/tipure/legacy/ti-pure-ts-6200-for-high-performance-exterior-coatings.pdf?rev=f84396929da44ab49cd68aa0b98d0a04) citeturn27search12 [wordlim: 200] Published: 5.3 years ago; Crawled: 5.3 years ago; Ti-Pure — TS-6200 Titanium Dioxide ... Ti-Pure™ TS-6200 provides equivalent hiding at lower film thickness as compared to traditional durable and universal pigments. ... Pigments Dispersed 15 min with a tip speed of 5.3 m/s by HSD 2"" Cowles Blade, 5.3 m/s for 15 minutes 69.5% TiO₂ Solids as measured in a polyester coil formulation Illustrates dispersion differences as detected by the Chemours™ Optical Counter --------------------------------------------------------------------------------"
Chemours Ti-Pure titanium dioxide alternative equivalent,GLOBAL,EN,2026-08-29,5,Chemours - New and Improved Ti-Pure™ R-104,https://pages.chemours.com/Ti-Pure-104.html,pages.chemours.com,SERP-REV-BRAND-CHEMOURS-20260829,"Chemours - New and Improved Ti-Pure™ R-104 (https://pages.chemours.com/Ti-Pure-104.html) citeturn27search3 [wordlim: 200] Crawled: last month; The improved Ti-Pure™ R-104 titanium dioxide (TiO2) formulation offers unparalleled opacity, without sacrificing processability, color, or performance. ... Today, we’re continuing to do just that with our improved formulation of the popular benchmark grade for highly loaded masterbatches: Ti-Pure™ R-104 titanium dioxide (TiO2). --------------------------------------------------------------------------------"
Chemours Ti-Pure titanium dioxide alternative equivalent,GLOBAL,EN,2026-08-29,6,Chloride-Process Rutile TiO2 R-902 — Chemours Equivalent | SEMITECH,https://semitechnm.com/titanium/functional-tio2-hub/chloride-rutile-tio2-r902/,semitechnm.com,SERP-REV-BRAND-CHEMOURS-20260829,"Chloride-Process Rutile TiO2 R-902 — Chemours Equivalent | SEMITECH (https://semitechnm.com/titanium/functional-tio2-hub/chloride-rutile-tio2-r902/) citeturn27search4 [wordlim: 200] Crawled: today; SEMITECH Chloride-Process Rutile TiO2 R-902 is a chloride-route rutile titanium dioxide with alumina-silica inorganic surface treatment, engineered to deliver the opacity, tinting strength, and dispersibility performance equivalent to Chemours Ti-Pure R-902+. ... +Q2: How does R-902 compare to Chemours Ti-Pure R-902+? ... Full CoA data is provided for qualification testing in the customer's coating formulation. ... Product of Interest[Input] --------------------------------------------------------------------------------"
Chemours Ti-Pure titanium dioxide alternative equivalent,GLOBAL,EN,2026-08-29,7,SEMITI 902 vs Ti-Pure R-901 — Universal Coatings Rutile | TiO2 Agents,https://tio2agents.com/compare/semiti-902-vs-tipure-r901,tio2agents.com,SERP-REV-BRAND-CHEMOURS-20260829,SEMITI 902 vs Ti-Pure R-901 — Universal Coatings Rutile | TiO2 Agents (https://tio2agents.com/compare/semiti-902-vs-tipure-r901) citeturn27search5 [wordlim: 200] Crawled: last month; Direct alternative. ... ## Request SEMITI 902 sample for Chemours Ti-Pure R-901 substitution trial --------------------------------------------------------------------------------
Chemours Ti-Pure titanium dioxide alternative equivalent,GLOBAL,EN,2026-08-29,8,"Comparisons — SEMITI vs Ti-Pure, Tronox, Kronos & More | TiO2 Agents",https://tio2agents.com/compare,tio2agents.com,SERP-REV-BRAND-CHEMOURS-20260829,"Comparisons — SEMITI vs Ti-Pure, Tronox, Kronos & More | TiO2 Agents (https://tio2agents.com/compare) citeturn27search6 [wordlim: 200] Crawled: last week; SEMITI 996 vs Ti-Pure R-902 SEMITI 996 is engineered as a 1:1 drop-in substitute for Ti-Pure R-902 in coatings, plastic masterbatch, and inks.Compare →SEMITI 706 vs Ti-Pure R-706 SEMITI 706 matches Ti-Pure R-706's premium durability for industrial and automotive coatings — at 35–40% lower landed cost.Compare →SEMITI 902 vs Ti-Pure R-902 SEMITI 902 is specifically engineered to drop into Ti-Pure R-902-qualified architectural paint formulations.Compare →SEMITI 706W vs Ti-Pure R-746 SEMITI 706W matches Ti-Pure R-746 as a hydrophilic-tuned rutile for waterborne architectural emulsion paints.Compare →SEMITI 960 vs Ti-Pure R-960 SEMITI 960 matches Ti-Pure R-960's amine-compatible HALS-friendly surface treatment for engineering plastics ma"
Chemours Ti-Pure titanium dioxide alternative equivalent,GLOBAL,EN,2026-08-29,9,Titanium Dioxide Solutions for Coatings | Ti-Pure™ TiO₂ by Chemours,https://www.tipure.com/en/products/coatings,tipure.com,SERP-REV-BRAND-CHEMOURS-20260829,"Titanium Dioxide Solutions for Coatings | Ti-Pure™ TiO₂ by Chemours (https://www.tipure.com/en/products/coatings) citeturn27search7 [wordlim: 200] Crawled: 6 days ago; Titanium dioxide pigments are insoluble in coating vehicles in which they are dispersed; accordingly, performance properties, e.g., chemical, photochemical, and physical characteristics, are determined principally by the particle size of the pigment and the chemical composition of its surface. ... Ti-Pure™ Select TS-6300 performs well in selected exterior white latex house paints, following reformulation to accommodate the higher surface area of the pigment, and to maintain film integrity. ... To support your individual formulation needs, our technical service laboratories are fully equipped to assist you (Figure 20). ... Samples of dry and slurry Ti-Pure™ titanium dioxide grades are readily available from www.titnaium."
Chemours Ti-Pure titanium dioxide alternative equivalent,GLOBAL,EN,2026-08-29,10,Ti-Pure® Select TS-6200 Titanium Dioxide — Grade Snapshot,https://pages.chemours.com/rs/509-VCL-038/images/Ti-Pure_Select%20TS-6200_Snapshot%20Coatings.pdf,pages.chemours.com,SERP-REV-BRAND-CHEMOURS-20260829,"Ti-Pure® Select TS-6200 Titanium Dioxide — Grade Snapshot (https://pages.chemours.com/rs/509-VCL-038/images/Ti-Pure_Select%20TS-6200_Snapshot%20Coatings.pdf) citeturn27search13 [wordlim: 200] Published: 5.6 years ago; Ti-Pure® Select TS-6200 Titanium Dioxide — Grade Snapshot ... Ti-Pure™ Select TS-6200 outperforms traditional durable and universal TiO₂ grades in chalk resistance by 17% and 21% respectively in blue tinted air-dry alkyd formula designed to measure TiO₂ durability performance. ... Pigments Dispersed 15 min with a tip speed of 5.3 m/s by HSD 2"" Cowles Blade, 5.3 m/s for 15 minutes 69.5% TiO₂ Solids as measured in a polyester coil formulation Illustrates dispersion differences as detected by the Chemours Optical Counter --------------------------------------------------------------------------------"
CITIC titanium dioxide alternative equivalent grades,GLOBAL,EN,2026-08-29,1,"(174) That perception is confirmed by the views expressed by customers with regard to possible alternatives to the four grades offered by the Parties, Chemours and Kronos. When asked to identify credible alternatives (both technically and commercially) for the Parties' grades 8120 and RCL-722, no respondents mentioned ISK's CR-85 or CITIC Jinzhou's CR-300185 (nor any sulphate-based grades for use in paper laminate). While Chemours' grade R-796+ is the grade most often identified as being a credible alternative to Cristal's RCL-722 (all respondents but one), Cristal's grade is most often identified as being a credible alternative to Tronox's 8120. Four out of six respondents (representing 89% of the total EEA market for chloride-based titanium dioxide for use in paper laminate) consider that the Parties' grades are credible alternatives for one another.186",https://ec.europa.eu/competition/mergers/cases/decisions/m8451_3750_3.pdf,ec.europa.eu,SERP-REV-BRAND-CITIC-20260829,"(174) That perception is confirmed by the views expressed by customers with regard to possible alternatives to the four grades offered by the Parties, Chemours and Kronos. When asked to identify credible alternatives (both technically and commercially) for the Parties' grades 8120 and RCL-722, no respondents mentioned ISK's CR-85 or CITIC Jinzhou's CR-300185 (nor any sulphate-based grades for use in paper laminate). While Chemours' grade R-796+ is the grade most often identified as being a credible alternative to Cristal's RCL-722 (all respondents but one), Cristal's grade is most often identified as being a credible alternative to Tronox's 8120. Four out of six respondents (representing 89% of the total EEA market for chloride-based titanium dioxide for use in paper laminate) consider that the Parties' grades are credible alternatives for one another.186 (https://ec.europa.eu/competitio"
CITIC titanium dioxide alternative equivalent grades,GLOBAL,EN,2026-08-29,2,"Titanium Dioxide (TiO₂) — Rutile & Anatase Pigment Grades for Coatings, Plastics, Paper, Inks, and Cosmetics | East Materials",https://www.eastmaterials.com/products/titanium-dioxide/,eastmaterials.com,SERP-REV-BRAND-CITIC-20260829,"Titanium Dioxide (TiO₂) — Rutile & Anatase Pigment Grades for Coatings, Plastics, Paper, Inks, and Cosmetics | East Materials (https://www.eastmaterials.com/products/titanium-dioxide/) citeturn33search0 [wordlim: 200] Published: 3 months ago; Crawled: yesterday; Functionally equivalent to Chemours Ti-Pure, Tronox, Kronos, Venator Tioxide, and Cristal premium rutile and anatase grades. ... Chloride-process universal rutile for plastics & inks | Rutile | Chloride | ≥92% | 0.28–0.35 μm | 14–18 g/100g | Plastic masterbatch, packaging film, gravure inks | Chemours Ti-Pure plastic-grade, Tronox plastic-grade ... The portfolio is supplied via LOMON Billions Group, one of the world's largest titanium dioxide producers (chloride and sulphate process). ## Substituting from Reference Brands Existing supplier reference | Category equivalent | Substitution --- | --- | --- Chemours Ti-Pur"
CITIC titanium dioxide alternative equivalent grades,GLOBAL,EN,2026-08-29,3,TiO2 and alternatives_Industry final report to QWP EMA 2024 COMPRESSED,https://www.ema.europa.eu/en/documents/other/annex-i-use-titanium-dioxide-excipient-human-veterinary-medicines-identification-alternatives-industry-feedback-qwp-experts-ema-questions-final-report-february-2024_en.pdf,ema.europa.eu,SERP-REV-BRAND-CITIC-20260829,"TiO2 and alternatives_Industry final report to QWP EMA 2024 COMPRESSED (https://www.ema.europa.eu/en/documents/other/annex-i-use-titanium-dioxide-excipient-human-veterinary-medicines-identification-alternatives-industry-feedback-qwp-experts-ema-questions-final-report-february-2024_en.pdf) citeturn33search13 [wordlim: 200] Published: 1.1 years ago; - A valid *in vitro* micronucleus or chromosomal aberration test (assuming all nanotoxicology state-of-the-art principles are applied) with adequately selected E171-equivalent material(s) would be needed to overrule the current conclusion. ... Titanium Dioxide (E171 Grade) and the Search For Replacement Opacifiers and Colorants: Supplier Readiness Survey, Case Studies and Regulatory Perspective¹¹ ... In this review, they note that a range of technical challenges and regulatory hurdles were identified which mean that, in the short term, it wi"
CITIC titanium dioxide alternative equivalent grades,GLOBAL,EN,2026-08-29,4,TiO₂ Wiki – Titanium Dioxide Technical Reference,https://www.tio2.wiki/products,tio2.wiki,SERP-REV-BRAND-CITIC-20260829,TiO₂ Wiki – Titanium Dioxide Technical Reference (https://www.tio2.wiki/products) citeturn33search1 [wordlim: 200] Crawled: today; R-900 rutile Chemours • United States General-purpose chloride rutile TiO₂ for interior and exterior coatings with balanced optical properties.architectural coatingsindustrial coatings R-902+rutile Chemours • United States A chloride-process rutile TiO₂ with alumina and silica surface treatment for coatings requiring excellent durability and gloss retention.architectural coatingsindustrial coatings+1 R-960 rutile Chemours • United States A highly durable chloride-process rutile TiO₂ designed for exterior applications with superior weathering resistance.automotive coatingsindustrial coatings R-706 rutile Chemours • United States A chloride-process rutile TiO₂ with excellent dispersibility for plastics and masterbatch applications.plasticsindustrial coatings
CITIC titanium dioxide alternative equivalent grades,GLOBAL,EN,2026-08-29,5,"Comparisons — SEMITI vs Ti-Pure, Tronox, Kronos & More | TiO2 Agents",https://tio2agents.com/compare,tio2agents.com,SERP-REV-BRAND-CITIC-20260829,"Comparisons — SEMITI vs Ti-Pure, Tronox, Kronos & More | TiO2 Agents (https://tio2agents.com/compare) citeturn33search2 [wordlim: 200] Crawled: last week; SEMITI 996 vs Ti-Pure R-902 SEMITI 996 is engineered as a 1:1 drop-in substitute for Ti-Pure R-902 in coatings, plastic masterbatch, and inks.Compare →SEMITI 706 vs Ti-Pure R-706 SEMITI 706 matches Ti-Pure R-706's premium durability for industrial and automotive coatings — at 35–40% lower landed cost.Compare →SEMITI 902 vs Ti-Pure R-902 SEMITI 902 is specifically engineered to drop into Ti-Pure R-902-qualified architectural paint formulations.Compare →SEMITI 706W vs Ti-Pure R-746 SEMITI 706W matches Ti-Pure R-746 as a hydrophilic-tuned rutile for waterborne architectural emulsion paints.Compare →SEMITI 960 vs Ti-Pure R-960 SEMITI 960 matches Ti-Pure R-960's amine-compatible HALS-friendly surface treatment for engineering plastics ma"
CITIC titanium dioxide alternative equivalent grades,GLOBAL,EN,2026-08-29,6,TABLE 6C – TITANIUM DIOXIDE FUNCTIONAL EQUIVALENT -- DRY POWDERS,https://www.plasticpipe.org/common/Uploaded%20files/Technical/PPI-TR-02-2024.pdf,plasticpipe.org,SERP-REV-BRAND-CITIC-20260829,TABLE 6C – TITANIUM DIOXIDE FUNCTIONAL EQUIVALENT -- DRY POWDERS (https://www.plasticpipe.org/common/Uploaded%20files/Technical/PPI-TR-02-2024.pdf) citeturn33search14 [wordlim: 200] Published: 2.4 years ago; TABLE 6C – TITANIUM DIOXIDE FUNCTIONAL EQUIVALENT -- DRY POWDERS ... Titanium Dioxide Functional Equivalent - Dry Powders --------------------------------------------------------------------------------
CITIC titanium dioxide alternative equivalent grades,GLOBAL,EN,2026-08-29,7,TABLE 6C – TITANIUM DIOXIDE FUNCTIONAL EQUIVALENT -- DRY POWDERS,https://www.plasticpipe.org/common/Uploaded%20files/Technical/TR-02-2020.pdf,plasticpipe.org,SERP-REV-BRAND-CITIC-20260829,TABLE 6C – TITANIUM DIOXIDE FUNCTIONAL EQUIVALENT -- DRY POWDERS (https://www.plasticpipe.org/common/Uploaded%20files/Technical/TR-02-2020.pdf) citeturn33search15 [wordlim: 200] Published: 5.9 years ago; TABLE 6C – TITANIUM DIOXIDE FUNCTIONAL EQUIVALENT -- DRY POWDERS ... Titanium Dioxide Functional Equivalent - Dry Powders --------------------------------------------------------------------------------
CITIC titanium dioxide alternative equivalent grades,GLOBAL,EN,2026-08-29,8,Assessment - Titanium containing Substances Group - Canada.ca,https://www.canada.ca/en/environment-climate-change/services/evaluating-existing-substances/assessment-titanium-containing-substances-group.html,canada.ca,SERP-REV-BRAND-CITIC-20260829,Assessment - Titanium containing Substances Group - Canada.ca (https://www.canada.ca/en/environment-climate-change/services/evaluating-existing-substances/assessment-titanium-containing-substances-group.html) citeturn33search3 [wordlim: 200] Published: last month; Crawled: yesterday; Download the alternative format ... 13463-67-7 | Titanium oxide (TiO_{2}) | Titanium dioxide ... 7705-07-9 | Titanium chloride (TiCl_{3}) | Titanium trichloride --------------------------------------------------------------------------------
CITIC titanium dioxide alternative equivalent grades,GLOBAL,EN,2026-08-29,9,Sourcing Chinese TiO2: A Comprehensive Guide to Chloride vs. Sulfate Processes and Top Grades - rawchemicalmart.com,https://rawchemicalmart.com/sourcing-chinese-tio2-a-comprehensive-guide-to-chloride-vs-sulfate-processes-and-top-grades/,rawchemicalmart.com,SERP-REV-BRAND-CITIC-20260829,"Sourcing Chinese TiO2: A Comprehensive Guide to Chloride vs. Sulfate Processes and Top Grades - rawchemicalmart.com (https://rawchemicalmart.com/sourcing-chinese-tio2-a-comprehensive-guide-to-chloride-vs-sulfate-processes-and-top-grades/) citeturn33search4 [wordlim: 200] Published: 8 months ago; Crawled: last month; In China, LB Group (Lomon Billions) is the absolute leader in this space, with other players like CITIC Titanium and Pangang Vanadium Titanium growing their capacity. ... This makes finished products look cleaner, brighter, and visually “whiter” compared to sulfate grades. ... * BLR-895: The flagship coatings grade. designed to compete with international standards (like R-902+) offering excellent opacity and weatherability. --------------------------------------------------------------------------------"
CITIC titanium dioxide alternative equivalent grades,GLOBAL,EN,2026-08-29,10,CIT Profile 2025,https://www.classictrading.com.pk/_files/ugd/c6d3a5_5fab9b288d314e8285a04227ab08b913.pdf?index=true,classictrading.com.pk,SERP-REV-BRAND-CITIC-20260829,"CIT Profile 2025 (https://www.classictrading.com.pk/_files/ugd/c6d3a5_5fab9b288d314e8285a04227ab08b913.pdf?index=true) citeturn33search16 [wordlim: 200] Published: last year; Crawled: last year; To reduce Titanium Dioxide loadings without sacrificing performance, CIT offers Calcined Kaolin (from Shanxi Bright Kaolin, China) and Aluminum Silicate (from IQE Group, Spain) — two trusted extenders that enhance opacity, coverage, and cost-efficiency.**Calcined Kaolin Grades: Britex® 95 & 96** ... **Aluminum Silicate Grade: SODASIL® P95** ... - Enhances coverage and brightness, serves as a TiO₂ partial substitute --------------------------------------------------------------------------------"
CITIC R-5566 titanium dioxide alternative equivalent,GLOBAL,EN,2026-08-29,1,Titanium Dioxide-ChangZhou UTEK,https://www.utekcomposites.com/Product/Titanium-dioxide.html,utekcomposites.com,SERP-REV-GRADE-CITIC-R5566-20260829,"Titanium Dioxide-ChangZhou UTEK (https://www.utekcomposites.com/Product/Titanium-dioxide.html) citeturn40search0 [wordlim: 200] Crawled: last week; Sulfuric Acid Process Titanium Dioxide | R-298 | 91.0 | 95.0 | 1920 | 0.8 | 6.0-9.0 | 20 | 0.02 | 80 | 98 | No less than | 6.50 | Paint, Ink,Plastic, Paper ,and other Fields ... R-5566 | 93.0 | 94.5 | 1900 | 0.5 | 6.0～9.0 | 20 | 0.02 | 80 | 97.5 | — | 6.00 R-2 48+ | 96.0 | 94.0 | 1700 | 0.5 | --- | 17 | --- | --- | 96 | No less than | 6.00 R-249 | 96.0 | 94.5 | 1800 | 0.5 | ---- | 17 | ---- | --- | 96 | No less than | 6.00 R-5566 | 93.0 | 94.5 | 1900 | 0.5 | 6.0～9.0 | 20 | 0.02 | 80 | 97.5 | — | 6.00 R-5567 | 85.0 | ---- | ---- | 0.5 | 6.0~9.0 | ---- | 0.02 | ---- | 97.5 | No less than | ---- R-5568 | 94.0 | 94.5 | 1800 | 0.6 | ---- | 20 | ---- | ---- | 96.5 | --"
CITIC R-5566 titanium dioxide alternative equivalent,GLOBAL,EN,2026-08-29,2,Titania TiO2 with High Opacity & UV Shield—Factory Direct?,https://www.cqtitaniumdioxide.com/news/titania-tio2-with-high-opacityuv-shieldfactory-direct.html,cqtitaniumdioxide.com,SERP-REV-GRADE-CITIC-R5566-20260829,"Titania TiO2 with High Opacity & UV Shield—Factory Direct? (https://www.cqtitaniumdioxide.com/news/titania-tio2-with-high-opacityuv-shieldfactory-direct.html) citeturn40search1 [wordlim: 200] Published: 10 months ago; Crawled: 3 weeks ago; The Free Sample TiO2 DongFang R5566 Titanium Dioxide is a rutile-grade pigment with zirconia/alumina and organic treatment, produced in Jindi Industrial Park, Dacheng County, Langfang City, Hebei. Testing aligns with ASTM D476 and ISO 591-1; routine checks use ISO 787 parts for whiteness, pH, oil absorption. Service life in exterior acrylics is reported at 5–10 years depending on climate and binder system—your mileage may vary, but that’s what we see in field audits. ## Vendor snapshot: how R-5566 stacks up Metric | R-5566 (DongFang) | Ti-Pure R-706 (Chemours) | CR-828 (Tronox) --- | --- | --- | --- Surface treatment | ZrO2/Al2O3 + organic |"
CITIC R-5566 titanium dioxide alternative equivalent,GLOBAL,EN,2026-08-29,3,Titania TiO2 High-Purity Pigment | Brightness & UV Shielding,https://www.cqtitaniumdioxide.com/news/titania-tio2-high-purity-pigmentbrightnessuv-shielding.html,cqtitaniumdioxide.com,SERP-REV-GRADE-CITIC-R5566-20260829,"Titania TiO2 High-Purity Pigment | Brightness & UV Shielding (https://www.cqtitaniumdioxide.com/news/titania-tio2-high-purity-pigmentbrightnessuv-shielding.html) citeturn40search2 [wordlim: 200] Published: 10 months ago; Crawled: yesterday; After pigment formation, R-5566 receives ZrO2/Al2O3 inorganic coatings and an organic treatment to improve wet-in and dispersion. ... ISO 591-1: Titanium dioxide pigments — Requirements and test methods Titania TiO2 High-Purity Pigment | Brightness & UV Shielding * Home * Titania TiO2 High-Purity Pigment | Brightness & UV Shielding ### Oct . 20, 2025 10:50 Back to list #### Titania TiO2 High-Purity Pigment | Brightness & UV Shielding # Rutile Brilliance in Real Production: Field Notes on titania tio2 R-5566 I’ve toured enough coatings and plastics facilities to know when a pigment “just works.” DongFang’s Free Sample TiO2 R-5566, made in"
CITIC R-5566 titanium dioxide alternative equivalent,GLOBAL,EN,2026-08-29,4,R-5566 by Pangang Titanium Industry: Technical Datasheet,https://www.specialchem.com/coatings/product/pangang-titanium-industry-r-5566,specialchem.com,SERP-REV-GRADE-CITIC-R5566-20260829,"R-5566 by Pangang Titanium Industry: Technical Datasheet (https://www.specialchem.com/coatings/product/pangang-titanium-industry-r-5566) citeturn40search3 [wordlim: 200] Published: last year; Crawled: yesterday; R-5566 by Pangang Titanium Industry is a rutile titanium dioxide pigment with alumina, zirconia and organic surface treatment. Technical datasheet # R-5566 Supplied byPangang Titanium Industry- Last Updated on Aug 27, 2025 [Button: Description][Button: Benefits][Button: Applications][Button: Compliance][Button: Availability][Button: Properties] R-5566 by Pangang Titanium Industry is a rutile titanium dioxide pigment with alumina, zirconia and organic surface treatment. Possesses high whiteness and gloss, high scattering power, high durability and excellent dispensability. It is well suited for both waterborne and solvent-based coating, ink applications. R-5566 is used in"
CITIC R-5566 titanium dioxide alternative equivalent,GLOBAL,EN,2026-08-29,5,Titanium Dioxide-R5566,https://www.orientmiddleeast.com/r5566/,orientmiddleeast.com,SERP-REV-GRADE-CITIC-R5566-20260829,"Titanium Dioxide-R5566 (https://www.orientmiddleeast.com/r5566/) citeturn40search4 [wordlim: 200] Published: 1.5 years ago; Crawled: 4 months ago; ◐R-5566 is a kind of rutile titanium white pigment after zirconium, aluminum inorganic surface treatment, organic surface treatment, with high whiteness, gloss, high achromatic power, high weather resistance, good dispersion and other characteristics. # R5566 ◐R-5566 is a kind of rutile titanium white pigment after zirconium, aluminum inorganic surface treatment, organic surface treatment, with high whiteness, gloss, high achromatic power, high weather resistance, good dispersion and other characteristics. Inquire Now ## Product Details 1.Introduction R-5566 is a kind of rutile titanium white pigment after zirconium, aluminum inorganic surface treatment, organic surface treatment, with high whiteness, gloss, high achromatic power, hig"
CITIC R-5566 titanium dioxide alternative equivalent,GLOBAL,EN,2026-08-29,6,High Scattering Power TiO2 DongFang R5566,https://www.cqtitaniumdioxide.com/high-scattering-power-tio2-dongfang-r5566.html,cqtitaniumdioxide.com,SERP-REV-GRADE-CITIC-R5566-20260829,"High Scattering Power TiO2 DongFang R5566 (https://www.cqtitaniumdioxide.com/high-scattering-power-tio2-dongfang-r5566.html) citeturn40search5 [wordlim: 200] Crawled: 4 days ago; R-5566 is a rutile titanium dioxide pigment with Alumina, Zirconia and organic surface treatment, with high whiteness and gloss, high scattering power, high durability and excellent dispersibility. ... ### R-5566 is an excellent domestic general-purpose titanium dioxide. Image: PRODUCT DISPLAY ### specification Integrity management, sufficient inventory, perfect after-sales service, high-quality products,reasonable prices, and thoughtful service. ## Basic Info. Model NO.:R5566 Specificaton: Rutile/Anatase Origin: Hebei,China HS Code:2811290090 Features: Easy to disperse Strong hydrophilic Good whiteness High shading Super weather resistance Specification Quality index | Technica"
CITIC R-5566 titanium dioxide alternative equivalent,GLOBAL,EN,2026-08-29,7,TITA,https://www.peijinchem.com/uploads/29884/files/TDS.pdf?rnd=573,peijinchem.com,SERP-REV-GRADE-CITIC-R5566-20260829,"TITA (https://www.peijinchem.com/uploads/29884/files/TDS.pdf?rnd=573) citeturn40search12 [wordlim: 200] Published: 4 months ago; TITANIUM DIOXIDE R-5566 杭州佩金化工有限公司 HANGZHOU PEIJIN CHEMICAL CO., LTD. TITANIUM DIOXIDE R-5566 Characteristics R-5566 is a kind of rutile titanium dioxide pigment. After alumina, zirconia and organic surface treatment, it has high whiteness and gloss, high scattering power, high durability and excellent dispersibility. Application fields  Interior and exterior coating  Powder coating  Ink  Paper  Rubber  Plastic and Masterbatch Specification Specification Quality index | Technical requirement --- | --- Specification The content of titanium dioxide, % | ≥93 Specification The content of rutile, % | ≥97 Specification pH | 6.5-8.5 Specification Oil absorption, g/100g | 18-23Packaging 25kg paper-plastic composite bag 500kg and 1000kg ton bag Remarks Product"
CITIC R-5566 titanium dioxide alternative equivalent,GLOBAL,EN,2026-08-29,8,ספק פיגמנט רוטיל טיטניום דיאוקסיד R-5566,https://www.fengbaigroup.com/iw/titanium-dioxide-r-5566/,fengbaigroup.com,SERP-REV-GRADE-CITIC-R5566-20260829,"ספק פיגמנט רוטיל טיטניום דיאוקסיד R-5566 (https://www.fengbaigroup.com/iw/titanium-dioxide-r-5566/) citeturn40search6 [wordlim: 200] Crawled: 2 months ago; שני מוצרים שונים: חשוב להכיר בכך ש-Pangang titanium dioxide R-5566 ו-Dongfang R-5566 מיוצרים על ידי חברות שונות. ### יישומים ראשיים (1) צבעים וציפויים. השוק העיקרי. טיטניום דיאוקסיד R5566 אידיאלי לציפויים אדריכליים (צבעי לטקס פנימיים/חיצוניים), צבעים תעשייתיים, ציפויי אבקה, ציפויי סליל וצבעי מיכלים. (2) דיו. מתאים הן לדיו הדפסה על בסיס מים והן לדיו הדפסה על בסיס ממס הדורש אטימות וגלוס גבוהים. (3) תעשיות אחרות. משמש גם בנייר וביישומים אחרים הדורשים פיגמנטציה לבנה. שני מוצרים שונים: חשוב להכיר בכך ש-Pangang titanium dioxide R-5566 ו-Dongfang R-5566 מיוצרים על ידי חברות שונות. הם אינם זהים, למרות הקוד המשותף ""R-5566"". פער במידע: מפרטים הזמינים לציבור עשויים להיות שונים או לא שלמים. המקור הסופי הוא גיליון הנתונים הטכניים הרשמי"
CITIC R-5566 titanium dioxide alternative equivalent,GLOBAL,EN,2026-08-29,9,TiO2 High-Purity Pigment & Photocatalyst | Fast Supply,https://www.cqtitaniumdioxide.com/news/tio2-high-purity-pigmentphotocatalystfast-supply.html,cqtitaniumdioxide.com,SERP-REV-GRADE-CITIC-R5566-20260829,"TiO2 High-Purity Pigment & Photocatalyst | Fast Supply (https://www.cqtitaniumdioxide.com/news/tio2-high-purity-pigmentphotocatalystfast-supply.html) citeturn40search7 [wordlim: 200] Published: 10 months ago; Crawled: 4 weeks ago; I spent the past quarter poking around Jindi Industrial Park in Hebei, talking shop about TITANIUM DIOXIDE R5566 RUTILE PIGMENT FOR INK—and, to be honest, I came away impressed by the stability story. ... ### R 5566 Titanium Dioxide for Industrial Applications TiO2 High-Purity Pigment & Photocatalyst | Fast Supply * Home * TiO2 High-Purity Pigment & Photocatalyst | Fast Supply ### Oct . 18, 2025 11:15 Back to list #### TiO2 High-Purity Pigment & Photocatalyst | Fast Supply # Rutile TiO2 R5566 for Inks: Field Notes, Test Data, and What Printers Actually Care About If you work in packaging or publication inks, you already know that opacity and disper"
CITIC R-5566 titanium dioxide alternative equivalent,GLOBAL,EN,2026-08-29,10,Pangang Titanium Industry product offerings for the coatings industry,https://www.specialchem.com/coatings/supplier/pangang-titanium-industry,specialchem.com,SERP-REV-GRADE-CITIC-R5566-20260829,"Pangang Titanium Industry product offerings for the coatings industry (https://www.specialchem.com/coatings/supplier/pangang-titanium-industry) citeturn40search8 [wordlim: 200] Crawled: yesterday; R-5566 R-5566 by Pangang Titanium Industry is a rutile titanium dioxide pigment with alumina, zirconia and organic surface treatment. # Pangang Titanium Industry Solutions for coatings ## Most viewed products See all Products R-5566R-5566 by Pangang Titanium Industry is a rutile titanium dioxide pigment with alumina, zirconia and organic surface treatment. Possesses high whiteness and gloss, high scattering power, high durability and excellent dispensability. It is well suited for both waterborne and solvent-based coating, ink applications. R-5566 is used in interior and exterior paint, emulsion paint, powder coating, container coating, coil coating and inks. See the product R-298R-298"
CNNC titanium dioxide alternative equivalent grades,GLOBAL,EN,2026-08-29,1,PUBLIC RECORD,https://www.industry.gov.au/sites/default/files/adc/public-record/2026-04/699-1-application-applicant-tronox-limited-application-of-investigation-on-titanium-dioxide_2.pdf,industry.gov.au,SERP-REV-BRAND-CNNC-20260829,"PUBLIC RECORD (https://www.industry.gov.au/sites/default/files/adc/public-record/2026-04/699-1-application-applicant-tronox-limited-application-of-investigation-on-titanium-dioxide_2.pdf) citeturn32search12 [wordlim: 200] Published: 4 months ago; The table below compares the four main grades of Tronox’s locally produced like goods, and the comparable or equivalent imported grades from the known major Chinese exporters. ... <th>Primary Chinese Equivalent Grade(s) – R-series (CNNC Hua Yuan Titanium Dioxide Co., Ltd. ... <th>Rationale for Equivalence (common to both Chinese brands)</th> <table id=""e1""> <tr> <th>Tronox Australian-Manufactured Grade</th> <th>Key Characteristics (Tronox Australia)</th> <th>Primary Chinese Equivalent Grade(s) – BILLIONS / LOMON (LB Group)</th> <th>Primary Chinese Equivalent Grade(s) – R-series (CNNC Hua Yuan Titanium Dioxide Co., Ltd. / CHTI)</th> <th>Ratio"
CNNC titanium dioxide alternative equivalent grades,GLOBAL,EN,2026-08-29,2,Titanium Dioxide – KFA,https://kfa-co.com/titanium-dioxide/,kfa-co.com,SERP-REV-BRAND-CNNC-20260829,Titanium Dioxide – KFA (https://kfa-co.com/titanium-dioxide/) citeturn32search0 [wordlim: 200] Crawled: last month; ## Titanium Dioxide ... * CNNC HUA YUAN ## Titanium Dioxide [Input: Search products…] [Button: Search] [Input] [Input] * ###### Product categories * Titanium Dioxide * CNNC HUA YUAN * Shandong Jinhai * LOMON BILLIONS™ * TR Series * TiOx Series * Sumtitan * Pigment * Polymer * Hydroxide Magnesium * Mineral * Synthetic * PolyCarbonate * Solvent * Other Products #### CNNC HUA YUAN * R-213 CNNC HUA YUAN Rated 0 out of 5 * R-216 CNNC HUA YUAN Rated 0 out of 5 * R-2196+ CNNC HUA YUAN Rated 0 out of 5 #### Titanium Dioxide (Shandong Jinhai) * R-6618 Shandong Jinhai Rated 0 out of 5 * R-6628 Shandong Jinhai Rated 0 out of 5 * R-6658 Shandong Jinhai Rated 0 ou
CNNC titanium dioxide alternative equivalent grades,GLOBAL,EN,2026-08-29,3,All products by cnnc hua yuan titanium dioxide for the coatings industry,https://www.specialchem.com/coatings/supplier/cnnc-hua-yuan-titanium-dioxide/all-products,specialchem.com,SERP-REV-BRAND-CNNC-20260829,"All products by cnnc hua yuan titanium dioxide for the coatings industry (https://www.specialchem.com/coatings/supplier/cnnc-hua-yuan-titanium-dioxide/all-products) citeturn32search1 [wordlim: 200] Crawled: 4 weeks ago; R-215 by CNNC HUA YUAN Titanium Dioxide R-215 is rutile grade supplied by CNNC HUA YUAN Titanium Dioxide. # Products by CNNC HUA YUAN Titanium Dioxide 7 * * * ## All 7 [Input: Search for a product] R-2196 by CNNC HUA YUAN Titanium DioxideR-2196 by CNNC HUA YUAN Titanium Dioxide is rutile titanium dioxide pigment designed for solvent-based paints that requi... See product details R-215 by CNNC HUA YUAN Titanium DioxideR-215 is rutile grade supplied by CNNC HUA YUAN Titanium Dioxide. This pigment is a high performance, versatile grade of... See product details R-2219 by CNNC HUA YUAN Titanium DioxideR-2219 by CNNC HUA YUAN Titanium Dioxide is rutile titanium dio"
CNNC titanium dioxide alternative equivalent grades,GLOBAL,EN,2026-08-29,4,All products by cnnc hua yuan titanium dioxide for the coatings industry,https://www.specialchem.com/coatings/supplier/cnnc-hua-yuan-titanium-dioxide/all-products?pf=titanium-dioxide,specialchem.com,SERP-REV-BRAND-CNNC-20260829,"All products by cnnc hua yuan titanium dioxide for the coatings industry (https://www.specialchem.com/coatings/supplier/cnnc-hua-yuan-titanium-dioxide/all-products?pf=titanium-dioxide) citeturn32search2 [wordlim: 200] Crawled: last month; R-215 by CNNC HUA YUAN Titanium Dioxide R-215 is rutile grade supplied by CNNC HUA YUAN Titanium Dioxide. # Products by CNNC HUA YUAN Titanium Dioxide 7 * * * ## All 7 [Input: Search for a product] R-215 by CNNC HUA YUAN Titanium DioxideR-215 is rutile grade supplied by CNNC HUA YUAN Titanium Dioxide. This pigment is a high performance, versatile grade of... See product details R-2196 by CNNC HUA YUAN Titanium DioxideR-2196 by CNNC HUA YUAN Titanium Dioxide is rutile titanium dioxide pigment designed for solvent-based paints that requi... See product details R-2219 by CNNC HUA YUAN Titanium DioxideR-2219 by CNNC HUA YUAN Titanium Dioxide is"
CNNC titanium dioxide alternative equivalent grades,GLOBAL,EN,2026-08-29,5,Titanium Dioxide TiO2 Powder Rutile & Anatase Grade,https://www.chemategroup.com/titanium-dioxide-pigment/,chemategroup.com,SERP-REV-BRAND-CNNC-20260829,"Titanium Dioxide TiO2 Powder Rutile & Anatase Grade (https://www.chemategroup.com/titanium-dioxide-pigment/) citeturn32search3 [wordlim: 200] Crawled: last month; Depends on its characteristics of the best opacity, whiteness and brightness, high refractive index and covering power, it is widely used as a colourant in a wide array of industrial fields, such as, paint and coatings, plastics, paper making, printing inks, chemical fiber, rubber, cosmetics, etc. ... ### CNNC TIOXHUA TiO2 ... Rutile Grade Titanium Dioxide TiO2 | Anatase Grade Titanium Dioxide TiO2 --------------------------------------------------------------------------------"
CNNC titanium dioxide alternative equivalent grades,GLOBAL,EN,2026-08-29,6,TiO₂ Wiki – Titanium Dioxide Technical Reference,https://www.tio2.wiki/products,tio2.wiki,SERP-REV-BRAND-CNNC-20260829,TiO₂ Wiki – Titanium Dioxide Technical Reference (https://www.tio2.wiki/products) citeturn32search4 [wordlim: 200] Crawled: today; R-900 rutile Chemours • United States General-purpose chloride rutile TiO₂ for interior and exterior coatings with balanced optical properties.architectural coatingsindustrial coatings R-902+rutile Chemours • United States A chloride-process rutile TiO₂ with alumina and silica surface treatment for coatings requiring excellent durability and gloss retention.architectural coatingsindustrial coatings+1 R-960 rutile Chemours • United States A highly durable chloride-process rutile TiO₂ designed for exterior applications with superior weathering resistance.automotive coatingsindustrial coatings R-706 rutile Chemours • United States A chloride-process rutile TiO₂ with excellent dispersibility for plastics and masterbatch applications.plasticsindustrial coatings
CNNC titanium dioxide alternative equivalent grades,GLOBAL,EN,2026-08-29,7,"(174) That perception is confirmed by the views expressed by customers with regard to possible alternatives to the four grades offered by the Parties, Chemours and Kronos. When asked to identify credible alternatives (both technically and commercially) for the Parties' grades 8120 and RCL-722, no respondents mentioned ISK's CR-85 or CITIC Jinzhou's CR-300185 (nor any sulphate-based grades for use in paper laminate). While Chemours' grade R-796+ is the grade most often identified as being a credible alternative to Cristal's RCL-722 (all respondents but one), Cristal's grade is most often identified as being a credible alternative to Tronox's 8120. Four out of six respondents (representing 89% of the total EEA market for chloride-based titanium dioxide for use in paper laminate) consider that the Parties' grades are credible alternatives for one another.186",https://ec.europa.eu/competition/mergers/cases/decisions/m8451_3750_3.pdf,ec.europa.eu,SERP-REV-BRAND-CNNC-20260829,"(174) That perception is confirmed by the views expressed by customers with regard to possible alternatives to the four grades offered by the Parties, Chemours and Kronos. When asked to identify credible alternatives (both technically and commercially) for the Parties' grades 8120 and RCL-722, no respondents mentioned ISK's CR-85 or CITIC Jinzhou's CR-300185 (nor any sulphate-based grades for use in paper laminate). While Chemours' grade R-796+ is the grade most often identified as being a credible alternative to Cristal's RCL-722 (all respondents but one), Cristal's grade is most often identified as being a credible alternative to Tronox's 8120. Four out of six respondents (representing 89% of the total EEA market for chloride-based titanium dioxide for use in paper laminate) consider that the Parties' grades are credible alternatives for one another.186 (https://ec.europa.eu/competitio"
CNNC titanium dioxide alternative equivalent grades,GLOBAL,EN,2026-08-29,8,"Comparisons — SEMITI vs Ti-Pure, Tronox, Kronos & More | TiO2 Agents",https://tio2agents.com/compare,tio2agents.com,SERP-REV-BRAND-CNNC-20260829,"Comparisons — SEMITI vs Ti-Pure, Tronox, Kronos & More | TiO2 Agents (https://tio2agents.com/compare) citeturn32search5 [wordlim: 200] Crawled: last week; SEMITI 996 vs Ti-Pure R-902 SEMITI 996 is engineered as a 1:1 drop-in substitute for Ti-Pure R-902 in coatings, plastic masterbatch, and inks.Compare →SEMITI 706 vs Ti-Pure R-706 SEMITI 706 matches Ti-Pure R-706's premium durability for industrial and automotive coatings — at 35–40% lower landed cost.Compare →SEMITI 902 vs Ti-Pure R-902 SEMITI 902 is specifically engineered to drop into Ti-Pure R-902-qualified architectural paint formulations.Compare →SEMITI 706W vs Ti-Pure R-746 SEMITI 706W matches Ti-Pure R-746 as a hydrophilic-tuned rutile for waterborne architectural emulsion paints.Compare →SEMITI 960 vs Ti-Pure R-960 SEMITI 960 matches Ti-Pure R-960's amine-compatible HALS-friendly surface treatment for engineering plastics ma"
CNNC titanium dioxide alternative equivalent grades,GLOBAL,EN,2026-08-29,9,All products by cnnc hua yuan titanium dioxide for the polymers industry,https://www.specialchem.com/polymer-additives/supplier/cnnc-hua-yuan-titanium-dioxide/all-products,specialchem.com,SERP-REV-BRAND-CNNC-20260829,All products by cnnc hua yuan titanium dioxide for the polymers industry (https://www.specialchem.com/polymer-additives/supplier/cnnc-hua-yuan-titanium-dioxide/all-products) citeturn32search6 [wordlim: 200] Crawled: last month; R-219 by CNNC HUA YUAN Titanium Dioxide R-219 by CNNC HUA YUAN Titanium Dioxide is rutile titanium dioxide pigment with high versatility and high weathering res... --------------------------------------------------------------------------------
CNNC titanium dioxide alternative equivalent grades,GLOBAL,EN,2026-08-29,10,"Titanium Dioxide (TiO₂) — Rutile & Anatase Pigment Grades for Coatings, Plastics, Paper, Inks, and Cosmetics | East Materials",https://www.eastmaterials.com/products/titanium-dioxide/,eastmaterials.com,SERP-REV-BRAND-CNNC-20260829,"Titanium Dioxide (TiO₂) — Rutile & Anatase Pigment Grades for Coatings, Plastics, Paper, Inks, and Cosmetics | East Materials (https://www.eastmaterials.com/products/titanium-dioxide/) citeturn32search7 [wordlim: 200] Published: 3 months ago; Crawled: yesterday; # Titanium Dioxide (TiO₂) — Rutile & Anatase Pigment Grades for Coatings, Plastics, Paper, Inks, and Cosmetics ... Hiding power, dispersion, weather resistance, and chemical compatibility across coating, polymer, paper, and ink applications. ... Functionally equivalent to Chemours Ti-Pure, Tronox, Kronos, Venator Tioxide, and Cristal premium rutile and anatase grades. ... Sulphate-process is cost-effective for interior coatings, paper, and ceramic-grade anatase where premium weather resistance is not the driver. --------------------------------------------------------------------------------"
CNNC R-216 alternative equivalent titanium dioxide,GLOBAL,EN,2026-08-29,1,R-216 – KFA,https://kfa-co.com/product/r-216/,kfa-co.com,SERP-REV-GRADE-CNNC-R216-20260829,"R-216 – KFA (https://kfa-co.com/product/r-216/) citeturn39search0 [wordlim: 200] Crawled: last month; #### Titanium Dioxide |CNNC HUA YUAN | R-216 ## R-216 #### Titanium Dioxide |CNNC HUA YUAN | R-216 R-216 is a rutile titanium dioxide pigment ImageDatasheet PDF Categories CNNC HUA YUAN, Titanium Dioxide Tags CNNC HUA YUAN, R-216, TiO2, Titanium Dioxide, TITANIUM DIOXIDE- CNNC HUA YUAN * Product Description * Typical Properties * Storage * Packing * Reviews (0) ## Product Description PRODUCT | R-216 is a rutile titanium dioxide pigment. PROPERTIES | Excellent weathering resistance, High hiding power, Easy wetting and dispersibility, High gloss PROCESSING METHOD | Sulfate INORGANIC SURFACE TREATMENT | Silicon and Aluminum Compounds ORGANIC SURFACE TREATMENT | Yes APPLICATIONS | Exterior applications and Paint, waterborne, solvent, powder coating, PVC, printing I"
CNNC R-216 alternative equivalent titanium dioxide,GLOBAL,EN,2026-08-29,2,PUBLIC RECORD,https://www.industry.gov.au/sites/default/files/adc/public-record/2026-04/699-1-application-applicant-tronox-limited-application-of-investigation-on-titanium-dioxide_2.pdf,industry.gov.au,SERP-REV-GRADE-CNNC-R216-20260829,"PUBLIC RECORD (https://www.industry.gov.au/sites/default/files/adc/public-record/2026-04/699-1-application-applicant-tronox-limited-application-of-investigation-on-titanium-dioxide_2.pdf) citeturn39search12 [wordlim: 200] Published: 4 months ago; <th>Primary Chinese Equivalent Grade(s) – R-series (CNNC Hua Yuan Titanium Dioxide Co., Ltd. ... <td>TIOXHUA R-216 (Sulfate-process rutile; good dispersibility and hiding power)</td> <table id=""e1""> <tr> <th>Tronox Australian-Manufactured Grade</th> <th>Key Characteristics (Tronox Australia)</th> <th>Primary Chinese Equivalent Grade(s) – BILLIONS / LOMON (LB Group)</th> <th>Primary Chinese Equivalent Grade(s) – R-series (CNNC Hua Yuan Titanium Dioxide Co., Ltd. / CHTI)</th> <th>Rationale for Equivalence (common to both Chinese brands)</th> </tr> <tr> <td>TiONA 595</td> <td>Alumina, Zirconia, organic treated rutile; highest brightness &amp; g"
CNNC R-216 alternative equivalent titanium dioxide,GLOBAL,EN,2026-08-29,3,Private Joint Stock Company,https://www.kfa-co.com/wp-content/uploads/2025/01/CNNCHuaYuan.pdf,kfa-co.com,SERP-REV-GRADE-CNNC-R216-20260829,"Private Joint Stock Company (https://www.kfa-co.com/wp-content/uploads/2025/01/CNNCHuaYuan.pdf) citeturn39search13 [wordlim: 200] Published: 4 months ago; TITANIUM DIOXIDE | R-216 TITANIUM DIOXIDE | R-216 | PRODUCT DESCRIPTION PRODUCT | R-216 is a ruƟle Ɵtanium dioxide pigment. --- | --- | --- | PRODUCT DESCRIPTION PROPERTIES | Excellent weathering resistance, High hiding power, Easy weƟng and dispersibility, High gloss| PROCESSING METHOD INORGANIC SURFACE TREATMENT | Sulfate Silicon and Aluminum Compounds --- | --- | --- | PROCESSING METHOD ORGANIC SURFACE TREATMENT | Sulfate Yes | PROCESSING METHOD APPALPICPALTICIOANTSIONS | Sulfate Exterior applicaƟons and Paint, waterborne, solvent, powder coaƟng, PVC, prinƟng Ink. | PROCESSING METHOD TYPICAL PROPERTIES | Sulfate None | PROCESSING METHOD PARAMETER VALUE TEST METHOD | Sulfate None | PROCESSING METHOD TiO 2, wt% 93 ISO 591-1 CIEL* 9"
CNNC R-216 alternative equivalent titanium dioxide,GLOBAL,EN,2026-08-29,4,TITANIUM DIOXIDE,https://www.kfa-co.com/wp-content/uploads/2025/01/R-216.pdf,kfa-co.com,SERP-REV-GRADE-CNNC-R216-20260829,"TITANIUM DIOXIDE (https://www.kfa-co.com/wp-content/uploads/2025/01/R-216.pdf) citeturn39search14 [wordlim: 200] Published: 4 months ago; CNNC HUA YUAN ... Sulfate --- | --- Product Properties | R-216 is a rutile titanium dioxide pigment. TITANIUM DIOXIDE CNNC HUA YUAN R-216 Product description Product Processing Method | R-216 is a rutile titanium dioxide pigment. Sulfate --- | --- Product Properties | R-216 is a rutile titanium dioxide pigment. Excellent weathering resistance, High hiding power, Easy wetting and excellent dispersibility, High gloss Product Surface treatment | R-216 is a rutile titanium dioxide pigment. Produced by silicon and aluminum compounds inorganic and organic surface treated. Product Applications | R-216 is a rutile titanium dioxide pigment. Exterior applications and Paint Physico-chemical properties TiO , content, % 2 CIEL* dry powder |"
CNNC R-216 alternative equivalent titanium dioxide,GLOBAL,EN,2026-08-29,5,R-216 - CNNC HUA YUAN Titanium Dioxide- Technical Datasheet,https://www.specialchem.com/coatings/product/cnnc-hua-yuan-titanium-dioxide-r-216,specialchem.com,SERP-REV-GRADE-CNNC-R216-20260829,"R-216 - CNNC HUA YUAN Titanium Dioxide- Technical Datasheet (https://www.specialchem.com/coatings/product/cnnc-hua-yuan-titanium-dioxide-r-216) citeturn39search1 [wordlim: 200] Published: 9 months ago; Crawled: last month; Supplied by CNNC HUA YUAN Titanium Dioxide- Last Updated on Nov 13, 2025 ... R-216 by CNNC HUA YUAN Titanium Dioxide is rutile titanium dioxide pigment designed for weather resistant coatings. Technical datasheet # R-216 Supplied byCNNC HUA YUAN Titanium Dioxide- Last Updated on Nov 13, 2025 [Button: Description][Button: Benefits][Button: Applications][Button: Compliance][Button: Availability][Button: Properties] R-216 by CNNC HUA YUAN Titanium Dioxide is rutile titanium dioxide pigment designed for weather resistant coatings. It shows excellent hiding power and high performance in exterior applications. It undergoes silicone dioxide and aluminum oxide inorgani"
CNNC R-216 alternative equivalent titanium dioxide,GLOBAL,EN,2026-08-29,6,"Cnnc Hua Yuan Titanium Dioxide Co., Ltd.",https://www.chemball.com/factory/2ay67j/,chemball.com,SERP-REV-GRADE-CNNC-R216-20260829,"Cnnc Hua Yuan Titanium Dioxide Co., Ltd. (https://www.chemball.com/factory/2ay67j/) citeturn39search2 [wordlim: 200] Crawled: 2.1 years ago; Image: Titanium Dioxide R-216 ... The company was founded in 1989, formerly known as the titanium dioxide branch, a secondary independent accounting production unit affiliated to CNNC 404. Image CNNC HUA Yuan Titanium Dioxide Co., Ltd. Image CNNC HUA Yuan Titanium Dioxide Co., Ltd. 35 YRS Image Gansu, China CNY 2053.7 Million 1864800 m² Over 1000 people Main Products: Rutile Contact Supplier More Image: Titanium Dioxide R-2196+ Image: Titanium Dioxide R-2196+ Image: Titanium Dioxide R-2196+ 1/3 Titanium Dioxide R-2196+ CAS: 13463-67-7 Packing: 25 KG/Paper Bag; 500 KG/Jumbo Bag Lead Time: 14-30 days Inquiry Image: Titanium Dioxide R-216 Image: Titanium Dioxide R-216 Image: Titanium Dioxide R-216 1/3 Titanium Dioxide R-216"
CNNC R-216 alternative equivalent titanium dioxide,GLOBAL,EN,2026-08-29,7,"Cnnc Hua Yuan Titanium Dioxide Co., Ltd.",https://www.chemball.com/factory/2ay67j/product/623c2061a170ce61d98e68a4.html?detail=true,chemball.com,SERP-REV-GRADE-CNNC-R216-20260829,"Cnnc Hua Yuan Titanium Dioxide Co., Ltd. (https://www.chemball.com/factory/2ay67j/product/623c2061a170ce61d98e68a4.html?detail=true) citeturn39search3 [wordlim: 200] Crawled: last month; CNNC HUA Yuan Titanium Dioxide Co., Ltd. ... # Titanium Dioxide R-216 / CAS 13463-67-7 CNNC HUA Yuan Titanium Dioxide Co., Ltd. Image CNNC HUA Yuan Titanium Dioxide Co., Ltd. 35 YRS Image Gansu, China CNY 2053.7 Million 1864800 m² Over 1000 people Main Products: Rutile Contact Supplier # Titanium Dioxide R-216 / CAS 13463-67-7 ## OVERVIEW ### Uses * Titanium(Iv) Chloride Titanium(Iv) Chloride * Lead (II) Carbonate Basic Lead (II) Carbonate Basic * Mica Powder Mica Powder * ### Packaging Pallets Packing | 20'FCL | 40'FCL With | Without | With | Without 25 KG/Paper Bag | 20 MT | 24 MT | -- | 24 MT ### Lead Time 14-30 days ## REQUEST A QUOTATION [Input: Quantity] [Sel"
CNNC R-216 alternative equivalent titanium dioxide,GLOBAL,EN,2026-08-29,8,CNNCHY - Tio2.Pro,https://tio2.pro/index.php/category/manufactures/cnnchy/,tio2.pro,SERP-REV-GRADE-CNNC-R216-20260829,"CNNCHY - Tio2.Pro (https://tio2.pro/index.php/category/manufactures/cnnchy/) citeturn39search4 [wordlim: 200] Published: 4.8 years ago; Crawled: last month; # Titanium dioxide TiO2 Rutile R-216Titanium dioxide TiO2 Rutile R-216 is a Sulphate process tio2. # Titanium dioxide TiO2 Rutile R-216 Titanium dioxide TiO2 Rutile R-216 is a Sulphate process tio2. R-216 is from CNNCHY recommended in Paints & Coatings application ## FOB PRICE * Titanium dioxide TiO2 Rutile R-216 price at FOB 2360 USD/MT (Click for more price details) NOTE: PRICE OFFERED IS NOT FROM CNNCHY OFFICIAL. ## DESCRIPTION ## Description R-216 is a versatile TiO_{2} that offers exceptional performance in exterior applications calling for high weathering resistance. Item | Value --- | --- Processing Method | Sulfate Crystal Form | Rutile Inorganic Surface Treatment | SiO_{2}, Al_{2}O_{3} Organic Surface Treatm"
CNNC R-216 alternative equivalent titanium dioxide,GLOBAL,EN,2026-08-29,9,Precision Formulation: The Premier Guide to High-Performance Chinese Rutile TiO2 for Exterior & Interior Coatings - rawchemicalmart.com,https://rawchemicalmart.com/precision-formulation-the-premier-guide-to-high-performance-chinese-rutile-tio2-for-exterior-interior-coatings/,rawchemicalmart.com,SERP-REV-GRADE-CNNC-R216-20260829,"Precision Formulation: The Premier Guide to High-Performance Chinese Rutile TiO2 for Exterior & Interior Coatings - rawchemicalmart.com (https://rawchemicalmart.com/precision-formulation-the-premier-guide-to-high-performance-chinese-rutile-tio2-for-exterior-interior-coatings/) citeturn39search5 [wordlim: 200] Published: 8 months ago; Crawled: last month; At RawChemicalMart, we have curated a portfolio of the premier Titanium Dioxide grades from China’s top-tier manufacturers. ... #### Product: CNNC Huaruan | R-216 ... R-216 | CNNC | Sulfate | Al, Si | R2 | Whiteness & Blue Tone * Ideal Applications: Premium interior emulsions, high-solid paints, and powder coatings. #### Product: CNNC Huaruan | R-216 * Production Process: Sulfate (硫酸法) * Surface Treatment: Alumina, Silica, Special Organic treatment * Description: R-216 is widely recognized for its excellent pigment perf"
CNNC R-216 alternative equivalent titanium dioxide,GLOBAL,EN,2026-08-29,10,"TINOX R-2160 Rutile titanium dioxide pigment | TDS, Applications & Specifications",https://tinoxchem.com/products/r-2160,tinoxchem.com,SERP-REV-GRADE-CNNC-R216-20260829,"TINOX R-2160 Rutile titanium dioxide pigment | TDS, Applications & Specifications (https://tinoxchem.com/products/r-2160) citeturn39search6 [wordlim: 200] Crawled: 6 days ago; TINOX® R-2160 is a universal rutile pigment produced via sulfate process for waterborne and solvent-borne paint systems. # R-2160 Zr., Al., treated sulfate process rutile grade with excellent gloss and blue undertone TINOX® R-2160 is a universal rutile pigment produced via sulfate process for waterborne and solvent-borne paint systems. Advanced particle size control delivers strong optical properties with strong hiding power, excellent gloss, excellent dispersibility and a blue undertone. Key properties Strong hiding power & tinting strength Excellent gloss and whiteness Excellent dispersibility in waterborne and solventborne systems Blue undertone ↓ Download TDSRequest sampleGet a quote → ## Technical sp"
KRONOS 2310 alternative equivalent,GLOBAL,EN,2026-08-29,1,5 best Kronos alternatives for modern workforce management | Teambridge,https://www.teambridge.com/blog/kronos-alternatives,teambridge.com,SERP-REV-GRADE-KRONOS2310-20260829,"5 best Kronos alternatives for modern workforce management | Teambridge (https://www.teambridge.com/blog/kronos-alternatives) citeturn36search0 [wordlim: 200] Published: 11 months ago; Crawled: yesterday; * What to look for when choosing a Kronos alternative ... While Kronos has a wider product range, Deputy has a strong market presence in employee scheduling and attendance tracking, and its customers appreciate its user-friendly design. ... Similar to Kronos, it’s suited for large enterprises seeking a broad range of tools, but it aims to simplify HR processes with more updated technology. # 5 best Kronos alternatives for modern workforce management Looking for Kronos alternatives? Compare top WFM tools with a better UX, mobile-first interfaces, and higher rates of adoption across frontline teams. Image: Anis Nanai By Anis Nanai September 30, 2025 · 9 min read * Top 5 Krono"
KRONOS 2310 alternative equivalent,GLOBAL,EN,2026-08-29,2,Top 10 Kronos Cloud Alternatives & Competitors in 2026 | G2,https://www.g2.com/products/kronos-cloud/competitors/alternatives,g2.com,SERP-REV-GRADE-KRONOS2310-20260829,"Top 10 Kronos Cloud Alternatives & Competitors in 2026 | G2 (https://www.g2.com/products/kronos-cloud/competitors/alternatives) citeturn36search1 [wordlim: 200] Crawled: 2 months ago; The best overall alternative to Kronos Cloud is Automation Anywhere Agentic Process Automation, rated ~4.5 stars on G2 from 4020+ reviewers. ... Reviewers say compared to Kronos Cloud, Google Compute Engine is: # Top 10 Kronos Cloud Alternatives & Competitors (14)3.8 out of 5 Reviewers exploring Kronos Cloud often also consider these top-rated options in the same software category. When comparing Kronos Cloud with other tools, reviewers most often evaluate features and reporting as key differentiators. The best overall alternative to Kronos Cloud is Automation Anywhere Agentic Process Automation, rated ~4.5 stars on G2 from 4020+ reviewers. It is frequently praised for automation and efficiency. Other"
KRONOS 2310 alternative equivalent,GLOBAL,EN,2026-08-29,3,US 20060229.400A1,https://patentimages.storage.googleapis.com/43/c7/b2/ad5496def39dee/US20060229400A1.pdf,patentimages.storage.googleapis.com,SERP-REV-GRADE-KRONOS2310-20260829,"US 20060229.400A1 (https://patentimages.storage.googleapis.com/43/c7/b2/ad5496def39dee/US20060229400A1.pdf) citeturn36search12 [wordlim: 200] Published: 3 months ago; Kronos 2310 (Titanium Dioxide) ... As an alternative example of a non-linear poly the standard conditions discussed below. 100 Example 7 Comparison 1 Example 10 0157. As a reference point, the commercially available product Ciba 3357 was tested in the standard polyester epoxy powder coating at a volume fraction of 0.04. The formulation employed is given below. Reference Polyester-Epoxy Powder Coating for Ciba 3357 Component % by Weight 0.161. As an alternative example of a non-linear poly meric ester-amide having terminal carboxylic acid groups, 1 mole of hexahydrophthalic acid was reacted with 1 mole of diethanolamine followed by reaction with 2 moles of cyclo pentanetetracarboxylic acid in the Solid sta"
KRONOS 2310 alternative equivalent,GLOBAL,EN,2026-08-29,4,STARTING POINT FORMULATION L-SF 36,https://www.byk.com/en/applications?ai%5Bb_action%5D=download&ai%5Bb_rbmedia%5D=75330&type=36710733,byk.com,SERP-REV-GRADE-KRONOS2310-20260829,"STARTING POINT FORMULATION L-SF 36 (https://www.byk.com/en/applications?ai%5Bb_action%5D=download&ai%5Bb_rbmedia%5D=75330&type=36710733) citeturn36search13 [wordlim: 200] Published: 4 months ago; Position None | Component None | Supplier None | Pigment Supplier Function None | Kronos 2310 Kronos International PW 6 | Bayferrox 3920 Lanxess PY 42 | Bayferrox 120 M Lanxess PR 101 | Novoperm Red F3RK 70 Sudarshan PR 170 | Hostaperm Pink E Sudarshan PR 122 | Hostaperm Violet RL-NF Sudarshan PV 23 --- | --- | --- | --- | --- | --- | --- | --- | --- | --- Position 1 | Component Laropal A 81 (60 % solids, in PMA) | Supplier BASF | Pigment Supplier Function Binder | Kronos 2310 Kronos International 20.00 | Bayferrox 3920 Lanxess 23.00 | Bayferrox 120 M Lanxess 25.00 | Novoperm Red F3RK 70 Sudarshan 33.50 | Hostaperm Pink E Sudarshan 20.00 | Hostaperm Violet RL-NF Sudarshan 36.00 Position 2 | C"
KRONOS 2310 alternative equivalent,GLOBAL,EN,2026-08-29,5,"SS SS 2310 - chemical composition, properties, heat treatment, steel equivalent",https://www.steelgs.com/grades/Tool-Die-Steels/4/7750/SS-2310-steel.html,steelgs.com,SERP-REV-GRADE-KRONOS2310-20260829,"SS SS 2310 - chemical composition, properties, heat treatment, steel equivalent (https://www.steelgs.com/grades/Tool-Die-Steels/4/7750/SS-2310-steel.html) citeturn36search2 [wordlim: 200] Crawled: 2 months ago; ### Cross Reference Table(Equivalent Materials): ... X165CrMoV12 | DIN | Germany ... SKD-11 | JIS | Japan ### Relevant products: * SKD-11 Cold working die steel * X165CrMoV12 Cold... * 17-4ph steel wire * A387 F5 / Grade 5 Coil / Sheet * D2 Round Bar ### Cross Reference Table(Equivalent Materials): Material | Standard | Country D3 | ASTM | USA X165CrMoV12 | DIN | Germany 1.2601 | DIN | Germany SKD-11 | JIS | Japan X12M | GOST | Russia X160CrMoV12 / Z160CDV12 | AFNOR | France W1-A | SAE | USA T72301 | AISI | USA W1-C | SAE | USA W2-A | SAE | USA T72302 | AISI | USA W2-C | SAE | USA W5 | SAE | USA T72305 | AISI | USA ----------------------"
KRONOS 2310 alternative equivalent,GLOBAL,EN,2026-08-29,6,STARTING POINT FORMULATION L-SF 24,https://www.byk.com/de/anwendungen?ai%5Bb_action%5D=download&ai%5Bb_rbmedia%5D=75334&type=36710733,byk.com,SERP-REV-GRADE-KRONOS2310-20260829,STARTING POINT FORMULATION L-SF 24 (https://www.byk.com/de/anwendungen?ai%5Bb_action%5D=download&ai%5Bb_rbmedia%5D=75334&type=36710733) citeturn36search14 [wordlim: 200] Published: 1.1 years ago; Position None | Component None | Supplier None | Pigment Supplier Function None | Kemira RD3 Kemira PW 6 | Kronos 2310 Kronos International PW 6 | Bayferrox 3910 Lanxess PY 42 | Hansa Brilliant Yellow 5GX Sudarshan PY 74 | Novoperm Yellow HR 70 Sudarshan PY 83 | Paliotol Yellow L 2140 HD Sun Chemical PY 139 --- | --- | --- | --- | --- | --- | --- | --- | --- | --- Position 1 | Component Water | Supplier | Pigment Supplier Function Solvent | Kemira RD3 Kemira 17.30 | Kronos 2310 Kronos International 17.30 | Bayferrox 3910 Lanxess 30.10 | Hansa Brilliant Yellow 5GX Sudarshan 28.90 | Novoperm Yellow HR 70 Sudarshan 28.90 | Paliotol Yellow L 2140 HD Sun Chemical 52.00 Position 2 | Component Prese
KRONOS 2310 alternative equivalent,GLOBAL,EN,2026-08-29,7,(12) STANDARD PATENT,https://patentimages.storage.googleapis.com/f7/fa/6e/eb6fae378ae32c/AU2018243197B2.pdf,patentimages.storage.googleapis.com,SERP-REV-GRADE-KRONOS2310-20260829,(12) STANDARD PATENT (https://patentimages.storage.googleapis.com/f7/fa/6e/eb6fae378ae32c/AU2018243197B2.pdf) citeturn36search15 [wordlim: 200] Published: 6 months ago; equivalent weight: 276 g/val NH) ... Kronos 2310 (Kronos Titan GmbH): --------------------------------------------------------------------------------
KRONOS 2310 alternative equivalent,GLOBAL,EN,2026-08-29,8,Iconic Chronograph Calibers and Their Distinguishing Features - Chrono24 Magazine,https://www.chrono24.ca/magazine/iconic-chronograph-calibers-and-how-to-spot-them-p_74733/,chrono24.ca,SERP-REV-GRADE-KRONOS2310-20260829,Iconic Chronograph Calibers and Their Distinguishing Features - Chrono24 Magazine (https://www.chrono24.ca/magazine/iconic-chronograph-calibers-and-how-to-spot-them-p_74733/) citeturn36search3 [wordlim: 200] Published: 5.5 years ago; Crawled: last month; Let’s begin with one of the heavyweights among the historical chronograph calibers: the Lemania 2310. --------------------------------------------------------------------------------
KRONOS 2310 alternative equivalent,GLOBAL,EN,2026-08-29,9,STARTING POINT FORMULATION L-SF 34,https://www.byk.com/ja/applications?ai%5Bb_action%5D=download&ai%5Bb_rbmedia%5D=75329&type=36710733,byk.com,SERP-REV-GRADE-KRONOS2310-20260829,"STARTING POINT FORMULATION L-SF 34 (https://www.byk.com/ja/applications?ai%5Bb_action%5D=download&ai%5Bb_rbmedia%5D=75329&type=36710733) citeturn36search16 [wordlim: 200] Published: 1.1 years ago; Position None | Component None | Supplier None | Pigment Supplier Function None | Kronos 2310 Kronos International PW 6 | Ti-Pure R 960 Chemours PW 6 | Bayferrox 3920 Lanxess PY 42 | Bayferrox 120 M Lanxess PR 101 | Novoperm Red F3RK 70 Sudarshan PR 170 | Hostaperm Pink E Sudarshan PR 122 --- | --- | --- | --- | --- | --- | --- | --- | --- | --- Position 1 | Component Laropal A 81 (60 % solids, in PMA) | Supplier BASF | Pigment Supplier Function Binder | Kronos 2310 Kronos International 20.00 | Ti-Pure R 960 Chemours 20.00 | Bayferrox 3920 Lanxess 23.00 | Bayferrox 120 M Lanxess 25.00 | Novoperm Red F3RK 70 Sudarshan 33.50 | Hostaperm Pink E Sudarshan 20.00 Position 2 | Component 1-Methoxy-2"
KRONOS 2310 alternative equivalent,GLOBAL,EN,2026-08-29,10,Patek Philippe Chronographs And The Lemania 2310 Calibre,https://www.forbes.com/sites/thomaswojtowicz/2024/07/05/patek-philippe-and-the-lemania-2310-calibre/,forbes.com,SERP-REV-GRADE-KRONOS2310-20260829,"Patek Philippe Chronographs And The Lemania 2310 Calibre (https://www.forbes.com/sites/thomaswojtowicz/2024/07/05/patek-philippe-and-the-lemania-2310-calibre/) citeturn36search4 [wordlim: 200] Published: 2.2 years ago; Crawled: last week; References 3970, 5004, 5070 and 5970 In Order Of Production, All Powered By CH 27-70 Variations Based On The Lemania 2310. --------------------------------------------------------------------------------"
KRONOS 2310 titanium dioxide alternative equivalent,GLOBAL,EN,2026-08-29,1,"KRONOS 2310 titanium dioxide - KRONOS Worldwide, Inc",https://www.kronosww.com/grade/kronos-2310/,kronosww.com,SERP-REV-GRADE-KRONOS2310-TIO2-20260829,"KRONOS 2310 titanium dioxide - KRONOS Worldwide, Inc (https://www.kronosww.com/grade/kronos-2310/) citeturn41search0 [wordlim: 200] Crawled: yesterday; # KRONOS 2310 ... Oil absorption (DIN EN ISO 787-5)* | | 18 g/100 g pigment ... Since 1916, KRONOS ® has been producing titanium dioxide pigments (TiO_{2}), the world’s primary pigment for providing whiteness, brightness, and opacity. # KRONOS 2310 Zirconia-treated rutile pigment with outstanding optical properties for all demanding exterior coatings Download List of product grades ## Applications * Architectural Coatings * Coil coatings and UV-cured finishes * Powder coatings * Waterborne paints * High-quality industrial coatings * Screen and digital printing inks * White and tinted automotive finishes and vehicle refinish systems ## Properties * Imparts maximum brightness and a neutral tone in white coatings"
KRONOS 2310 titanium dioxide alternative equivalent,GLOBAL,EN,2026-08-29,2,"TMP- and TME-free Grades - KRONOS Worldwide, Inc",https://www.kronosww.com/page_part/tmp-and-tme-free-grades/,kronosww.com,SERP-REV-GRADE-KRONOS2310-TIO2-20260829,"TMP- and TME-free Grades - KRONOS Worldwide, Inc (https://www.kronosww.com/page_part/tmp-and-tme-free-grades/) citeturn41search1 [wordlim: 200] Crawled: 4 days ago; KRONOS 2190 and KRONOS 2310 free of TMP- and TME (Type 3752) are the first in a series of reinvented TiO_{2} pigments addressing emerging product stewardship aspects without affecting the optical and physical performance of the pigment in coatings systems. ... Since 1916, KRONOS ® has been producing titanium dioxide pigments (TiO_{2}), the world’s primary pigment for providing whiteness, brightness, and opacity. ## TMP- and TME-free Grades KRONOS 2190 and KRONOS 2310 free of TMP- and TME (Type 3752) are the first in a series of reinvented TiO_{2} pigments addressing emerging product stewardship aspects without affecting the optical and physical performance of the pigment in coatings systems. The new KRONOS TMP- and TME-"
KRONOS 2310 titanium dioxide alternative equivalent,GLOBAL,EN,2026-08-29,3,Kronos 2310 – Kronos TiO₂ | TiO₂ Wiki,https://www.tio2.wiki/products/kronos-2310,tio2.wiki,SERP-REV-GRADE-KRONOS2310-TIO2-20260829,Kronos 2310 – Kronos TiO₂ | TiO₂ Wiki (https://www.tio2.wiki/products/kronos-2310) citeturn41search2 [wordlim: 200] Crawled: last week; # Kronos 2310 ... Oil Absorption | 22-28 | g/100g | ISO 787-5 ... ## Similar or Equivalent Grades # Kronos 2310 Rutile Chloride process Kronos Germany ## Overview A premium chloride-process rutile grade with dense silica/alumina treatment for maximum exterior durability. ## Technical Specifications Property | Value | Unit | Test Method --- | --- | --- | --- TiO₂ Content | ≥88 | % | ISO 591 Brightness (Y) | ≥94 | % | ISO 2469 Oil Absorption | 22-28 | g/100g | ISO 787-5 pH (aqueous) | 7.5-9.5 | — | ISO 787-9 Specific Gravity | 3.8 | g/cm³ | ISO 787-10 Average Particle Size | 0.31 | μm | Electron microscopy Note: Specifications are typical values and may vary. Always confirm with current technical data sheets from the manuf
KRONOS 2310 titanium dioxide alternative equivalent,GLOBAL,EN,2026-08-29,4,KRONOS Titanium Dioxide,https://www.kronosww.com/wp-content/uploads/2022/08/KRONOS_ListofGrades_2025_web.pdf,kronosww.com,SERP-REV-GRADE-KRONOS2310-TIO2-20260829,KRONOS Titanium Dioxide (https://www.kronosww.com/wp-content/uploads/2022/08/KRONOS_ListofGrades_2025_web.pdf) citeturn41search12 [wordlim: 200] Published: 9 months ago; Hybrid (water/UV) inkjet inks | Rutile pigments – chemical and physical characteristicsKRONOS | 2056 | 2064 | 2066 | 2160 | 2190 | 2300 | 2310 | 2360 ... Oil absorption [g/100 g] ... KRONOS 9900 Digital White - a titanium dioxide KRONOS | 2044 | 2047 | 2056 | 2064 | 2066 | 2160 | 2190 | 2300 | 2310 | 2360 --- | --- | --- | --- | --- | --- | --- | --- | --- | --- | --- Type | | | 3856 | | | 3860 | 3741 | | 3752 | 3760 Weather resistance1 | B | B | B | C | C | A | B | B | A | A TiO₂ content2 min. [%] | 82.0 | 88.0 | 94.0 | 95.0 | 95.0 | 90.5 | 94.0 | 94.0 | 92.5 | 92.0 Relative scattering power3 | 84 | 91 | 97 | 104 | 107 | 95 | 103 | 103 | 102 | 100 Oil absorp
KRONOS 2310 titanium dioxide alternative equivalent,GLOBAL,EN,2026-08-29,5,"Comparisons — SEMITI vs Ti-Pure, Tronox, Kronos & More | TiO2 Agents",https://tio2agents.com/compare,tio2agents.com,SERP-REV-GRADE-KRONOS2310-TIO2-20260829,"Comparisons — SEMITI vs Ti-Pure, Tronox, Kronos & More | TiO2 Agents (https://tio2agents.com/compare) citeturn41search3 [wordlim: 200] Crawled: last week; SEMITI 2310 vs 2310 SEMITI 2310 is engineered as a direct alternative to Kronos 2310 for universal plastics applications.Compare →SEMITI 2160 vs 2160 SEMITI 2160 matches Kronos 2160's outdoor PVC durability for window frames, siding, and fence boards.Compare →SEMITI 2190 vs 2190 SEMITI 2190 matches Kronos 2190 as a premium plastics rutile for engineering plastics and 20-year warranty PVC.Compare →SEMITI PAPER-D vs 2073 SEMITI PAPER-D matches Kronos 2073 as a European-reference decor paper rutile.Compare →SEMITI 996 vs 2310 SEMITI 996 is universal; Kronos 2310 is plastics-focused. ... SEMITI 298 vs R-298 SEMITI 298 sources from the same LB Group tier-1 producer family as LB R-298 — functionally equivalent with trade-direct sourcing.C"
KRONOS 2310 titanium dioxide alternative equivalent,GLOBAL,EN,2026-08-29,6,KRONOS Titanium Dioxide,https://www.kronosww.com/wp-content/uploads/2026/02/KRONOS_List-of-Grades.pdf?v=1774111646,kronosww.com,SERP-REV-GRADE-KRONOS2310-TIO2-20260829,"KRONOS Titanium Dioxide (https://www.kronosww.com/wp-content/uploads/2026/02/KRONOS_List-of-Grades.pdf?v=1774111646) citeturn41search13 [wordlim: 200] Published: 4 months ago; [%] | 2044 85.5 | 2047 91.0 | 2056 94.8 | 2064 96.6 | 2066 97.0 | 2160 92.0 | 2190 95.7 | 2300 94.7 | 2310 93.9 | 2360 92.8 KRONOS Relative scattering power3 | 2044 84 | 2047 91 | 2056 97 | 2064 104 | 2066 107 | 2160 95 | 2190 103 | 2300 103 | 2310 102 | 2360 100 KRONOS Oil absorption [g/100 g] (ISO 787/5) | 2044 43 | 2047 28 | 2056 21 | 2064 17 | 2066 18 | 2160 20 | 2190 20 | 2300 18 | 2310 20 | 2360 19 KRONOS Stabilised with compounds of these elements | 2044 Al, Si | 2047 Al, Si | 2056 Al, Si | 2064 Al | 2066 Al | 2160 Al, Si | 2190 Al, Zr | 2300 Al | 2310 Al, Si, Zr | 2360 Al, Si KRONOS Density2 [g/cm3] | 2044 3.6 | 2047 3.8 | 2056 4.0 | 2064 4.1 | 2066 4.1 | 2160 3.9 | 2190 4.1 | 2300 4.1 | 2310 4.0 | 2360"
KRONOS 2310 titanium dioxide alternative equivalent,GLOBAL,EN,2026-08-29,7,US20160264786A1 - Aluminiumhydroxide-Containing Composite Pigments and Method for Production - Google Patents,https://patents.google.com/patent/US20160264786A1/en,patents.google.com,SERP-REV-GRADE-KRONOS2310-TIO2-20260829,"US20160264786A1 - Aluminiumhydroxide-Containing Composite Pigments and Method for Production - Google Patents (https://patents.google.com/patent/US20160264786A1/en) citeturn41search4 [wordlim: 200] Published: 10.0 years ago; Crawled: today; * The composite pigment particles were subsequently incorporated into an interior emulsion paint (test paint) having the formulation given in Table 1, where the TiO_{2 }pigment KRONOS 2310 was partly replaced by the composite pigment particles according to Example 1, such that the net TiO_{2 }pigment content was reduced by 10% by weight (Example 1-1), 20% by weight (Example 1-2) and 30% by weight (Example 1-3), referred to TiO_{2 }pigment in each case. ... * As Reference Example 1, the test paint was prepared only with the commercial TiO_{2 }pigment KRONOS 2076 (universal pigment with little post-treatment), and as Reference Example 2, the test"
KRONOS 2310 titanium dioxide alternative equivalent,GLOBAL,EN,2026-08-29,8,Kronos 2190 – Kronos TiO₂ | TiO₂ Wiki,https://www.tio2.wiki/products/kronos-2190,tio2.wiki,SERP-REV-GRADE-KRONOS2310-TIO2-20260829,"Kronos 2190 – Kronos TiO₂ | TiO₂ Wiki (https://www.tio2.wiki/products/kronos-2190) citeturn41search5 [wordlim: 200] Crawled: last month; Oil Absorption | 15-19 | g/100g | ISO 787-5 ... ## Similar or Equivalent Grades ... R-902+rutile Chemours • United States A chloride-process rutile TiO₂ with alumina and silica surface treatment for coatings requiring excellent durability and gloss retention.architectural coatingsindustrial coatings+1 TR-52 rutile Tronox • United States A universal rutile TiO₂ pigment with balanced optical properties and good dispersibility for general-purpose coatings.architectural coatingsindustrial coatings Kronos 2310 rutile Kronos • Germany A premium chloride-process rutile grade with dense silica/alumina treatment for maximum exterior durability.automotive coatings ... An independent technical reference for titanium dioxide grades, manufacturers, and applica"
KRONOS 2310 titanium dioxide alternative equivalent,GLOBAL,EN,2026-08-29,9,Kronos 2310 Equivalent Titanium Dioxide - MadeInChina.com,https://www.madeinchina.com/mall/show-Kronos-2310-Equivalent-Titanium-Dioxide_185503.html,madeinchina.com,SERP-REV-GRADE-KRONOS2310-TIO2-20260829,"Kronos 2310 Equivalent Titanium Dioxide - MadeInChina.com (https://www.madeinchina.com/mall/show-Kronos-2310-Equivalent-Titanium-Dioxide_185503.html) citeturn41search6 [wordlim: 200] Crawled: last month; # Kronos 2310 Equivalent Titanium Dioxide ... Products made by titanium dioxide Rutile R1930High-gloss paint, Decorative coating, Coil coatings, Water-based paint, Oil-based paint, -------------------------------------------------------------------------------- KRONOS™ KRONOS 2310 Titanium Dioxide"
KRONOS 2310 titanium dioxide alternative equivalent,GLOBAL,EN,2026-08-29,10,for coati,https://www.kronosww.com/wp-content/uploads/2022/08/KRONOS-2310-US_ROW.pdf,kronosww.com,SERP-REV-GRADE-KRONOS2310-TIO2-20260829,for coati (https://www.kronosww.com/wp-content/uploads/2022/08/KRONOS-2310-US_ROW.pdf) citeturn41search14 [wordlim: 200] Published: 4.0 years ago; KRONOS 2310 Titanium Dioxide ... <tr><td>Oil absorption (DIN EN ISO 787-5)*</td><td>18 g/100 g pigment</td></tr> --------------------------------------------------------------------------------
KRONOS titanium dioxide alternative equivalent grades,GLOBAL,EN,2026-08-29,1,"Grades - KRONOS Worldwide, Inc",https://www.kronosww.com/products/grades/,kronosww.com,SERP-REV-BRAND-KRONOS-20260829,"Grades - KRONOS Worldwide, Inc (https://www.kronosww.com/products/grades/) citeturn29search0 [wordlim: 200] Crawled: today; # Our KRONOS Grades ... 2044 Special rutile grade for matte architectural paints and inks, free of TMP- and TME ... Since 1916, KRONOS ® has been producing titanium dioxide pigments (TiO_{2}), the world’s primary pigment for providing whiteness, brightness, and opacity. # Our KRONOS Grades Discover our full range of TiO_{2} grades. Technical details and applications are available for comparison and download to help you to find the right product. Application Image Image Industry Image Image * [Input] Architectural Coatings * [Input] Automotive Paints * [Input] Can Coatings * [Input] Cardboard * [Input] Ceramics and electro ceramics * [Input] Coil Coatings * [Input] Decorative and colored cosmetics * [Input] Decorative coatings * [Input] Di"
KRONOS titanium dioxide alternative equivalent grades,GLOBAL,EN,2026-08-29,2,"KRONOS 2171 titanium dioxide - KRONOS Worldwide, Inc",https://www.kronosww.com/grade/kronos-2171/,kronosww.com,SERP-REV-BRAND-KRONOS-20260829,"KRONOS 2171 titanium dioxide - KRONOS Worldwide, Inc (https://www.kronosww.com/grade/kronos-2171/) citeturn29search1 [wordlim: 200] Crawled: yesterday; List of product grades ... INCI | | Titanium Dioxide, Glycine Soya Oil ... Since 1916, KRONOS ® has been producing titanium dioxide pigments (TiO_{2}), the world’s primary pigment for providing whiteness, brightness, and opacity. # KRONOS 2171 Rutile pigment blended with a plant-based organic component Download List of product grades ## Applications * Decorative cosmetics * Personal care products ## Properties * High purified product for sensitive applications * Superior tinting strength and opacity, ~20% higher than the anatase based alternatives * Readily dispersed in oil- or water-based products * Used as a white, natural-identical mineral colorant * Meets the definition of ‘derived mineral ingredients’ accor"
KRONOS titanium dioxide alternative equivalent grades,GLOBAL,EN,2026-08-29,3,"KRONOS 2044 titanium dioxide - KRONOS Worldwide, Inc",https://www.kronosww.com/grade/kronos-2044/,kronosww.com,SERP-REV-BRAND-KRONOS-20260829,"KRONOS 2044 titanium dioxide - KRONOS Worldwide, Inc (https://www.kronosww.com/grade/kronos-2044/) citeturn29search2 [wordlim: 200] Crawled: 3 days ago; # KRONOS 2044Special rutile grade for matte architectural paints and inks, free of TMP- and TME ... List of product grades ... Since 1916, KRONOS ® has been producing titanium dioxide pigments (TiO_{2}), the world’s primary pigment for providing whiteness, brightness, and opacity. # KRONOS 2044 Special rutile grade for matte architectural paints and inks, free of TMP- and TME Download List of product grades ## Applications * Matte architectural paints * Paper coatings * Matte printing inks * Wallpaper coatings ## Properties * Free of TMP and TME * Delivers greater opacity and tinting strength at high pigment volume concentrations than rutile pigments with less inorganic surface treatment * Imparts high brightness"
KRONOS titanium dioxide alternative equivalent grades,GLOBAL,EN,2026-08-29,4,"Comparisons — SEMITI vs Ti-Pure, Tronox, Kronos & More | TiO2 Agents",https://tio2agents.com/compare,tio2agents.com,SERP-REV-BRAND-KRONOS-20260829,"Comparisons — SEMITI vs Ti-Pure, Tronox, Kronos & More | TiO2 Agents (https://tio2agents.com/compare) citeturn29search3 [wordlim: 200] Crawled: last week; SEMITI 996 vs Ti-Pure R-902 SEMITI 996 is engineered as a 1:1 drop-in substitute for Ti-Pure R-902 in coatings, plastic masterbatch, and inks.Compare →SEMITI 706 vs Ti-Pure R-706 SEMITI 706 matches Ti-Pure R-706's premium durability for industrial and automotive coatings — at 35–40% lower landed cost.Compare →SEMITI 902 vs Ti-Pure R-902 SEMITI 902 is specifically engineered to drop into Ti-Pure R-902-qualified architectural paint formulations.Compare →SEMITI 706W vs Ti-Pure R-746 SEMITI 706W matches Ti-Pure R-746 as a hydrophilic-tuned rutile for waterborne architectural emulsion paints.Compare →SEMITI 960 vs Ti-Pure R-960 SEMITI 960 matches Ti-Pure R-960's amine-compatible HALS-friendly surface treatment for engineering plastics ma"
KRONOS titanium dioxide alternative equivalent grades,GLOBAL,EN,2026-08-29,5,Kronos 2220 – Kronos TiO₂ | TiO₂ Wiki,https://www.tio2.wiki/products/kronos-2220,tio2.wiki,SERP-REV-BRAND-KRONOS-20260829,"Kronos 2220 – Kronos TiO₂ | TiO₂ Wiki (https://www.tio2.wiki/products/kronos-2220) citeturn29search4 [wordlim: 200] Crawled: today; # Kronos 2220 ... ## Similar or Equivalent Grades ... R-706 rutile Chemours • United States A chloride-process rutile TiO₂ with excellent dispersibility for plastics and masterbatch applications.plasticsindustrial coatings TR-60 rutile Tronox • United States A chloride-process rutile grade optimized for plastics with excellent lacing resistance.plasticsindustrial coatings ... For assistance with grade selection, equivalent comparisons, or application-specific recommendations, submit a technical inquiry. # Kronos 2220 Rutile Chloride process Kronos Germany ## Overview A chloride-process rutile specifically designed for plastics with excellent dispersion characteristics. ## Technical Specifications Property | Value | Unit | Test Method --- | --- |"
KRONOS titanium dioxide alternative equivalent grades,GLOBAL,EN,2026-08-29,6,Kronos 2190 – Kronos TiO₂ | TiO₂ Wiki,https://www.tio2.wiki/products/kronos-2190,tio2.wiki,SERP-REV-BRAND-KRONOS-20260829,"Kronos 2190 – Kronos TiO₂ | TiO₂ Wiki (https://www.tio2.wiki/products/kronos-2190) citeturn29search5 [wordlim: 200] Crawled: last month; R-902+rutile Chemours • United States A chloride-process rutile TiO₂ with alumina and silica surface treatment for coatings requiring excellent durability and gloss retention.architectural coatingsindustrial coatings+1 TR-52 rutile Tronox • United States A universal rutile TiO₂ pigment with balanced optical properties and good dispersibility for general-purpose coatings.architectural coatingsindustrial coatings Kronos 2310 rutile Kronos • Germany A premium chloride-process rutile grade with dense silica/alumina treatment for maximum exterior durability.automotive coatings ... For assistance with grade selection, equivalent comparisons, or application-specific recommendations, submit a technical inquiry. ... An independent technical reference for tita"
KRONOS titanium dioxide alternative equivalent grades,GLOBAL,EN,2026-08-29,7,"Compare - KRONOS Worldwide, Inc",https://www.kronosww.com/products/compare/,kronosww.com,SERP-REV-BRAND-KRONOS-20260829,"Compare - KRONOS Worldwide, Inc (https://www.kronosww.com/products/compare/) citeturn29search6 [wordlim: 200] Crawled: yesterday; Special rutile grade for matte architectural paints and inks, free of TMP- and TME ... Meets the purity requirements for titanium dioxide E171 in the EU (Further details can be found in the related Product Stewardship document) E171 is authorized for use in cosmetics and pharmaceuticals (food and feed applications are not authorized in the European Union and Switzerland). ... Since 1916, KRONOS ® has been producing titanium dioxide pigments (TiO_{2}), the world’s primary pigment for providing whiteness, brightness, and opacity. --------------------------------------------------------------------------------"
KRONOS titanium dioxide alternative equivalent grades,GLOBAL,EN,2026-08-29,8,Kronos 2310 – Kronos TiO₂ | TiO₂ Wiki,https://www.tio2.wiki/products/kronos-2310,tio2.wiki,SERP-REV-BRAND-KRONOS-20260829,"Kronos 2310 – Kronos TiO₂ | TiO₂ Wiki (https://www.tio2.wiki/products/kronos-2310) citeturn29search7 [wordlim: 200] Crawled: last week; ## Similar or Equivalent Grades ... R-960 rutile Chemours • United States A highly durable chloride-process rutile TiO₂ designed for exterior applications with superior weathering resistance.automotive coatingsindustrial coatings TR-93 rutile Tronox • United States A premium rutile TiO₂ with dense silica treatment for exceptional durability in exterior architectural coatings.automotive coatingsarchitectural coatings Kronos 2190 rutile Kronos • Germany A chloride-process rutile TiO₂ with alumina/zirconia surface treatment for high-quality interior and exterior coatings.architectural coatingsindustrial coatings ... For assistance with grade selection, equivalent comparisons, or application-specific recommendations, submit a technical inquiry. ----------"
KRONOS titanium dioxide alternative equivalent grades,GLOBAL,EN,2026-08-29,9,"KRONOS 2066 titanium dioxide - KRONOS Worldwide, Inc",https://www.kronosww.com/grade/kronos-2066/,kronosww.com,SERP-REV-BRAND-KRONOS-20260829,"KRONOS 2066 titanium dioxide - KRONOS Worldwide, Inc (https://www.kronosww.com/grade/kronos-2066/) citeturn29search8 [wordlim: 200] Crawled: yesterday; # KRONOS 2066 ... List of product grades ... Food and Drug Administration (FDA): | | Compliance with the FDA requirements depends on the end use or final product application. ... Since 1916, KRONOS ® has been producing titanium dioxide pigments (TiO_{2}), the world’s primary pigment for providing whiteness, brightness, and opacity. --------------------------------------------------------------------------------"
KRONOS titanium dioxide alternative equivalent grades,GLOBAL,EN,2026-08-29,10,KRONOS Titanium Dioxide,https://www.kronosww.com/wp-content/uploads/2026/02/KRONOS_List-of-Grades.pdf?v=1774111646,kronosww.com,SERP-REV-BRAND-KRONOS-20260829,KRONOS Titanium Dioxide (https://www.kronosww.com/wp-content/uploads/2026/02/KRONOS_List-of-Grades.pdf?v=1774111646) citeturn29search12 [wordlim: 200] Published: 4 months ago; KRONOS Water based inkjet inks | 9900 (Digital White)  --- | --- KRONOS Hybrid (water/UV) inkjet inks | 9900 (Digital White) Rutile pigments – chemical and physical characteristics ... 2 The titanium dioxide content and density of the pigments depend on the type and quantity of the treatment substances used to improve the application ... KRONOS 9900 Digital White - a titanium dioxide --------------------------------------------------------------------------------
LB Group Lomon Billions titanium dioxide alternative equivalent grades,GLOBAL,EN,2026-08-29,1,Products & Applications - LB Group | LB Group,https://www.lomonbillions.global/products-applications/,lomonbillions.global,SERP-REV-BRAND-LB-20260829,"Products & Applications - LB Group | LB Group (https://www.lomonbillions.global/products-applications/) citeturn31search0 [wordlim: 200] Crawled: yesterday; LB Group is a leading manufacturer of high-performance titanium dioxide (TiO₂) pigments.Our BILLIONS™ TiO₂ pigment brand is established worldwide. ... Email: RAPS@lomonbillions.global ... On 27 May 2026 LB Group launched a new subsidiary, Tioxide, that manufactures TIOXIDE^{®} and DELTIO^{®} premium chloride-process TiO_{2} pigments. ### About The Company LB Group is a leading manufacturer of high-performance titanium dioxide (TiO₂) pigments. Our BILLIONS™ TiO₂ pigment brand is established worldwide. We have over 35 years of TiO₂ pigment manufacturing experience. We manufacture a wide range of TiO₂ pigments for all major applications using the sulfate process and the chloride process. Our high-performance TiO₂ products are key i"
LB Group Lomon Billions titanium dioxide alternative equivalent grades,GLOBAL,EN,2026-08-29,2,PUBLIC RECORD,https://www.industry.gov.au/sites/default/files/adc/public-record/2026-04/699-1-application-applicant-tronox-limited-application-of-investigation-on-titanium-dioxide_2.pdf,industry.gov.au,SERP-REV-BRAND-LB-20260829,"PUBLIC RECORD (https://www.industry.gov.au/sites/default/files/adc/public-record/2026-04/699-1-application-applicant-tronox-limited-application-of-investigation-on-titanium-dioxide_2.pdf) citeturn31search12 [wordlim: 200] Published: 4 months ago; <th>Primary Chinese Equivalent Grade(s) – BILLIONS / LOMON (LB Group)</th><th>Primary Chinese Equivalent Grade(s) – R-series (CNNC Hua Yuan Titanium Dioxide Co., Ltd. ... <td>BILLIONS BLR-896+ (high-durability chloride Chloride-process rutile; high weather resistance and durability)<br>LOMON R-996 (Sulfate-process rutile; excellent durability and weather resistance)</td> <table id=""e1""> <tr> <th>Tronox Australian-Manufactured Grade</th> <th>Key Characteristics (Tronox Australia)</th> <th>Primary Chinese Equivalent Grade(s) – BILLIONS / LOMON (LB Group)</th> <th>Primary Chinese Equivalent Grade(s) – R-series (CNNC Hua Yuan Titanium Dioxide Co"
LB Group Lomon Billions titanium dioxide alternative equivalent grades,GLOBAL,EN,2026-08-29,3,BLR-895 – Lomon Billions TiO₂ | TiO₂ Wiki,https://www.tio2.wiki/products/blr-895,tio2.wiki,SERP-REV-BRAND-LB-20260829,"BLR-895 – Lomon Billions TiO₂ | TiO₂ Wiki (https://www.tio2.wiki/products/blr-895) citeturn31search1 [wordlim: 200] Crawled: last week; R-960 rutile Chemours • United States A highly durable chloride-process rutile TiO₂ designed for exterior applications with superior weathering resistance.automotive coatingsindustrial coatings TR-93 rutile Tronox • United States A premium rutile TiO₂ with dense silica treatment for exceptional durability in exterior architectural coatings.automotive coatingsarchitectural coatings CR-828 rutile Lomon Billions • China A durable chloride-process rutile grade with dense silica/alumina surface treatment for exterior durability.automotive coatingsindustrial coatings ... For assistance with grade selection, equivalent comparisons, or application-specific recommendations, submit a technical inquiry. ... An independent technical reference for titanium dioxide"
LB Group Lomon Billions titanium dioxide alternative equivalent grades,GLOBAL,EN,2026-08-29,4,LB Group simplifies the branding of its titanium dioxide pigments - LB Group | LB Group,https://www.lomonbillions.global/lb-group-simplifies-the-branding-of-its-titanium-dioxide-pigments/,lomonbillions.global,SERP-REV-BRAND-LB-20260829,"LB Group simplifies the branding of its titanium dioxide pigments - LB Group | LB Group (https://www.lomonbillions.global/lb-group-simplifies-the-branding-of-its-titanium-dioxide-pigments/) citeturn31search2 [wordlim: 200] Published: 4.9 years ago; Crawled: 3 days ago; On 7 July 2021, Lomon billions Group Co., Ltd changed its name to LB Group Co., Ltd. ... From September 20, 2021, all our titanium dioxide pigments are branded XUELIAN^{®} in China, and BILLIONS™ outside China. ### About The Company LB Group is a leading manufacturer of high-performance titanium dioxide (TiO₂) pigments. Our BILLIONS™ TiO₂ pigment brand is established worldwide. We have over 35 years of TiO₂ pigment manufacturing experience. We manufacture a wide range of TiO₂ pigments for all major applications using the sulfate process and the chloride process. Our high-performance TiO₂ products are key ingredients u"
LB Group Lomon Billions titanium dioxide alternative equivalent grades,GLOBAL,EN,2026-08-29,5,Billions Titanium Dioxide,https://www.fengbaigroup.com/billions-titanium-dioxide/,fengbaigroup.com,SERP-REV-BRAND-LB-20260829,"Billions Titanium Dioxide (https://www.fengbaigroup.com/billions-titanium-dioxide/) citeturn31search3 [wordlim: 200] Crawled: 2 months ago; BILLIONS® titanium dioxide is the flagship TiO₂ brand of LB Group (Lomon Billions Group) , offering rutile-grade pigments produced via both sulfate and chloride processes. ... Lomon Billions titanium dioxide offers excellent whiteness, strong hiding power, high tinting strength, and outstanding dispersion. # Billions Titanium Dioxide BILLIONS® titanium dioxide is the flagship TiO₂ brand of LB Group (Lomon Billions Group) , offering rutile-grade pigments produced via both sulfate and chloride processes. The product range is widely used in coatings, plastics, inks, paper, and other industrial applications, delivering excellent whiteness, high hiding power, superior dispersion, strong weather resistance, and stable processing performance. It covers"
LB Group Lomon Billions titanium dioxide alternative equivalent grades,GLOBAL,EN,2026-08-29,6,LB Group | High performance titanium dioxide pigments,https://www.lomonbillions.global/,lomonbillions.global,SERP-REV-BRAND-LB-20260829,"LB Group | High performance titanium dioxide pigments (https://www.lomonbillions.global/) citeturn31search4 [wordlim: 200] Crawled: today; Email: RAPS@lomonbillions.global ... ## BILLIONS™ BLR-852 TITANIUM DIOXIDE PIGMENT FOR PAPER ... This alumina and phosphate-treated rutile titanium dioxide pigment has been designed by LB Group for use in the manufacture of decorative paper laminates. ### About The Company LB Group is a leading manufacturer of high-performance titanium dioxide (TiO₂) pigments. Our BILLIONS™ TiO₂ pigment brand is established worldwide. We have over 35 years of TiO₂ pigment manufacturing experience. We manufacture a wide range of TiO₂ pigments for all major applications using the sulfate process and the chloride process. Our high-performance TiO₂ products are key ingredients used to produce an enormous range of products including paints, plastics, inks, and paper."
LB Group Lomon Billions titanium dioxide alternative equivalent grades,GLOBAL,EN,2026-08-29,7,LB Group to promote new titanium dioxide (TiO₂) pigments for coatings and inks at ACS 2022 - LB Group | LB Group,https://www.lomonbillions.global/lb-group-at-acs-2022/,lomonbillions.global,SERP-REV-BRAND-LB-20260829,"LB Group to promote new titanium dioxide (TiO₂) pigments for coatings and inks at ACS 2022 - LB Group | LB Group (https://www.lomonbillions.global/lb-group-at-acs-2022/) citeturn31search5 [wordlim: 200] Published: 4.5 years ago; Crawled: 2 days ago; LB Group is a large Chinese chemical company listed on the Shenzhen stock exchange. ... In January 2022, our Board of Directors approved a 1 billion RMB (USD 157.6 million) investment at our Xiangyang site for the construction of a new 200ktpa titanium dioxide (TiO_{2}) pigment finishing plant. ... In July 2021, the company changed its name from Lomon Billions Group to LB Group. Two TiO_{2} pigment finishing lines will be built, each with the ability to process 100ktpa TiO_{2} pigment intermediate product.” New company name, and simplified product branding There have been other changes too. In July 2021, the company changed its name from"
LB Group Lomon Billions titanium dioxide alternative equivalent grades,GLOBAL,EN,2026-08-29,8,Integrated Value Chain - LB Group | LB Group,https://www.lomonbillions.global/integrated-value-chain/,lomonbillions.global,SERP-REV-BRAND-LB-20260829,"Integrated Value Chain - LB Group | LB Group (https://www.lomonbillions.global/integrated-value-chain/) citeturn31search6 [wordlim: 200] Crawled: today; LB Group is a leading manufacturer of high-performance titanium dioxide (TiO₂) pigments.Our BILLIONS™ TiO₂ pigment brand is established worldwide. ... Email: RAPS@lomonbillions.global ... High-performance titanium dioxide (TiO₂) pigments for coatings, plastics, inks, and paper ### About The Company LB Group is a leading manufacturer of high-performance titanium dioxide (TiO₂) pigments. Our BILLIONS™ TiO₂ pigment brand is established worldwide. We have over 35 years of TiO₂ pigment manufacturing experience. We manufacture a wide range of TiO₂ pigments for all major applications using the sulfate process and the chloride process. Our high-performance TiO₂ products are key ingredients used to produce an enormous range of products inclu"
LB Group Lomon Billions titanium dioxide alternative equivalent grades,GLOBAL,EN,2026-08-29,9,BILLIONS™ brand by LB Group - Polymer additives,https://www.specialchem.com/polymer-additives/supplier/lb-group/billions,specialchem.com,SERP-REV-BRAND-LB-20260829,BILLIONS™ brand by LB Group - Polymer additives (https://www.specialchem.com/polymer-additives/supplier/lb-group/billions) citeturn31search7 [wordlim: 200] Crawled: yesterday; BILLIONS™ LR-108 by LB Group BILLIONS™ LR-108 by LB Group is a titanium dioxide pigment produced by the sulfate process. --------------------------------------------------------------------------------
LB Group Lomon Billions titanium dioxide alternative equivalent grades,GLOBAL,EN,2026-08-29,10,LB Group will promote its high-performance titanium dioxide pigments for plastics at K2022 - LB Group | LB Group,https://www.lomonbillions.global/lb-group-will-promote-its-high-performance-titanium-dioxide-pigments-for-plastics-at-k2022/,lomonbillions.global,SERP-REV-BRAND-LB-20260829,"LB Group will promote its high-performance titanium dioxide pigments for plastics at K2022 - LB Group | LB Group (https://www.lomonbillions.global/lb-group-will-promote-its-high-performance-titanium-dioxide-pigments-for-plastics-at-k2022/) citeturn31search8 [wordlim: 200] Published: 3.9 years ago; Crawled: 3 days ago; Jiaozuo, China, 04 October 2022: LB Group (formerly known as Lomon Billions Group) will promote its high-performance titanium dioxide (TiO_{2}) pigments for plastics at K2022 in Düsseldorf, Germany. ... LB Group manufactures a range of high-performance TiO_{2} pigments for plastics including one of its best-selling TiO_{2} pigments for masterbatch, BILLIONS™ LR-108 pigment, made by the sulfate process and specially designed for masterbatch and compounding applications. ... LB Group is a large Chinese chemical company that’s listed on the Shenzhen stock exchange. --------"
Tioxide TR92 alternative equivalent,GLOBAL,EN,2026-08-29,1,FP PIGMENTS,https://www.fp-pigments.com/wp-content/uploads/2020-06-15-WEBSITE-L447-PDF-Case-Study-HQM-Matt.pdf,fp-pigments.com,SERP-REV-GRADE-TR92-20260829,"FP PIGMENTS (https://www.fp-pigments.com/wp-content/uploads/2020-06-15-WEBSITE-L447-PDF-Case-Study-HQM-Matt.pdf) citeturn37search12 [wordlim: 200] Published: 6.2 years ago; Crawled: 6.2 years ago; TIOXIDE® TR92, KRONOS® 2190, Tiona 595 and Ti-Pure® R902+. FP PIGMENTS Introduction FP-460 Opacity Pigment™ was evaluated in a European High Quality matt paint containing enamel grade TiO₂ pigment as standard. A simple weight for weight ladder study was carried out replacing the TiO₂ in 5% increments from 5% to 20%. Each performance of each paint was compared to the standard TiO₂ paint with the aim of finding the optimum TiO₂ replacement level for this formulation. Evaluation FP-460 Opacity Pigment™ was used as a partial replacement for an enamel grade TiO₂ grade, e.g. TIOXIDE® TR92, KRONOS® 2190, Tiona 595 and Ti-Pure® R902+. The typical formulation properties of the paint are given in"
Tioxide TR92 alternative equivalent,GLOBAL,EN,2026-08-29,2,2020-06-22 - WEBSITE L152 - PoS Reformulation Guidance v2,https://www.fp-pigments.com/wp-content/uploads/2020-06-22-WEBSITE-L152-PoS-Reformulation-Guidance-v2.pdf,fp-pigments.com,SERP-REV-GRADE-TR92-20260829,2020-06-22 - WEBSITE L152 - PoS Reformulation Guidance v2 (https://www.fp-pigments.com/wp-content/uploads/2020-06-22-WEBSITE-L152-PoS-Reformulation-Guidance-v2.pdf) citeturn37search13 [wordlim: 200] Published: 6.1 years ago; Titanium DioxideTIOXIDE® TR92 Point of Sale Matt Tint Base Reformulation Guidance Pastel and Mid Shade Matt Tint Bases Formulations for Example given on page 1 Standard 15% Replacement 15% FP-460/13% TiO2 % % % Water Water 28.42 28.18 28.57 Cellulosic Thickener Cellosize QP4400H 0.45 0.45 0.45 Base (pH control) Ammonia (28%) 0.17 0.17 0.10 Dispersant Dispex A40 0.21 0.21 0.21 Coalescening Agent Texanol 0.81 0.80 0.82 Antifoam Foamaster NXZ 0.15 0.15 0.15 Biocide Acticide BX-H 0.06 0.06 0.06 Chalk Queensfil 25 14.25 14.13 13.95 Calcined Clay Polestar 200P 14.25 14.13 13.95 Opacifying Pigment FP-Pigment 2.17 2.19 Titanium Diox
Tioxide TR92 alternative equivalent,GLOBAL,EN,2026-08-29,3,TiNEO,https://di.univ-blida.dz/xmlui/bitstream/handle/123456789/15056/4.540.1.119.pdf?isAllowed=y&sequence=1,di.univ-blida.dz,SERP-REV-GRADE-TR92-20260829,"TiNEO (https://di.univ-blida.dz/xmlui/bitstream/handle/123456789/15056/4.540.1.119.pdf?isAllowed=y&sequence=1) citeturn37search14 [wordlim: 200] Crawled: 4.4 years ago; Tioxide TR92 Annexe Guide d’information Tioxide TR92 TiNEO <table id=""e1""> <tr> <th>Autres applications</th> <th>Points forts</th> </tr> <tr> <td>Revêtements résistant aux agents chimiques</td> <td>Dispersion, opacité, durabilité</td> </tr> <tr> <td>Finitions séchant par irradiation</td> <td>Brillant, dureté, opacité</td> </tr> <tr> <td>Peintures à haut extrait sec</td> <td>Dispersion, blancheur, opacité, durabilité, brillant. Vitesse de réticulation élevée dans les systèmes à catalyse acide</td> </tr> <tr> <td>Finitions et primaires pour électrophorèse</td> <td>Brillant, durabilité, blancheur</td> </tr> <tr> <td>Peintures industrielles à l’eau</td> <td>Couleur, opacité, dispersion, durabilité</td> </tr> <tr> <td>"
Tioxide TR92 alternative equivalent,GLOBAL,EN,2026-08-29,4,US008329786B2,https://patentimages.storage.googleapis.com/bd/e5/a0/7404f4e9a5415a/US8329786.pdf,patentimages.storage.googleapis.com,SERP-REV-GRADE-TR92-20260829,US008329786B2 (https://patentimages.storage.googleapis.com/bd/e5/a0/7404f4e9a5415a/US8329786.pdf) citeturn37search15 [wordlim: 200] Published: 4 months ago; and 131.4 g of Tioxide TR92 were weighed into a separate ... 131.4 g of Tioxide TR92 was added to the disperser container. O.71 Water 15.59 45 16.30 Mop-up initiator charge Weightg 50 Ammonium PerSulphate O16 Water 16.76 16.92 Biocide Solution Weightg 55 Rocima V189 1.54 Water 4.09 A millbase was made according to Example 2 except that 28.3 g of the initial charge of water were replaced by a solvent mixture consisting of 8.1 g of benzyl alcohol and 20.2 of Texanol. To 729.0 g of millbase was added 10.9 g of water and stirred at about 600 rpm using a paddle stirrer. 192.7 g of the aqueous dispersion made according to Comparative Resin Example A was added whilst stirring. The remaining addi tions and cond
Tioxide TR92 alternative equivalent,GLOBAL,EN,2026-08-29,5,TIOXIDE TR92 - Venator Materials - Technical Datasheet,https://www.specialchem.com/coatings/product/tioxide-tioxide-tr92,specialchem.com,SERP-REV-GRADE-TR92-20260829,TIOXIDE TR92 - Venator Materials - Technical Datasheet (https://www.specialchem.com/coatings/product/tioxide-tioxide-tr92) citeturn37search0 [wordlim: 200] Published: 2 months ago; Crawled: yesterday; # TIOXIDE® TR92 ... TIOXIDE® TR92 by Tioxide is a rutile titanium dioxide. Automotive Refinish Coati...2982 products Automotive OEM Coatings6659 products Metal Coatings4634 products Coil Coatings4071 products Automotive Refinish Coati...2982 products Automotive OEM Coatings6659 products Metal Coatings4634 products Coil Coatings4071 products Automotive Refinish Coati...2982 products Next ### For which system Solvent-based Coatings| Powder Coatings| Coatings Unlock for free ## Availability Product Status:Visible After Login Unlock for free ## TIOXIDE® TR92 properties ### Other properties [Button: Supplier data][Button: SI units][Button: Imperial units] Properties | V
Tioxide TR92 alternative equivalent,GLOBAL,EN,2026-08-29,6,TiO₂ Wiki – Titanium Dioxide Technical Reference,https://www.tio2.wiki/products,tio2.wiki,SERP-REV-GRADE-TR92-20260829,TiO₂ Wiki – Titanium Dioxide Technical Reference (https://www.tio2.wiki/products) citeturn37search1 [wordlim: 200] Crawled: today; R-900 rutile Chemours • United States General-purpose chloride rutile TiO₂ for interior and exterior coatings with balanced optical properties.architectural coatingsindustrial coatings R-902+rutile Chemours • United States A chloride-process rutile TiO₂ with alumina and silica surface treatment for coatings requiring excellent durability and gloss retention.architectural coatingsindustrial coatings+1 R-960 rutile Chemours • United States A highly durable chloride-process rutile TiO₂ designed for exterior applications with superior weathering resistance.automotive coatingsindustrial coatings R-706 rutile Chemours • United States A chloride-process rutile TiO₂ with excellent dispersibility for plastics and masterbatch applications.plasticsindustrial coatings
Tioxide TR92 alternative equivalent,GLOBAL,EN,2026-08-29,7,"Conforms to Regulation (EC) No. 1907/2006 (REACH), Annex II",https://www.kirklees.gov.uk/beta/planning-applications/search-for-planning-applications/downloaddocument.aspx?application_number=2025%2F92335&file_reference=1115711&size=235761,kirklees.gov.uk,SERP-REV-GRADE-TR92-20260829,"Conforms to Regulation (EC) No. 1907/2006 (REACH), Annex II (https://www.kirklees.gov.uk/beta/planning-applications/search-for-planning-applications/downloaddocument.aspx?application_number=2025%2F92335&file_reference=1115711&size=235761) citeturn37search16 [wordlim: 200] Published: 6 months ago; TIOXIDE® A-HR, A-HRF, A-PP2, R-FC5, R-HD2, R-XL, R-TC30, R-TC90,TR28,TR29, TR50, TR81, TR85, TR88, TR92 ... : HP_Titanium Dioxide_TIOXIDE Conforms to Regulation (EC) No. 1907/2006 (REACH), Annex II SAFETY DATA SHEET TIOXIDE® A-HR, A-HRF, A-PP2, R-FC5, R-HD2, R-XL, R-TC30, R-TC90,TR28, TR29, TR50, TR81, TR85, TR88, TR92 SECTION 1: Identification of the substance/mixture and of the company/ undertaking 1.1 Product identifier Product name : TIOXIDE® A-HR, A-HRF, A-PP2, R-FC5, R-HD2, R-XL, R-TC30, R-TC90, TR28, TR29, TR50, TR81, TR85, TR88, TR92 EC Number : 236-675-5. REACH"
Tioxide TR92 alternative equivalent,GLOBAL,EN,2026-08-29,8,Knowledge in action,https://www.nordmann.global/_Resources/Persistent/2/0/6/6/206626546136d21c4b660abae2a58105f36bd7d1/Rubber%20Compendium_Portfolio.pdf,nordmann.global,SERP-REV-GRADE-TR92-20260829,"Knowledge in action (https://www.nordmann.global/_Resources/Persistent/2/0/6/6/206626546136d21c4b660abae2a58105f36bd7d1/Rubber%20Compendium_Portfolio.pdf) citeturn37search17 [wordlim: 200] Published: 2 months ago; Rutile TiO grades 2 | TiO 2 content [%] | Surface treatment/ coating | Untertone | pH value | Durability | Special features/ applications --- | --- | --- | --- | --- | --- | --- Rutile TIOXIDE® TR92 | 94 | Aluminum, zirconium/ organic present | Neutral | 6-9 | Highly durable | Good weathering resistance, used for multi-purpose industrial and decorative coatings. FILLERS | PORTFOLIO GERMANY BACK TO OVERVIEW < Light-colored fillers White pigments - Pigments for coloring rubbers Titanium dioxide White pigments for producing white or light-colored products Titanium dioxide is mainly extracted from titanium iron ore (ilmenite). There are essentially two types, differentiated a"
Tioxide TR92 alternative equivalent,GLOBAL,EN,2026-08-29,9,Диоксид титана Tioxide TR 92 - производитель ЭкоТек,https://eko-tec.ru/torgoviy-dom/himicheskoe-syre/dioksid-titana/dioksid-titana-tioxide-tr-92/,eko-tec.ru,SERP-REV-GRADE-TR92-20260829,Диоксид титана Tioxide TR 92 - производитель ЭкоТек (https://eko-tec.ru/torgoviy-dom/himicheskoe-syre/dioksid-titana/dioksid-titana-tioxide-tr-92/) citeturn37search2 [wordlim: 200] Crawled: 4 months ago; # Диоксид титана Tioxide TR 92 --------------------------------------------------------------------------------
Tioxide TR92 alternative equivalent,GLOBAL,EN,2026-08-29,10,泛能拓TR92多用途氯化法钛白粉_原亨斯迈钛白粉TR92_精颜化工,https://www.shzgf.com/huntsman_tr92.html,shzgf.com,SERP-REV-GRADE-TR92-20260829,泛能拓TR92多用途氯化法钛白粉_原亨斯迈钛白粉TR92_精颜化工 (https://www.shzgf.com/huntsman_tr92.html) citeturn37search3 [wordlim: 200] Published: 3 months ago; Crawled: last week; * 型 号：TIOXIDE TR92 --------------------------------------------------------------------------------
Ti-Pure R-706 alternative equivalent,GLOBAL,EN,2026-08-29,1,"Chemours Launches Ti-Pure™ TS-6706, A TMP/TME- Free Version of Flagship Universal Grade, Ti-Pure™ R-706 | Chemours",https://www.chemours.com/en/news-media-center/all-news/press-releases/2025/chemours-launches-ti-pure-ts-6706-a-tmp-tme-free-version-of-flagship-universal-grade-ti-pure-r-706,chemours.com,SERP-REV-GRADE-R706-20260829,"Chemours Launches Ti-Pure™ TS-6706, A TMP/TME- Free Version of Flagship Universal Grade, Ti-Pure™ R-706 | Chemours (https://www.chemours.com/en/news-media-center/all-news/press-releases/2025/chemours-launches-ti-pure-ts-6706-a-tmp-tme-free-version-of-flagship-universal-grade-ti-pure-r-706) citeturn34search0 [wordlim: 200] Published: 1.5 years ago; Crawled: yesterday; Wilmington, Del., February 19, 2025 – The Chemours Company (Chemours) (NYSE: CC), a global chemistry company with leading market positions in Thermal & Specialized Solutions (TSS), Titanium Technologies (TT), and Advanced Performance Materials (APM), today announces the launch of Ti-Pure™ TS-6706, a TMP- and TME- free version of Ti-Pure™ R-706 – the benchmark, universal titanium dioxide (TiO₂) grade that works reliably for a variety of coatings applications where appearance is critical. # Chemours Launches Ti-Pure™ TS-67"
Ti-Pure R-706 alternative equivalent,GLOBAL,EN,2026-08-29,2,"Chemours führt Ti-Pure™ TS-6706 ein, eine TMP/TME-freie Version der universellen Flagship-Lösung Ti-Pure™ R-706 | Chemours",https://www.chemours.de/news-media-center/all-news/press-releases/2025/chemours-launches-ti-pure-ts-6706-a-tmp-tme-free-version-of-flagship-universal-grade-ti-pure-r-706,chemours.de,SERP-REV-GRADE-R706-20260829,"Chemours führt Ti-Pure™ TS-6706 ein, eine TMP/TME-freie Version der universellen Flagship-Lösung Ti-Pure™ R-706 | Chemours (https://www.chemours.de/news-media-center/all-news/press-releases/2025/chemours-launches-ti-pure-ts-6706-a-tmp-tme-free-version-of-flagship-universal-grade-ti-pure-r-706) citeturn34search1 [wordlim: 200] Published: 1.5 years ago; Crawled: last month; # Chemours führt Ti-Pure™ TS-6706 ein, eine TMP/TME-freie Version der universellen Flagship-Lösung Ti-Pure™ R-706 ... „Die Entwicklung von Ti-Pure™ TS-6706 ist das jüngste Beispiel dafür, dass unser erstklassiges Forschungs- und Entwicklungsteam auf die Wünsche unserer Kunden eingeht und eine alternative Formulierung entwickelt, ohne dabei die bekannte Qualität, Konsistenz und Zuverlässigkeit von Chemours zu beeinträchtigen.“ Alle Neuigkeiten anzeigen # Chemours führt Ti-Pure™ TS-6706 ein, eine TMP/TME-freie Versio"
Ti-Pure R-706 alternative equivalent,GLOBAL,EN,2026-08-29,3,"Comparisons — SEMITI vs Ti-Pure, Tronox, Kronos & More | TiO2 Agents",https://tio2agents.com/compare,tio2agents.com,SERP-REV-GRADE-R706-20260829,"Comparisons — SEMITI vs Ti-Pure, Tronox, Kronos & More | TiO2 Agents (https://tio2agents.com/compare) citeturn34search2 [wordlim: 200] Crawled: last week; SEMITI 996 vs Ti-Pure R-902 SEMITI 996 is engineered as a 1:1 drop-in substitute for Ti-Pure R-902 in coatings, plastic masterbatch, and inks.Compare →SEMITI 706 vs Ti-Pure R-706 SEMITI 706 matches Ti-Pure R-706's premium durability for industrial and automotive coatings — at 35–40% lower landed cost.Compare →SEMITI 902 vs Ti-Pure R-902 SEMITI 902 is specifically engineered to drop into Ti-Pure R-902-qualified architectural paint formulations.Compare →SEMITI 706W vs Ti-Pure R-746 SEMITI 706W matches Ti-Pure R-746 as a hydrophilic-tuned rutile for waterborne architectural emulsion paints.Compare →SEMITI 960 vs Ti-Pure R-960 SEMITI 960 matches Ti-Pure R-960's amine-compatible HALS-friendly surface treatment for engineering plastics ma"
Ti-Pure R-706 alternative equivalent,GLOBAL,EN,2026-08-29,4,Titanium Dioxide Manufacturer | Ti-Pure™ TiO₂ by Chemours | Products,https://www.tipure.com/en/products,tipure.com,SERP-REV-GRADE-R706-20260829,"Titanium Dioxide Manufacturer | Ti-Pure™ TiO₂ by Chemours | Products (https://www.tipure.com/en/products) citeturn34search3 [wordlim: 200] Crawled: last week; Ti-Pure™ TS-6706 This universal grade is a TMP/ TME- free version of Ti-Pure™ R-706. Learn more about Ti-Pure™ for Coatings. To find the right grade for your needs, download the Grade Selection Guide. Ti-Pure™ R-706 This universal grade performs dependably for many demanding applications. Ti-Pure™ TS-6706 This universal grade is a TMP/ TME- free version of Ti-Pure™ R-706. Performs dependably for many demanding applications. Ti-Pure™ R-900 This versatile TiO₂ pigment adds whiteness and brightness to interior paints. Ti-Pure™ R-960 This TiO₂ improves color retention and strengthens weatherability for paints. Ti-Pure™ TS-6200 Designed to advance sustainability in the most demanding coating applications by maximizing resource effi"
Ti-Pure R-706 alternative equivalent,GLOBAL,EN,2026-08-29,5,Titanium Dioxide Solutions for Coatings | Ti-Pure™ TiO₂ by Chemours,https://www.tipure.com/en/products/coatings,tipure.com,SERP-REV-GRADE-R706-20260829,"Titanium Dioxide Solutions for Coatings | Ti-Pure™ TiO₂ by Chemours (https://www.tipure.com/en/products/coatings) citeturn34search4 [wordlim: 200] Crawled: 6 days ago; Two multipurpose gloss grades, Ti-Pure™ R-706 and Ti-Pure™ R-902+, are recommended for use when a single pigment is required to perform well in both interior and exterior gloss and semi-gloss systems. ... Ti-Pure™ TS-6706 This universal grade is a TMP/ TME- free version of Ti-Pure™ R-706. ## Titanium Dioxide Uses ### Titanium Dioxide for Paints #### Gloss and Semigloss Paints Ti-Pure™ R-900 is recommended for general use in alkyd and latex paints for interior gloss and semi-gloss applications. This pigment disperses easily, develops high gloss and shows maximum hiding power over a wide range of gloss grade applications. Two multipurpose gloss grades, Ti-Pure™ R-706 and Ti-Pure™ R-902+, are recommended for use when"
Ti-Pure R-706 alternative equivalent,GLOBAL,EN,2026-08-29,6,"Tires Pyrolysis - The Chemours Company (Chemours), a global leader in Thermal & Specialized Solutions, Titanium Technologies, and Advanced Performance Materials, has introduced Ti-Pure™ TS-6706, a TMP- and TME-free alternative to its widely used Ti-Pure™ R-706. This launch offers a regulatory-compliant solution while maintaining the high-performance characteristics essential for coatings applications 24-02-2025 • Polyestertime",https://www.polyestertime.com/tires-pyrolysis/,polyestertime.com,SERP-REV-GRADE-R706-20260829,"Tires Pyrolysis - The Chemours Company (Chemours), a global leader in Thermal & Specialized Solutions, Titanium Technologies, and Advanced Performance Materials, has introduced Ti-Pure™ TS-6706, a TMP- and TME-free alternative to its widely used Ti-Pure™ R-706. This launch offers a regulatory-compliant solution while maintaining the high-performance characteristics essential for coatings applications 24-02-2025 • Polyestertime (https://www.polyestertime.com/tires-pyrolysis/) citeturn34search5 [wordlim: 200] Published: 1.5 years ago; Crawled: 2 days ago; #### The Chemours Company (Chemours), a global leader in Thermal & Specialized Solutions, Titanium Technologies, and Advanced Performance Materials, has introduced Ti-Pure™ TS-6706, a TMP- and TME-free alternative to its widely used Ti-Pure™ R-706. # Chemours Unveils Ti-Pure™ TS-6706: A TMP/TME-Free Alternative to Ti-Pure™ R-706 ####"
Ti-Pure R-706 alternative equivalent,GLOBAL,EN,2026-08-29,7,TiO2Basics for Paint Appearance and Performance | PCI Magazine,https://www.pcimag.com/articles/83622-tio2basics-for-paint-appearance-and-performance,pcimag.com,SERP-REV-GRADE-R706-20260829,"TiO2Basics for Paint Appearance and Performance | PCI Magazine (https://www.pcimag.com/articles/83622-tio2basics-for-paint-appearance-and-performance) citeturn34search6 [wordlim: 200] Crawled: yesterday; Ti-Pure R-706 and R-902 are recommended for use when a single pigment is required to perform well in both interior and exterior gloss and semigloss systems. ... Ti-Pure R-706 is the most widely applicable grade, possessing a combination of exceptionally high gloss and excellent exterior durability unique in the industry. Although high hiding is important in all coatings, grade choice often depends on the gloss level and exterior durability required. Ti-Pure R-706 is the most widely applicable grade, possessing a combination of exceptionally high gloss and excellent exterior durability unique in the industry. It can be used in both interior and exterior coatings where this combination"
Ti-Pure R-706 alternative equivalent,GLOBAL,EN,2026-08-29,8,Titanium Dioxide for Architectural & Automative Coatings | R-706 | TiO₂,https://www.tipure.com/en/products/coatings/r-706,tipure.com,SERP-REV-GRADE-R706-20260829,"Titanium Dioxide for Architectural & Automative Coatings | R-706 | TiO₂ (https://www.tipure.com/en/products/coatings/r-706) citeturn34search7 [wordlim: 200] Crawled: last week; Ti-Pure™ R-706 is a rutile titanium dioxide (TiO₂) pigment that is a benchmark grade for interior and exterior coatings. # Ti-Pure™ R-706 Image: person climbing a ladder against a home exterior with paint can ## Consistency and Flexibility When Appearances Matter Ti-Pure™ R-706 is a rutile titanium dioxide (TiO₂) pigment that is a benchmark grade for interior and exterior coatings. It provides flexibility and reliability for applications and formulations where appearance is critical. ### Features and Benefits Manufactured via a proprietary chloride process, Ti-Pure™ R-706 features: * Tight particular size control for color match confidence * Blue undertone for maximum flexibility in formulated color"
Ti-Pure R-706 alternative equivalent,GLOBAL,EN,2026-08-29,9,科慕发布 Ti-Pure™（淳泰™）TS-6706——旗舰通用产品 Ti-Pure™（淳泰™）R-706 的不含 TMP 和 TME 的版本 | Chemours,https://www.chemours.cn/news-media-center/all-news/press-releases/2025/chemours-launches-ti-pure-ts-6706-a-tmp-tme-free-version-of-flagship-universal-grade-ti-pure-r-706,chemours.cn,SERP-REV-GRADE-R706-20260829,科慕发布 Ti-Pure™（淳泰™）TS-6706——旗舰通用产品 Ti-Pure™（淳泰™）R-706 的不含 TMP 和 TME 的版本 | Chemours (https://www.chemours.cn/news-media-center/all-news/press-releases/2025/chemours-launches-ti-pure-ts-6706-a-tmp-tme-free-version-of-flagship-universal-grade-ti-pure-r-706) citeturn34search8 [wordlim: 200] Published: 1.5 years ago; Crawled: yesterday; # 科慕发布 Ti-Pure™（淳泰™）TS-6706——旗舰通用产品 Ti-Pure™（淳泰™）R-706 的不含 TMP 和 TME 的版本 Ti-Pure™（淳泰™）TS-6706 属于科慕 Ti-Pure™（淳泰™）可持续系列 (TS) 的一部分，旨在应对不断变化的监管环境和提供满足客户需求的解决方案。可持续系列致力于在循环性、气候影响、卫生和健康以及资源效率这四大支柱领域进行创新。 Ti-Pure™（淳泰™）TS-6706 可以作为 Ti-Pure™（淳泰™）R-706 的替代产品，但无需费力重新配方，因为它保留了使原版产品通用于涂料行业的物理属性，即高光泽度、优异耐久性、蓝色底色和遮盖力，而且它更容易分散和浸润。Ti-Pure™（淳泰™）R-706 因其在水性、溶剂型和粉末配方中的灵活运用而备受配方设计师珍视，而 Ti-Pure™（淳泰™）TS-6706 同样具有这种灵活性和重要属性。 为了确保最佳性能并满足严格的客户要求，Ti-Pure™（淳泰™）TS-6706 在建筑和工业涂料系统中均进行了测试，包括溶剂和水性测试。Ti-Pure™（淳泰™）TS-6706 还就其对关键参数的影响进行了评估，如液体涂料的粘度稳定性，以及涂料应用后的颜色、光泽度、着色强度、遮盖力和机械强度。---------
Ti-Pure R-706 alternative equivalent,GLOBAL,EN,2026-08-29,10,"Titanium Dioxide R706 | THIPHACHEM | Paint additives, Plastic additives",https://thiphachem.com/product/titanium-dioxide-r706/?lang=en,thiphachem.com,SERP-REV-GRADE-R706-20260829,"Titanium Dioxide R706 | THIPHACHEM | Paint additives, Plastic additives (https://thiphachem.com/product/titanium-dioxide-r706/?lang=en) citeturn34search9 [wordlim: 200] Crawled: 5 months ago; * Product’s name: Titanium Dioxide R706, Tipure R706 --------------------------------------------------------------------------------"
titanium dioxide distributor,GLOBAL,EN,2026-08-29,1,Bharat Enterprises | Titanium Dioxide Distributor | Ti-Pure Products,https://bharatenterprises.org/,bharatenterprises.org,SERP-REV-BUY-DISTRIBUTOR-20260829,"Bharat Enterprises | Titanium Dioxide Distributor | Ti-Pure Products (https://bharatenterprises.org/) citeturn22search0 [wordlim: 200] Crawled: 4 days ago; Bharat Enterprises is a leading B2B distributor of Titanium Dioxide (TiO₂), serving SME and MSME manufacturers across paints, plastics, PVC, footwear, cosmetics, and industrial sectors. ... Bharat Enterprises is a leading North India–based distributor of Titanium Dioxide (TiO₂), operating in the high-volume, performance-driven industrial raw materials market. Trusted B2B Distributor | Serving North India # India's Trusted Titanium Dioxide Distribution Partner Reliable supply. Competitive pricing. Industrial-scale execution across North India. Bharat Enterprises is a leading B2B distributor of Titanium Dioxide (TiO₂), serving SME and MSME manufacturers across paints, plastics, PVC, footwear, cosmetics, and industrial sectors. R"
titanium dioxide distributor,GLOBAL,EN,2026-08-29,2,Home 2 - PODIUM GROUP LLC,https://podiumgroupllc.com/,podiumgroupllc.com,SERP-REV-BUY-DISTRIBUTOR-20260829,"Home 2 - PODIUM GROUP LLC (https://podiumgroupllc.com/) citeturn22search1 [wordlim: 200] Crawled: 3 weeks ago; National Distributor of Titanium Dioxide and Industrial Chemical Materials #### Call Us At 1-888-311-0011 ## Leading Wholesale Distributor of Titanium Dioxide, TiO2 Industrial Chemical Suppliers in the USA REQUEST QUOTE ## ## Your Trusted Partner for High-Grade Titanium Dioxide Solutions. Industrial Chemical Suppliers in the USA Request Quote ## ## Reliable Titanium Dioxide Distribution for Every Industry Need. Industrial Chemical Suppliers in the USA Request Quote ## ## Premium Titanium Dioxide for Unmatched Quality and Performance. Industrial Chemical Suppliers in the USA REQUEST QUOTE ## ## Powering Innovation with Quality Titanium Dioxide Products Industrial Chemical Suppliers in the USA REQUEST QUOTE ## ## High-Qua"
titanium dioxide distributor,GLOBAL,EN,2026-08-29,3,"Trader - Wholesaler / Distributor of Titanium Dioxide Rutile by Shankar Chemicals, New Delhi",https://www.shankarchemical.com/,shankarchemical.com,SERP-REV-BUY-DISTRIBUTOR-20260829,"Trader - Wholesaler / Distributor of Titanium Dioxide Rutile by Shankar Chemicals, New Delhi (https://www.shankarchemical.com/) citeturn22search2 [wordlim: 200] Crawled: yesterday; * Nature of Business Trader - Wholesaler/Distributor ... * Titanium Dioxide Powder Shankar Chemicals Bawana, New Delhi, Delhi GST No. 07BVKPD0698F1ZI TrustSEAL Verified Payment Protected Call 07942553121 95% Response Rate SEND EMAIL Titanium Dioxide Anatase Price: ₹ 270 / Kg Get Best Quote Titanium Dioxide opati Price: ₹ 255 / Kg Get Best Quote Rutile Titanium Dioxide Atr 315 Price: ₹ 215 / Kg Get Best Quote Precipitated Barium Sulphate Price: ₹ 70 / Kg Get Best Quote Caustic Soda Flakes Price: ₹ 62 / Kg Get Best Quote Optical Brightener Powder Price: ₹ 3,800 / Kg Get Best Quote Titanium Dioxide Thr218 Price: ₹ 220 / Kg Get Best Quote About Company * Nature of Business Tr"
titanium dioxide distributor,GLOBAL,EN,2026-08-29,4,Shankar Chem India - Trader - Wholesaler / Distributor of Titanium Dioxide from New Delhi,https://www.shankarchemindia.com/,shankarchemindia.com,SERP-REV-BUY-DISTRIBUTOR-20260829,"Shankar Chem India - Trader - Wholesaler / Distributor of Titanium Dioxide from New Delhi (https://www.shankarchemindia.com/) citeturn22search3 [wordlim: 200] Crawled: 4 months ago; * Nature of Business Trader - Wholesaler/Distributor ... We ""Shankar Chem India"" are the leading wholesale trader, exporter and importer of Titanium Dioxide, Barium Sulphate, Natural Calcium Carbonate, Glass Beads, EVA Resin, Bentonite Powder, Hydrocarbon Resin, etc. Shankar Chem India Pooth Khurd, New Delhi, Delhi GST No. 07BVKPD0922N1ZI TrustSEAL Verified Call 08047806752 56% Response Rate SEND EMAIL Kronos 2450 Titanium Dioxide Price: ₹ 320 / Kg Get Best Quote R-105 Titanium Dioxide Price: ₹ 315 / Kg Get Best Quote Titanium Dioxide Powder Price: ₹ 300 / Kg Get Best Quote R-902+ Ti-Pure Titanium Dioxide Price: ₹ 315 / Kg Get Best Quote Kmml Kemox Rc 822 Titanium Dioxide Price: ₹ 270"
titanium dioxide distributor,GLOBAL,EN,2026-08-29,5,"Titanium Dioxide Trader - Wholesaler / Distributor | Laxmi Chemical, New Delhi",https://www.laxmichemical.in/,laxmichemical.in,SERP-REV-BUY-DISTRIBUTOR-20260829,"Titanium Dioxide Trader - Wholesaler / Distributor | Laxmi Chemical, New Delhi (https://www.laxmichemical.in/) citeturn22search4 [wordlim: 200] Crawled: today; Established in the year of 2017, we ""Laxmi Chemical"" are Trader, Wholesaler and Distributor of Titanium Dioxide, Optical Brightener, Red Pigment Powder etc. * PB 15 3 Alpha Blue Pigment Powder * PB 15 Sudan Blue Pigment Powder * PB 15 1 Alpha Blue Pigment Powder * 15 0 Alpha Blue Pigment Powder View All Products ### Laxmi Chemical Established in the year of 2017, we ""Laxmi Chemical"" are Trader, Wholesaler and Distributor of Titanium Dioxide, Optical Brightener, Red Pigment Powder etc. We direct all our activities to cater the expectations of customers by providing them excellent quality products as per their gratification. Moreover, we follow moral business policies and crystal pure transparency in all our tra"
titanium dioxide distributor,GLOBAL,EN,2026-08-29,6,"Trader - Wholesaler / Distributor of Titanium Dioxide by Shiv Chemical, New Delhi",https://www.shivchemical.co.in/,shivchemical.co.in,SERP-REV-BUY-DISTRIBUTOR-20260829,"Trader - Wholesaler / Distributor of Titanium Dioxide by Shiv Chemical, New Delhi (https://www.shivchemical.co.in/) citeturn22search5 [wordlim: 200] Crawled: today; * Nature of Business Trader - Wholesaler/Distributor ... We “Shiv Chemical” are the leading Wholesale, Trader of an extensive array of Titanium Dioxide, Industrial Powder, Whitening Agent And Powder, Lithopone Powder, Anti Moisture Powder etc. Shiv Chemical Bawana, New Delhi, Delhi GST No. 07AREPG3494P1Z9 TrustSEAL Verified Payment Protected Call 08043821011 98% Response Rate SEND EMAIL Anatase Titanium Dioxide Price: ₹ 208 / Kilogram Get Best Quote Phillips Carbon Black N220 Price: ₹ 114 / Kg Get Best Quote Kronos 2450 Titanium Dioxide Price: ₹ 295 / Kg Get Best Quote Titanium Dioxide Rutile Powder Price: ₹ 200 / Kg Get Best Quote Kronos 2220 Titanium Dioxide Price: ₹ 308 / Kg KRONOS 2220 is the le"
titanium dioxide distributor,GLOBAL,EN,2026-08-29,7,"Buy Titanium Dioxide (TiO2) Supplier & Distributor | Connection Chemical, LP",https://www.connectionchemical.com/titanium-dioxide/,connectionchemical.com,SERP-REV-BUY-DISTRIBUTOR-20260829,"Buy Titanium Dioxide (TiO2) Supplier & Distributor | Connection Chemical, LP (https://www.connectionchemical.com/titanium-dioxide/) citeturn22search6 [wordlim: 200] Published: 7.1 years ago; Crawled: 2 months ago; Connection Chemical is a supplier and distributor of Titanium Dioxide (TiO2). # Titanium Dioxide Anatase (TiO2) CAS# | Color | Formula | Molar Mass --- | --- | --- | --- 13463-67-7 | White | TiO2 | 79.866 g/mol Synonyms: TiO2, a-TiO2, Titanium(IV) oxide, Titania Product Description: Titanium Dioxide or TiO2 is an inorganic white pigment found in an array of end uses. Titanium Dioxide is a odorless white crystalline solid that is stable and relatively insoluble and nonflammable. Titanium Dioxide exists in different crystalline structures, rutile and anatase are the most commonly used commercially. Connection Chemical carries a wide arrange of Titanium Dioxide or"
titanium dioxide distributor,GLOBAL,EN,2026-08-29,8,Titanium Dioxide - Distributor & Supplier | CAS 13463-67-7 | Todini Chemicals,https://www.todini.com/chemicals/metals-specialty/titanium-dioxide,todini.com,SERP-REV-BUY-DISTRIBUTOR-20260829,"Titanium Dioxide - Distributor & Supplier | CAS 13463-67-7 | Todini Chemicals (https://www.todini.com/chemicals/metals-specialty/titanium-dioxide) citeturn22search7 [wordlim: 200] Crawled: 8 months ago; ## Distributor of titanium dioxide ... Todini Chemicals is a distributor of chemical products, specialising in salts and non-ferrous metal oxides such as titanium(iv) oxide, titanium bioxide. Home / Other Chemicals / Titanium Dioxide # Titanium Dioxide ### Availability Different varieties of titanium dioxide are normally available: CAKE WHITE or DWG or SHLW or STD CAKE or STD R or WHITE R. ### Formula TiO2 ### CAS 13463-67-7 Ask now for a quotation ## Distributor of titanium dioxide ### Description Information not available ### Appearance Titanium dioxide is an odourless white-gray solid. ### Solubility Titanium dioxide is insoluble in water. ### Uses Titanium dioxide"
titanium dioxide distributor,GLOBAL,EN,2026-08-29,9,Home - K77 Trade Inc. Titanium Dioxide,https://k77trade.com/,k77trade.com,SERP-REV-BUY-DISTRIBUTOR-20260829,"Home - K77 Trade Inc. Titanium Dioxide (https://k77trade.com/) citeturn22search8 [wordlim: 200] Published: 3.0 years ago; Crawled: 2 weeks ago; Image: K77 Trade - North American Titanium Dioxide Distributor ... ""Industrial Titanium Dioxide is a chemical compound naturally occurring oxide of titanium with the chemical formula TiO2. # K77 Trade Titanium Dioxide ## Excellence in Distributing Premium Chloride and Sulfate Rutile TiO2 Request a Quote # K77 Trade Titanium Dioxide ## Excellence in Distributing Premium Chloride and Sulfate Rutile TiO2 Request a Quote ### our vision Leveraging our technical knowledge and expertise in Titanium Dioxide industry, we are at K77 Trade equipped to meet the diverse needs of our customers. As a stocking distributor, we maintain warehouses in both the United States and Canada, ensuring swift deliveries throughout North America. ## Read more Im"
titanium dioxide distributor,GLOBAL,EN,2026-08-29,10,"Support, Sales, & More Information for Ti-Pure™ Solutions",https://www.tipure.com/en/support,tipure.com,SERP-REV-BUY-DISTRIBUTOR-20260829,"Support, Sales, & More Information for Ti-Pure™ Solutions (https://www.tipure.com/en/support) citeturn22search9 [wordlim: 200] Crawled: 3 weeks ago; We’re ready to partner with you to create best-in-class products through titanium dioxide innovation. ... Ti-Pure™ Brand Global Distributors Find a Ti-Pure™ distributor near you. # The Highest Standard of Partnership ##### Collaboration to move your business forward. We reliably deliver time tested, market trusted TiO₂ solutions to our customers across coatings, plastics, and laminates applications. We’re ready to partner with you to create best-in-class products through titanium dioxide innovation. Contact us today for dedicated support, technical expertise, and so much more. Buy Ti-Pure™ TiO₂ Online Order Ti-Pure™ products quickly and easily through Ti-Pure™ Flex, our online buying portal. Not a member? Request access to get started"
titanium dioxide equivalent grade,GLOBAL,EN,2026-08-29,1,TiO₂ Wiki – Titanium Dioxide Technical Reference,https://www.tio2.wiki/products,tio2.wiki,SERP-REV-BUY-EQUIVALENT-GRADE-20260829,TiO₂ Wiki – Titanium Dioxide Technical Reference (https://www.tio2.wiki/products) citeturn26search0 [wordlim: 200] Crawled: today; R-900 rutile Chemours • United States General-purpose chloride rutile TiO₂ for interior and exterior coatings with balanced optical properties.architectural coatingsindustrial coatings R-902+rutile Chemours • United States A chloride-process rutile TiO₂ with alumina and silica surface treatment for coatings requiring excellent durability and gloss retention.architectural coatingsindustrial coatings+1 R-960 rutile Chemours • United States A highly durable chloride-process rutile TiO₂ designed for exterior applications with superior weathering resistance.automotive coatingsindustrial coatings R-706 rutile Chemours • United States A chloride-process rutile TiO₂ with excellent dispersibility for plastics and masterbatch applications.plasticsindustrial coatings
titanium dioxide equivalent grade,GLOBAL,EN,2026-08-29,2,TABLE 6A – TITANIUM DIOXIDE,https://www.plasticpipe.org/common/Uploaded%20files/Technical/TR-02-2023.pdf,plasticpipe.org,SERP-REV-BUY-EQUIVALENT-GRADE-20260829,"TABLE 6A – TITANIUM DIOXIDE (https://www.plasticpipe.org/common/Uploaded%20files/Technical/TR-02-2023.pdf) citeturn26search12 [wordlim: 200] Published: 3.2 years ago; Crawled: 3.2 years ago; TABLE 6B – TITANIUM DIOXIDE FUNCTIONAL EQUIVALENT -- LIQUID DISPERSED Titanium Dioxide Functional Equivalent - Liquid Dispersed <table id=""e3""> <tr> <th>Manufacturer</th> <th>Product</th> <th>Limitations</th> <th>Range, phr</th> </tr> <tr><td>ColorMatrix Corp.</td><td>CC10201254, White</td><td>Note 1</td><td>0.60 - 2.00</td></tr> <tr><td>ColorMatrix Corp.</td><td>CC10201255, White</td><td>Note 1</td><td>0.70 - 1.00</td></tr> <tr><td>ColorMatrix Corp.</td><td>CC10201265, Blue</td><td>Note 1</td><td>0.70 - 1.10</td></tr> <tr><td>ColorMatrix Corp.</td><td>CC10201269, White</td><td>Note 1</td><td>0.60 - 1.40</td></tr> <tr><td>ColorMatrix Corp.</td><td>CC10201270, White</td><td>Note 1</td><td>0.60 -"
titanium dioxide equivalent grade,GLOBAL,EN,2026-08-29,3,TABLE 6C – TITANIUM DIOXIDE FUNCTIONAL EQUIVALENT -- DRY POWDERS,https://www.plasticpipe.org/common/Uploaded%20files/Technical/PPI-TR-02-2024.pdf,plasticpipe.org,SERP-REV-BUY-EQUIVALENT-GRADE-20260829,"TABLE 6C – TITANIUM DIOXIDE FUNCTIONAL EQUIVALENT -- DRY POWDERS (https://www.plasticpipe.org/common/Uploaded%20files/Technical/PPI-TR-02-2024.pdf) citeturn26search13 [wordlim: 200] Published: 2.4 years ago; TABLE 6C – TITANIUM DIOXIDE FUNCTIONAL EQUIVALENT -- DRY POWDERS TABLE 6C – TITANIUM DIOXIDE FUNCTIONAL EQUIVALENT -- DRY POWDERS Note – PPI Range Composition requires 0.5 phr minimum titanium dioxide content meeting the requirements of Section III Part A.5. Functional equivalents must demonstrate equivalent weathering performance when formulated at their minimum use level. Titanium Dioxide Functional Equivalent - Dry Powders <table id=""e1""> | Manufacturer | Product | Limitations | Range, phr | |---|---|---|---| | FP Pigments | FP 510 | Note 1 | 0.00 - 1.50 | | TOR Minerals | Hitox TiO2 | | 0.50 - 3.00 | </table> * Denotes experimental or provisional listing Note 1 - When us"
titanium dioxide equivalent grade,GLOBAL,EN,2026-08-29,4,"Exposure Data - Carbon Black, Titanium Dioxide, and Talc - NCBI Bookshelf",https://www.ncbi.nlm.nih.gov/books/NBK326523/,ncbi.nlm.nih.gov,SERP-REV-BUY-EQUIVALENT-GRADE-20260829,"Exposure Data - Carbon Black, Titanium Dioxide, and Talc - NCBI Bookshelf (https://www.ncbi.nlm.nih.gov/books/NBK326523/) citeturn26search1 [wordlim: 200] Crawled: yesterday; Carbon Black, Titanium Dioxide, and Talc. ... Since most commercial titanium dioxide is manufactured from natural material by dissolution of the parent mineral and reprecipitation as fine particles with the structure of anatase or rutile (referred to as titanium dioxide-anatase or titanium dioxide-rutile), most but not all of these chemical impurities are generally removed. ... The type of coating in each grade is also specified (Fisher & Egerton, 2001). --------------------------------------------------------------------------------"
titanium dioxide equivalent grade,GLOBAL,EN,2026-08-29,5,Scientific Advice on Titanium dioxide (TiO₂),https://5.imimg.com/data5/SELLER/Doc/2024/5/416553597/FL/XK/SJ/66466237/titanium-dioxide-anatase-grade.pdf,5.imimg.com,SERP-REV-BUY-EQUIVALENT-GRADE-20260829,Scientific Advice on Titanium dioxide (TiO₂) (https://5.imimg.com/data5/SELLER/Doc/2024/5/416553597/FL/XK/SJ/66466237/titanium-dioxide-anatase-grade.pdf) citeturn26search14 [wordlim: 200] Published: 2.7 years ago; Crawled: 2.7 years ago; Scientific Advice on Titanium dioxide (TiO₂) ... <th>Exact equivalent RM (same grade)</th> --------------------------------------------------------------------------------
titanium dioxide equivalent grade,GLOBAL,EN,2026-08-29,6,"Titanium Dioxide (TiO₂) — Rutile & Anatase Pigment Grades for Coatings, Plastics, Paper, Inks, and Cosmetics | East Materials",https://www.eastmaterials.com/products/titanium-dioxide/,eastmaterials.com,SERP-REV-BUY-EQUIVALENT-GRADE-20260829,"Titanium Dioxide (TiO₂) — Rutile & Anatase Pigment Grades for Coatings, Plastics, Paper, Inks, and Cosmetics | East Materials (https://www.eastmaterials.com/products/titanium-dioxide/) citeturn26search2 [wordlim: 200] Published: 3 months ago; Crawled: yesterday; # Titanium Dioxide (TiO₂) — Rutile & Anatase Pigment Grades for Coatings, Plastics, Paper, Inks, and Cosmetics ... Functionally equivalent to Chemours Ti-Pure, Tronox, Kronos, Venator Tioxide, and Cristal premium rutile and anatase grades. ... Chloride-process universal rutile for plastics & inks | Rutile | Chloride | ≥92% | 0.28–0.35 μm | 14–18 g/100g | Plastic masterbatch, packaging film, gravure inks | Chemours Ti-Pure plastic-grade, Tronox plastic-grade --------------------------------------------------------------------------------"
titanium dioxide equivalent grade,GLOBAL,EN,2026-08-29,7,"Titanium dioxide in sulfate process (Anatase Type) | Products | ISHIHARA SANGYO KAISHA,LTD.",https://www.iskweb.co.jp/eng/products/spec/spec03.html,iskweb.co.jp,SERP-REV-BUY-EQUIVALENT-GRADE-20260829,"Titanium dioxide in sulfate process (Anatase Type) | Products | ISHIHARA SANGYO KAISHA,LTD. (https://www.iskweb.co.jp/eng/products/spec/spec03.html) citeturn26search3 [wordlim: 200] Crawled: 3 weeks ago; # Titanium dioxide in sulfate process (Anatase Type) ... Grade | TiO_{2}% | Main modifier | Avarage particle size(µm) | Oil absorption | Remarks --------------------------------------------------------------------------------"
titanium dioxide equivalent grade,GLOBAL,EN,2026-08-29,8,TABLE 6A – TITANIUM DIOXIDE,https://www.plasticpipe.org/common/Uploaded%20files/Technical/TR-02-2021.pdf,plasticpipe.org,SERP-REV-BUY-EQUIVALENT-GRADE-20260829,TABLE 6A – TITANIUM DIOXIDE (https://www.plasticpipe.org/common/Uploaded%20files/Technical/TR-02-2021.pdf) citeturn26search15 [wordlim: 200] Published: 5.2 years ago; Crawled: 5.2 years ago; TABLE 6B – TITANIUM DIOXIDE FUNCTIONAL EQUIVALENT -- LIQUID DISPERSED --------------------------------------------------------------------------------
titanium dioxide equivalent grade,GLOBAL,EN,2026-08-29,9,TABLE 6C – TITANIUM DIOXIDE FUNCTIONAL EQUIVALENT -- DRY POWDERS,https://ec2-18-220-190-8.us-east-2.compute.amazonaws.com/pdf/tr-2-2020.pdf,ec2-18-220-190-8.us-east-2.compute.amazonaws.com,SERP-REV-BUY-EQUIVALENT-GRADE-20260829,TABLE 6C – TITANIUM DIOXIDE FUNCTIONAL EQUIVALENT -- DRY POWDERS (https://ec2-18-220-190-8.us-east-2.compute.amazonaws.com/pdf/tr-2-2020.pdf) citeturn26search16 [wordlim: 200] Published: 5.9 years ago; Crawled: 5.9 years ago; TABLE 6C – TITANIUM DIOXIDE FUNCTIONAL EQUIVALENT -- DRY POWDERS --------------------------------------------------------------------------------
titanium dioxide equivalent grade,GLOBAL,EN,2026-08-29,10,"KRONOS 2044 titanium dioxide - KRONOS Worldwide, Inc",https://www.kronosww.com/grade/kronos-2044/,kronosww.com,SERP-REV-BUY-EQUIVALENT-GRADE-20260829,"KRONOS 2044 titanium dioxide - KRONOS Worldwide, Inc (https://www.kronosww.com/grade/kronos-2044/) citeturn26search4 [wordlim: 200] Crawled: 3 days ago; Special rutile grade for matte architectural paints and inks, free of TMP- and TME ... Since 1916, KRONOS ® has been producing titanium dioxide pigments (TiO_{2}), the world’s primary pigment for providing whiteness, brightness, and opacity. --------------------------------------------------------------------------------"
titanium dioxide grade alternative,GLOBAL,EN,2026-08-29,1,"Titanium Dioxide (E171 Grade) and the Search For Replacement Opacifiers and Colorants: Supplier Readiness Survey, Case Studies and Regulatory Perspective - ScienceDirect",https://www.sciencedirect.com/science/article/pii/S0022354923005154,sciencedirect.com,SERP-REV-BUY-GRADE-ALTERNATIVE-20260829,"Titanium Dioxide (E171 Grade) and the Search For Replacement Opacifiers and Colorants: Supplier Readiness Survey, Case Studies and Regulatory Perspective - ScienceDirect (https://www.sciencedirect.com/science/article/pii/S0022354923005154) citeturn25search0 [wordlim: 200] Published: 2.3 years ago; Crawled: last week; Titanium Dioxide (E171 Grade) and the Search For Replacement Opacifiers and Colorants: Supplier Readiness Survey, Case Studies and Regulatory Perspective ... A range of technical challenges and regulatory hurdles were identified which mean that, in the short term, it may be difficult to replace titanium dioxide with the currently available alternative materials while readily achieving the same drug product quality attributes, especially for some of the marketed formulations that titanium dioxide is currently used for. ## Journal of Pharmaceutical Sciences Volume 113, Is"
titanium dioxide grade alternative,GLOBAL,EN,2026-08-29,2,The Role of Titanium Dioxide (E171) and the Requirements for Replacement Materials in Oral Solid Dosage Forms: An IQ Consortium Working Group Review - ScienceDirect,https://www.sciencedirect.com/science/article/abs/pii/S002235492200346X,sciencedirect.com,SERP-REV-BUY-GRADE-ALTERNATIVE-20260829,"The Role of Titanium Dioxide (E171) and the Requirements for Replacement Materials in Oral Solid Dosage Forms: An IQ Consortium Working Group Review - ScienceDirect (https://www.sciencedirect.com/science/article/abs/pii/S002235492200346X) citeturn25search1 [wordlim: 200] Published: 3.8 years ago; Crawled: last week; * ### Titanium Dioxide (E171 Grade) and the Search For Replacement Opacifiers and Colorants: Supplier Readiness Survey, Case Studies and Regulatory Perspective ... A range of technical challenges and regulatory hurdles were identified which mean that, in the short term, it may be difficult to replace titanium dioxide with the currently available alternative materials while readily achieving the same drug product quality attributes, especially for some of the marketed formulations that titanium dioxide is currently used for. * ### Titanium Dioxide (E171 Grade) and the S"
titanium dioxide grade alternative,GLOBAL,EN,2026-08-29,3,TiO2 and alternatives_Industry final report to QWP EMA 2024 with annexes,https://www.efpia.eu/media/pzxjd53b/titanium-dioxide-and-alternatives-industry-submission-to-ema-feb-2024.pdf,efpia.eu,SERP-REV-BUY-GRADE-ALTERNATIVE-20260829,"TiO2 and alternatives_Industry final report to QWP EMA 2024 with annexes (https://www.efpia.eu/media/pzxjd53b/titanium-dioxide-and-alternatives-industry-submission-to-ema-feb-2024.pdf) citeturn25search12 [wordlim: 200] • **For Coatings:** For many products alternative coating can replace TiO₂, although significant increased amounts will be required and appearance matching will not generally be possible. ... 18 *Titanium Dioxide (E171 Grade) and the Search For Replacement Opacifiers and Colorants: Supplier Readiness Survey, Case Studies and Regulatory Perspective,* Hancock, Melnick et al, *J Pharm Sci,* Dec **2023**, https://doi.org/10.1016/j.xphs.2023.12.006 Summary Summary of Evidence on Alternatives Industry is continuing to investigate potential alternatives to titanium dioxide (TiO₂) with a clear plan to ensure there is no impact on patients from any replacements. Since 2021 the"
titanium dioxide grade alternative,GLOBAL,EN,2026-08-29,4,"Titanium Dioxide (TiO₂) — Rutile & Anatase Pigment Grades for Coatings, Plastics, Paper, Inks, and Cosmetics | East Materials",https://www.eastmaterials.com/products/titanium-dioxide/,eastmaterials.com,SERP-REV-BUY-GRADE-ALTERNATIVE-20260829,"Titanium Dioxide (TiO₂) — Rutile & Anatase Pigment Grades for Coatings, Plastics, Paper, Inks, and Cosmetics | East Materials (https://www.eastmaterials.com/products/titanium-dioxide/) citeturn25search2 [wordlim: 200] Published: 3 months ago; Crawled: yesterday; # Titanium Dioxide (TiO₂) — Rutile & Anatase Pigment Grades for Coatings, Plastics, Paper, Inks, and Cosmetics ... Titanium dioxide (TiO₂, CAS 13463-67-7) is the dominant white pigment used worldwide for opacity, brightness, and tint strength in coatings, plastics, paper, inks, and cosmetics. ... Cosmetic-grade rutile (heavy-metal restricted) | Rutile | Chloride | ≥93% | 0.25–0.30 μm | 16–20 g/100g | Foundation, face powder, mineral sunscreen, BB cream | Chemours Ti-Pure cosmetic-grade ## Substituting from Reference Brands Existing supplier reference | Category equivalent | Substitution --- | --- | --- Chemours Ti-Pu"
titanium dioxide grade alternative,GLOBAL,EN,2026-08-29,5,8 Annex 2: Alternatives for titanium dioxide,https://rpa-studies.com/uploads/report_files/titanium-dioxide-918.pdf,rpa-studies.com,SERP-REV-BUY-GRADE-ALTERNATIVE-20260829,"8 Annex 2: Alternatives for titanium dioxide (https://rpa-studies.com/uploads/report_files/titanium-dioxide-918.pdf) citeturn25search13 [wordlim: 200] Published: 8.8 years ago; 8 Annex 2: Alternatives for titanium dioxide ... The high refractive indices of rutile and anatase TiO₂ result in high light scattering properties; as a result, relatively low levels of TiO₂ pigment are required to achieve a white opaque coating, in comparison to alternative white pigments. 8 Annex 2: Alternatives for titanium dioxide 8.1 Technical feasibility of alternatives TiO₂ is used primarily as a pigment to scatter light, because it absorbs almost no incident light in the visible region of the spectrum. This pigment scatters light by three mechanisms: reflection from the surface of a crystal, refraction within a crystal, and diffraction, whereby light is bent as it passes near a crystal. Reflection and"
titanium dioxide grade alternative,GLOBAL,EN,2026-08-29,6,TiO₂ Wiki – Titanium Dioxide Technical Reference,https://www.tio2.wiki/products,tio2.wiki,SERP-REV-BUY-GRADE-ALTERNATIVE-20260829,TiO₂ Wiki – Titanium Dioxide Technical Reference (https://www.tio2.wiki/products) citeturn25search3 [wordlim: 200] Crawled: today; R-900 rutile Chemours • United States General-purpose chloride rutile TiO₂ for interior and exterior coatings with balanced optical properties.architectural coatingsindustrial coatings R-902+rutile Chemours • United States A chloride-process rutile TiO₂ with alumina and silica surface treatment for coatings requiring excellent durability and gloss retention.architectural coatingsindustrial coatings+1 R-960 rutile Chemours • United States A highly durable chloride-process rutile TiO₂ designed for exterior applications with superior weathering resistance.automotive coatingsindustrial coatings R-706 rutile Chemours • United States A chloride-process rutile TiO₂ with excellent dispersibility for plastics and masterbatch applications.plasticsindustrial coatings
titanium dioxide grade alternative,GLOBAL,EN,2026-08-29,7,"Comparisons — SEMITI vs Ti-Pure, Tronox, Kronos & More | TiO2 Agents",https://tio2agents.com/compare,tio2agents.com,SERP-REV-BUY-GRADE-ALTERNATIVE-20260829,"Comparisons — SEMITI vs Ti-Pure, Tronox, Kronos & More | TiO2 Agents (https://tio2agents.com/compare) citeturn25search4 [wordlim: 200] Crawled: last week; SEMITI 996 vs Ti-Pure R-902 SEMITI 996 is engineered as a 1:1 drop-in substitute for Ti-Pure R-902 in coatings, plastic masterbatch, and inks.Compare →SEMITI 706 vs Ti-Pure R-706 SEMITI 706 matches Ti-Pure R-706's premium durability for industrial and automotive coatings — at 35–40% lower landed cost.Compare →SEMITI 902 vs Ti-Pure R-902 SEMITI 902 is specifically engineered to drop into Ti-Pure R-902-qualified architectural paint formulations.Compare →SEMITI 706W vs Ti-Pure R-746 SEMITI 706W matches Ti-Pure R-746 as a hydrophilic-tuned rutile for waterborne architectural emulsion paints.Compare →SEMITI 960 vs Ti-Pure R-960 SEMITI 960 matches Ti-Pure R-960's amine-compatible HALS-friendly surface treatment for engineering plastics ma"
titanium dioxide grade alternative,GLOBAL,EN,2026-08-29,8,"Titanium Dioxide FAQ, Rutile vs Anatase",https://www.rtio2.com/faq.html,rtio2.com,SERP-REV-BUY-GRADE-ALTERNATIVE-20260829,"Titanium Dioxide FAQ, Rutile vs Anatase (https://www.rtio2.com/faq.html) citeturn25search5 [wordlim: 200] Crawled: last month; Q： Is there an alternative to TiO₂ R-902+? ... A： We supply both rutile and anatase titanium dioxide grades, covering applications in coatings, plastics, inks, paper, rubber, and more.Each grade is designed for specific performance requirements such as whiteness, dispersion, weather resistance, and opacity. --------------------------------------------------------------------------------"
titanium dioxide grade alternative,GLOBAL,EN,2026-08-29,9,"Titanium Dioxide (E171 Grade) and the Search For Replacement Opacifiers and Colorants: Supplier Readiness Survey, Case Studies and Regulatory Perspective. - Literature - Data resources - CNGBdb",https://db.cngb.org/data_resources/literature/38092288,db.cngb.org,SERP-REV-BUY-GRADE-ALTERNATIVE-20260829,"Titanium Dioxide (E171 Grade) and the Search For Replacement Opacifiers and Colorants: Supplier Readiness Survey, Case Studies and Regulatory Perspective. - Literature - Data resources - CNGBdb (https://db.cngb.org/data_resources/literature/38092288) citeturn25search6 [wordlim: 200] Published: 2.3 years ago; Crawled: 5 months ago; Titanium Dioxide (E171 Grade) and the Search For Replacement Opacifiers and Colorants: Supplier Readiness Survey, Case Studies and Regulatory Perspective. ... A range of technical challenges and regulatory hurdles were identified which mean that, in the short term, it may be difficult to replace titanium dioxide with the currently available alternative materials while readily achieving the same drug product quality attributes, especially for some of the marketed formulations that titanium dioxide is currently used for. ---------------------------------------"
titanium dioxide grade alternative,GLOBAL,EN,2026-08-29,10,Titanium Dioxide (Rutile & Anatase) Grades | Aiokasm Exim,https://aiokasm.com/products/titanium-dioxide,aiokasm.com,SERP-REV-BUY-GRADE-ALTERNATIVE-20260829,Titanium Dioxide (Rutile & Anatase) Grades | Aiokasm Exim (https://aiokasm.com/products/titanium-dioxide) citeturn25search7 [wordlim: 200] Crawled: yesterday; # Titanium Dioxide ... Alternative ... Every grade ships with full lot traceability and a batch Certificate of Analysis. --------------------------------------------------------------------------------
titanium dioxide quotation,GLOBAL,EN,2026-08-29,1,"Titanium dioxide price,buy Titanium dioxide - chemicalbook",https://www.chemicalbook.com/Price/Titanium-dioxide-1.htm,chemicalbook.com,SERP-REV-BUY-QUOTATION-20260829,"Titanium dioxide price,buy Titanium dioxide - chemicalbook (https://www.chemicalbook.com/Price/Titanium-dioxide-1.htm) citeturn18search0 [wordlim: 200] Crawled: last month; * Product name: Titanium dioxide ... * 1kg|PlasticBottle ... Dititanium trioxide TITANIUM MONOXIDE Thiourea dioxide TITANIUM DIOXIDE Sebacic acid Epoxidized soya bean oil Titanium oxide CARBON DIOXIDE TITANIUM Silicon dioxide Gadolinium oxide Zirconium dioxide Dierbium trioxide Zinc oxide Lead monoxide IRON (II) OXIDE Cupric oxide Lanthanum oxide Stannic oxide # Titanium dioxide Image: Titanium dioxide price. [Input] * $9 - $12090 * Product name: Titanium dioxide * CAS: 13463-67-7 * MF: O2Ti * MW: 79.87 * EINECS:236-675-5 * MDL Number:MFCD00011269 * Synonyms:TITANIUM(+4)OXIDE;TITANIUM DIOXIDE, RUTILE;Titanium(IV) oxide, 98.0-100.5% TiO2;Titanium(IV) oxide, Aeroxide P25;Titanium(IV) oxide, ana"
titanium dioxide quotation,GLOBAL,EN,2026-08-29,2,"Titanium dioxide price conversions, cost calculator",https://www.aqua-calc.com/calculate/materials-price/substance/titanium-blank-dioxide,aqua-calc.com,SERP-REV-BUY-QUOTATION-20260829,"Titanium dioxide price conversions, cost calculator (https://www.aqua-calc.com/calculate/materials-price/substance/titanium-blank-dioxide) citeturn18search1 [wordlim: 200] Crawled: last month; * Boiling Point (BP), Titanium dioxide changes its state from liquid to gas at 2900°C (5252°F or 3173.15K) ... * Also known as: Rutile; Titania (rutile); Titanic acid anhydride (rutile); Titanic anhydride (rutile); Titanium dioxide (rutile); Titanium(IV) oxide (rutile). # Cost of Titanium dioxide ## titanium dioxide: price conversions and cost Enter price and quantity, select a unit of weight or volume, and specify a substance or material to search for. Use * as a wildcard for partial matches, or enclose the search string in double quotes for an exact match. Price:[Input]per:[Input]in:[Select] Image: Search[Input: enter a compound name] [Input][Input][Input] Select a compoun"
titanium dioxide quotation,GLOBAL,EN,2026-08-29,3,Product Details,https://www.spectrumchemical.com/pdfdetails/pdf/index/productSku/TI140/,spectrumchemical.com,SERP-REV-BUY-QUOTATION-20260829,"Product Details (https://www.spectrumchemical.com/pdfdetails/pdf/index/productSku/TI140/) citeturn18search12 [wordlim: 200] Published: 2 months ago; Titanium Dioxide, USP ... Synonyms Titanium (IV) Oxide Product Details WWW.SPECTRUMCHEMICAL.COM Titanium Dioxide, USP SDS Item Number CAS Number | TI140 13463-67-7 --- | --- Item Number Molecular Formula | TI140 TiO 2 Item Number Molecular Weight | TI140 79.87Description Titanium Dioxide, USP. Spectrum Chemical graded products (USP/NF, EP, BP, JP, FCC) are handled, packaged, labeled, stored, and tested in FDA registered and inspected facilities. All operations are conducted in compliance with current Good Manufacturing Practices (cGMP) as defined in 21 CFR Parts 210 and 211. Furthermore, the original manufacturers of these materials adhere to appropriate GMP standards, such as ICH Q7 Good Manufacturing Practice Guide for Active Pharmaceut"
titanium dioxide quotation,GLOBAL,EN,2026-08-29,4,"TiO2 Source — Rutile & Anatase Titanium Dioxide, Sourced from China",https://tio2source.com/,tio2source.com,SERP-REV-BUY-QUOTATION-20260829,"TiO2 Source — Rutile & Anatase Titanium Dioxide, Sourced from China (https://tio2source.com/) citeturn18search2 [wordlim: 200] Crawled: 2 weeks ago; Titanium Dioxide · Sourcing & Supply ... Send us your specification and target market — we'll reply with a quotation within 24 hours. The workhorse for exterior coatings, plastics, masterbatch and inks. R818 R838 R868 R878 Explore rutile grades →】 Anatase · cool undertone Anatase TiO₂ Bright blue-white undertone at a lower cost. Ideal for interior coatings, paper, rubber, ceramics, enamel and welding electrodes. A1 Explore anatase → Applications ## Where our TiO₂ goes to work. Architectural coatings Industrial coatings Plastics & masterbatch Printing inks Paper Rubber Ceramics & enamel Welding electrodes See which grade fits each application → Markets Served ## Reliable supply across three continents. India Pakistan Bangladesh GCC"
titanium dioxide quotation,GLOBAL,EN,2026-08-29,5,Titanium Dioxide Price Trend 2026 | Forecast & Analysis,https://www.expertmarketresearch.com/price-forecast/titanium-dioxide-price-trends,expertmarketresearch.com,SERP-REV-BUY-QUOTATION-20260829,"Titanium Dioxide Price Trend 2026 | Forecast & Analysis (https://www.expertmarketresearch.com/price-forecast/titanium-dioxide-price-trends) citeturn18search3 [wordlim: 200] Crawled: yesterday; ## Titanium Dioxide (TiO₂) Pricing, Demand and Supply Overview ... Titanium Dioxide spent 2025 going down and started 2026 clawing back. ### For the Quarter Ending June 2026 #### Titanium Dioxide Prices Q2 2026: * United States: USD 3,270/MT * China: USD 2,490/MT * Germany: USD 3,650/MT * India: USD 2,960/MT ### Titanium Dioxide Prices in the United States The US came in at USD 3,270/MT in Q2, 2.8% over Q1's USD 3,180/MT. Producer price increases and a steadier coatings tone did the lifting through spring. Why did the price of Titanium Dioxide change in Q2 2026 in the United States? Producers made their announced increases stick. Architectural coatings demand steadied before the pa"
titanium dioxide quotation,GLOBAL,EN,2026-08-29,6,Product Details,https://www.spectrumchemical.com/pdfdetails/pdf/index/productSku/T1081/,spectrumchemical.com,SERP-REV-BUY-QUOTATION-20260829,"Product Details (https://www.spectrumchemical.com/pdfdetails/pdf/index/productSku/T1081/) citeturn18search13 [wordlim: 200] Published: 3 months ago; Titanium Dioxide, Technical, is the naturally available oxide of titanium also known as ... pure titanium, electrical ceramics, catalysts and other chemical applications. Product Details WWW.SPECTRUMCHEMICAL.COM Titanium Dioxide, Technical SDS Item Number CAS Number | T1081 13463-67-7 --- | --- Item Number Molecular Formula | T1081 TiO 2 Item Number Molecular Weight | T1081 79.87Description Titanium Dioxide, Technical, is the naturally available oxide of titanium also known as titania and is used as a pigment in paints, food coloring, cosmetics and in the production of pure titanium, electrical ceramics, catalysts and other chemical applications. Synonyms Titanium (IV) Oxide Order Catalog | 19-May-2026 22:32: PM PDT Package | Size | PRICE"
titanium dioxide quotation,GLOBAL,EN,2026-08-29,7,"Titanium (IV) Oxide - ProChem, Inc.",https://prochemonline.com/product/titaniumivoxide-3709/,prochemonline.com,SERP-REV-BUY-QUOTATION-20260829,"Titanium (IV) Oxide - ProChem, Inc. (https://prochemonline.com/product/titaniumivoxide-3709/) citeturn18search4 [wordlim: 200] Crawled: last month; # Titanium (IV) Oxide ... Titanium dioxide, titania ... For other quantities or purities, please request a quotation. # Titanium (IV) Oxide ## Properties Product # 3709 Name Titanium (IV) Oxide Synonyms Titanium dioxide, titania Formula TiO2 Purity 99.999% CAS Number 1317-80-2 Molecular Weight 79.87 Color & Form White powder Boiling Point 2972° C Melting Point 1843° C Specific Gravity 4.26 Solubility in water Insoluble Download SDS (PDF) [Input] Titanium (IV) Oxide – 50 g $350.00 [Input] Titanium (IV) Oxide – 250 g $1,150.00 [Button: Add to cart]Request a Quote [Input] [Input] [Input] Click or Call 800-795-8788 * We can offer items in bulk or custom. For other quantities or purities, please request a"
titanium dioxide quotation,GLOBAL,EN,2026-08-29,8,"Titanium (IV) Oxide - ProChem, Inc.",https://prochemonline.com/product/titaniumivoxide-3706/,prochemonline.com,SERP-REV-BUY-QUOTATION-20260829,"Titanium (IV) Oxide - ProChem, Inc. (https://prochemonline.com/product/titaniumivoxide-3706/) citeturn18search5 [wordlim: 200] Crawled: last month; # Titanium (IV) Oxide ... Titanium dioxide, titania ... For other quantities or purities, please request a quotation. # Titanium (IV) Oxide ## Properties Product # 3706 Name Titanium (IV) Oxide Synonyms Titanium dioxide, titania Formula TiO2 Purity 99.99% CAS Number 1317-80-2 Molecular Weight 79.87 Color & Form White powder Boiling Point 2972° C Melting Point 1843° C Specific Gravity 4.26 Solubility in water Insoluble Download SDS (PDF) [Input] Titanium (IV) Oxide – 25 g $100.00 [Input] Titanium (IV) Oxide – 100 g $325.00 Size | [Select]Clear [Input: ] [Button: Add to cart]Request a Quote [Input] [Input] [Input] Click or Call 800-795-8788 * We can offer items in bulk or custom. For other quantities"
titanium dioxide quotation,GLOBAL,EN,2026-08-29,9,"Titanium Dioxide Price Index, Trends, Chart, News and Forecast",https://www.chemanalyst.com/Pricing-data/titanium-dioxide-52,chemanalyst.com,SERP-REV-BUY-QUOTATION-20260829,"Titanium Dioxide Price Index, Trends, Chart, News and Forecast (https://www.chemanalyst.com/Pricing-data/titanium-dioxide-52) citeturn18search6 [wordlim: 200] Crawled: 4 weeks ago; * Titanium Dioxide Production Cost Trend recorded upward pressure from feedstock disruptions and elevated freight and energy costs recently globally. ... Titanium Dioxide which occurs naturally contains several impurities such as chromium, iron or vanadium, therefore it must be subjected to chemical refining for attaining the desired properties for various applications. ## Titanium Dioxide Price Trend and Forecast Get Real Time Prices Get Real Time Prices * ## Titanium Dioxide Price Trend and Forecast Get Real Time Prices ## Market Overview ### For the Quarter Ending March 2026 Titanium Dioxide Price Q1 2026 Region | Country | QoQ Change | Average Price (USD/MT) North America | USA | +7.00%"
titanium dioxide quotation,GLOBAL,EN,2026-08-29,10,Titanium Dioxide (TiO2 pigment) Price 2026 — Titanium Dioxide (TiO2 pigment) | PackIndex,https://opnplatform.com/price/tio2,opnplatform.com,SERP-REV-BUY-QUOTATION-20260829,"Titanium Dioxide (TiO2 pigment) Price 2026 — Titanium Dioxide (TiO2 pigment) | PackIndex (https://opnplatform.com/price/tio2) citeturn18search7 [wordlim: 200] Published: 2 months ago; Crawled: 3 days ago; TiO2 price titanium dioxide packaging white pigment cost # Titanium Dioxide (TiO2 pigment) Price Titanium Dioxide (TiO2 pigment). Primary white pigment for all food and packaging print, film masterbatch, and opaque coating. Published by PackIndex. Chemours,... $2,696 13 price updates · 0 major moves since 2026-06-01 — live level on Essential /t · USD Updated: 2026-06-01 · PackIndex Current Price $2,696 Last Updated 2026-06-01 ## About the Titanium Dioxide (TiO2 pigment) Index Titanium Dioxide (TiO2 pigment). Primary white pigment for all food and packaging print, film masterbatch, and opaque coating. Published by PackIndex. Chemours, Tronox, and Venator are major produc"
titanium dioxide quote supplier,GLOBAL,EN,2026-08-29,1,TiO2 Agents — Titanium Dioxide Supplier from China,https://tio2agents.com/,tio2agents.com,SERP-REV-BUY-QUOTE-20260829,"TiO2 Agents — Titanium Dioxide Supplier from China (https://tio2agents.com/) citeturn17search0 [wordlim: 200] Crawled: yesterday; Browse 20 grades Request quote ... Architectural Coatings Coatings→Industrial Coatings Coatings→Automotive Coatings Coatings→Powder Coatings Coatings→Coil Coatings Coatings→PVC Profiles & Window Frames Plastics→Plastic Masterbatch Plastics→PE / PP Films Plastics→Printing Inks Inks→Paper Laminate & Decor Paper Paper→Cosmetics & Sunscreen Personal Care→Rubber & Tire Sidewall Rubber→ ... B2B titanium dioxide for the export trade — rutile, anatase, nano, slurry. SEMITI # Titanium dioxide, direct from China. Rutile, anatase, nano, and slurry grades for coatings, plastics, inks, paper, and cosmetics. We are a SEMITECH brand — a Shanghai-based trader of tier-1 Chinese TiO2 with English-language technical support and 10–40 day global delivery. Browse 20 gradesR"
titanium dioxide quote supplier,GLOBAL,EN,2026-08-29,2,"TiO2 Source — Rutile & Anatase Titanium Dioxide, Sourced from China",https://tio2source.com/,tio2source.com,SERP-REV-BUY-QUOTE-20260829,"TiO2 Source — Rutile & Anatase Titanium Dioxide, Sourced from China (https://tio2source.com/) citeturn17search1 [wordlim: 200] Crawled: 2 weeks ago; Titanium Dioxide · Sourcing & Supply ... Request a Quote View Products ... Deep supplier relationships mean stable supply and competitive pricing. Titanium Dioxide · Sourcing & Supply # Quality-assured titanium dioxide, sourced direct from China. Rutile and anatase TiO₂ for coatings, plastics, inks and more — backed by independent quality control and reliable global logistics. Request a Quote View Products R818 R838 R868 R878 A1 Refractive index n≈2.7 — maximum light scatter, maximum opacity * * * Why TiO2 Source ## One accountable partner, from inquiry to delivery. ### Rutile & anatase A full TiO₂ portfolio — five grades for every application and budget. ### Independent QC Inspected against your specification before shipment"
titanium dioxide quote supplier,GLOBAL,EN,2026-08-29,3,Titanium Dioxide Manufacturer & Industrial Chemical Supplier,https://tioxin.com/,tioxin.com,SERP-REV-BUY-QUOTE-20260829,"Titanium Dioxide Manufacturer & Industrial Chemical Supplier (https://tioxin.com/) citeturn17search2 [wordlim: 200] Crawled: yesterday; Request A Quote Explore All Grades ... As a trusted Titanium Dioxide Supplier, TIOXIN™ delivers consistent quality for global industries. ... As a trusted Titanium Dioxide Supplier, Sukhmani Impex ensures consistent quality for global industries. ... Professional Chemical Catalog - Color Coded Leading Global Manufacturer & Exporter of High-Performance Titanium Dioxide Pigment - Tioxin # Leading Global Manufacturer & Exporter of High-Performance Titanium Dioxide Pigment Leading global manufacturer of high-purity Titanium Dioxide (TiO₂) Pigments. We provide bulk supply and export solutions for the paint, plastic, and coating industries worldwide. Discover industry-leading brightness and durability with our specialty TiO₂ grades. Request A Quote Expl"
titanium dioxide quote supplier,GLOBAL,EN,2026-08-29,4,Titanium Dioxide Supplier and Distributor | Univar Solutions,https://www.univarsolutions.com/suppliers/ineos-pigments/titanium-dioxide%3Fsrsltid%3DAfmBOoq6NeS1ALl4CfkoDEJiRuqdVC2ABuef9dWnNUlcffCi1tH5rcb1,univarsolutions.com,SERP-REV-BUY-QUOTE-20260829,"Titanium Dioxide Supplier and Distributor | Univar Solutions (https://www.univarsolutions.com/suppliers/ineos-pigments/titanium-dioxide%3Fsrsltid%3DAfmBOoq6NeS1ALl4CfkoDEJiRuqdVC2ABuef9dWnNUlcffCi1tH5rcb1) citeturn17search3 [wordlim: 200] Crawled: last month; Product Name | Supplier | Grade | Package Type | Weight | Billing Price | Price (Package) ... Image: RCL188 Titanium Dioxide, Technical Grade, Powder, 50 lb Bag RCL188 Titanium Dioxide, Technical Grade, Powder, 50 lb Bag Product No.54595 SDS View Product Documents [Input] [Input] [Input] [Input] [Button: Request Quote ] ## Products Available Filters Price 1. Request Pricing 13 items [Input] Package 1. Bag 9 items [Input] 2. Supersack 4 items [Input] Filters Sort ### Sort Product Name (A-Z) [Input] Product Name (Z-A) [Input] Grade (A-Z) [Input] Grade (Z-A) [Input] Concentration (Low-High) [Input] Con"
titanium dioxide quote supplier,GLOBAL,EN,2026-08-29,5,Titanium Dioxide : Plater Group Ltd,https://www.platergroup.co.uk/products/titanium-dioxide,platergroup.co.uk,SERP-REV-BUY-QUOTE-20260829,"Titanium Dioxide : Plater Group Ltd (https://www.platergroup.co.uk/products/titanium-dioxide) citeturn17search4 [wordlim: 200] Crawled: 4 months ago; Chemical Listing ... Plater Group is a leading UK supplier of Titanium Dioxide packed in 25kg & bulk bags. ... If you would like a quote or require more information about how Plater Group can supply you with Titanium Dioxide please complete the form below and a member of our team will get back to you shortly or phone us on +44 (0)1283 792600. # Titanium Dioxide Chemical Listing This product is used as/for: Solid Plater Group is a leading UK supplier of Titanium Dioxide packed in 25kg & bulk bags. We are also a Titanium Dioxide distributor, covering the UK, Ireland and Europe. Titanium Dioxide is used for the manufacture of: * machinery and vehicles * chemicals * plastic products * furniture * electrical * electronic and optical equip"
titanium dioxide quote supplier,GLOBAL,EN,2026-08-29,6,Products - Titanium Dioxide SA,https://titaniumdioxide.co.za/products/,titaniumdioxide.co.za,SERP-REV-BUY-QUOTE-20260829,"Products - Titanium Dioxide SA (https://titaniumdioxide.co.za/products/) citeturn17search5 [wordlim: 200] Published: 3 months ago; Crawled: 2 weeks ago; # Titanium Dioxide Grades for Every Industry ... 5 Grades Available — All 25KG bags — Quote-only pricing ... Specialised manufacturer and supplier of high-quality titanium dioxide across Africa. # Products Image: Products Our Products # Titanium Dioxide Grades for Every Industry We supply premium Rutile and Anatase TiO₂ grades across coatings, ink, food, plastics, rubber, paper and cosmetics — all in 25KG bags with all-inclusive pricing. Filter by Application ## Coatings, Paint & Ink TiO₂ is the world's most important white pigment — delivering opacity, brightness and UV durability in architectural, industrial, automotive and powder coatings, and printing inks. 5 Grades Available — All 25KG bags — Quote-only pricing Image: P"
titanium dioxide quote supplier,GLOBAL,EN,2026-08-29,7,"Titanium Dioxide USP/NF GRADE Supplier and Distributor | Buy Titanium Dioxide USP/NF GRADE Bulk, Drums, LTL at GJ Chemical",https://gjchemical.com/chemical-distributor/titanium-dioxide-uspnf-grade-supplier-910.aspx,gjchemical.com,SERP-REV-BUY-QUOTE-20260829,"Titanium Dioxide USP/NF GRADE Supplier and Distributor | Buy Titanium Dioxide USP/NF GRADE Bulk, Drums, LTL at GJ Chemical (https://gjchemical.com/chemical-distributor/titanium-dioxide-uspnf-grade-supplier-910.aspx) citeturn17search6 [wordlim: 200] Crawled: 2 months ago; GJ Chemical is a Supplier and Distributor of Titanium Dioxide USP/NF GRADE in bulk or smaller LTL quantities. ... Synonyms: Titanium(IV) oxide; Titania; Rutile; Anatase ... ###### Request Quick Quote ## Titanium Dioxide USP/NF GRADE CAS# 13463-67-7 GJ Chemical is a Supplier and Distributor of Titanium Dioxide USP/NF GRADE in bulk or smaller LTL quantities. #### Titanium Dioxide USP/NF GRADE Formula: TiO2 Synonyms: Titanium(IV) oxide; Titania; Rutile; Anatase Titanium dioxide is a white, odorless powder that is used as a pigment in many products. It's also known as titanium(IV) oxide or titania. It is used as a"
titanium dioxide quote supplier,GLOBAL,EN,2026-08-29,8,Titanium Dioxide Sales,https://titaniumdioxide.eu/,titaniumdioxide.eu,SERP-REV-BUY-QUOTE-20260829,"Titanium Dioxide Sales (https://titaniumdioxide.eu/) citeturn17search7 [wordlim: 200] Crawled: last week; As a titanium dioxide supplier UK and titanium dioxide supplier EU we have for many years supplied this product to a range of industries. ... Many UK deliveries are next day for either single items or pallet orders at very reasonable costs, providing customers with an efficient and cost effective titanium dioxide UK supplier. * Our Titanium Dioxide Product Our TiO2 titanium dioxide white dye is readily available. It is a high quality rutile grade white pigment consisting of a minimum of 95% pure titanium dioxide. It is very durable, highly opague and has a high resistance to most chemicals. As a titanium dioxide supplier UK and titanium dioxide supplier EU we have for many years supplied this product to a range of industries. We welcome the opportunity to provide quotations to"
titanium dioxide quote supplier,GLOBAL,EN,2026-08-29,9,Home - Titanium Dioxide SA,https://titaniumdioxide.co.za/,titaniumdioxide.co.za,SERP-REV-BUY-QUOTE-20260829,"Home - Titanium Dioxide SA (https://titaniumdioxide.co.za/) citeturn17search8 [wordlim: 200] Published: 6 months ago; Crawled: 2 weeks ago; Titanium Dioxide SA Supplier & Manufacturer for Africa Home About Products Warehouses Gallery TDS News Contact Get a Quote ... Coatings & Paint High-performance rutile grades delivering opacity, brightness and UV durability.View grades →Food Grade TiO₂Food-safe titanium dioxide for confectionery, dairy and processed foods.View grades →Plastics, Rubber & Paper UV-resistant grades for PVC pipes, PE films and rubber compounds.View grades →Skin Care & Cosmetics Ultra-fine B102 Anatase for sunscreens, foundations and soaps.View grades → 📞 Sales: +27 (0)71 857 3633 📞 Technical: +27 (0)72 582 0896 ✉ sales@titaniumdioxidesa.co.za Facebook YouTube 🌎 Nationwide & Africa Titanium Dioxide SA Supplier & Manufacturer for Africa Home About Products Warehous"
titanium dioxide quote supplier,GLOBAL,EN,2026-08-29,10,FAQ - Titanium Dioxide SA,https://titaniumdioxide.co.za/faq/,titaniumdioxide.co.za,SERP-REV-BUY-QUOTE-20260829,FAQ - Titanium Dioxide SA (https://titaniumdioxide.co.za/faq/) citeturn17search9 [wordlim: 200] Published: 2 months ago; Crawled: 2 weeks ago; Everything you need to know about sourcing titanium dioxide from Titanium Dioxide SA. ... We supply titanium dioxide in 25KG bags. ... What we quote is what you pay. # FAQ Image: FAQ Common Questions # Frequently Asked Questions Everything you need to know about sourcing titanium dioxide from Titanium Dioxide SA. ## Ordering & Pricing What is your minimum order quantity?+ We supply titanium dioxide in 25KG bags. There is no strict minimum order — we work with businesses of all sizes across Africa. Contact us to discuss your specific requirements and we will advise on the most cost-effective quantity for your needs. Do you include all duties and import costs in your pricing?+ Yes — our pricing is fully all-inclusive. One price covers t
titanium dioxide replacement equivalent,GLOBAL,EN,2026-08-29,1,The Role of Titanium Dioxide (E171) and the Requirements for Replacement Materials in Oral Solid Dosage Forms: An IQ Consortium Working Group Review - ScienceDirect,https://www.sciencedirect.com/science/article/pii/S002235492200346X,sciencedirect.com,SERP-REV-BUY-REPLACEMENT-20260829,"The Role of Titanium Dioxide (E171) and the Requirements for Replacement Materials in Oral Solid Dosage Forms: An IQ Consortium Working Group Review - ScienceDirect (https://www.sciencedirect.com/science/article/pii/S002235492200346X) citeturn24search0 [wordlim: 200] Crawled: 5 days ago; The Role of Titanium Dioxide (E171) and the Requirements for Replacement Materials in Oral Solid Dosage Forms: An IQ Consortium Working Group Review ... Titanium is an abundant metal in the Earth's crust but it does not occur naturally as elemental titanium, as it forms highly stable compounds with a range of atoms, including oxygen, carbon and nitrogen. In some jurisdictions E171 is being considered for removal from pharmaceutical products, as a consequence of it being delisted as an approved colorant for foods. At the time of writing, in the view of the authors, no system or material which could add"
titanium dioxide replacement equivalent,GLOBAL,EN,2026-08-29,2,"Titanium Dioxide (E171 Grade) and the Search For Replacement Opacifiers and Colorants: Supplier Readiness Survey, Case Studies and Regulatory Perspective.",https://pubmed.ncbi.nlm.nih.gov/38092288/,pubmed.ncbi.nlm.nih.gov,SERP-REV-BUY-REPLACEMENT-20260829,"Titanium Dioxide (E171 Grade) and the Search For Replacement Opacifiers and Colorants: Supplier Readiness Survey, Case Studies and Regulatory Perspective. (https://pubmed.ncbi.nlm.nih.gov/38092288/) citeturn24search1 [wordlim: 200] Published: 2.7 years ago; Crawled: 3 weeks ago; # Titanium Dioxide (E171 Grade) and the Search For Replacement Opacifiers and Colorants: Supplier Readiness Survey, Case Studies and Regulatory Perspective. * AstraZeneca, Charter Way, Macclesfield, SK10 2NA, UK. * Eli Lilly & Co., Indianapolis, Indiana, 46285, USA. * Bristol Myers Squibb, Moreton, CH46 1QW, UK. Electronic address: mike.tobyn@bms.com. ## Languages * eng ## Publication types * Journal Article ## Abstract Titanium dioxide (TiO2) is used primarily as an opacifier in solid dosage forms and is present in the majority of tablet and capsule dosage forms on the market. The IQ* TiO2 Wor"
titanium dioxide replacement equivalent,GLOBAL,EN,2026-08-29,3,The Role of Titanium Dioxide (E171) and the Requirements for Replacement Materials in Oral Solid Dosage Forms: An IQ Consortium Working Group Review - ScienceDirect,https://www.sciencedirect.com/science/article/abs/pii/S002235492200346X,sciencedirect.com,SERP-REV-BUY-REPLACEMENT-20260829,"The Role of Titanium Dioxide (E171) and the Requirements for Replacement Materials in Oral Solid Dosage Forms: An IQ Consortium Working Group Review - ScienceDirect (https://www.sciencedirect.com/science/article/abs/pii/S002235492200346X) citeturn24search2 [wordlim: 200] Published: 3.8 years ago; Crawled: last week; * ### Titanium Dioxide (E171 Grade) and the Search For Replacement Opacifiers and Colorants: Supplier Readiness Survey, Case Studies and Regulatory Perspective ... We also highlight several regulatory hurdles that would have to be overcome if a titanium dioxide replacement was required for some markets but was not mandated by others. * ### Titanium Dioxide (E171 Grade) and the Search For Replacement Opacifiers and Colorants: Supplier Readiness Survey, Case Studies and Regulatory Perspective 2024, Journal of Pharmaceutical Sciences Citation Excerpt : It is intended t"
titanium dioxide replacement equivalent,GLOBAL,EN,2026-08-29,4,"Titanium Dioxide (E171 Grade) and the Search For Replacement Opacifiers and Colorants: Supplier Readiness Survey, Case Studies and Regulatory Perspective - ScienceDirect",https://www.sciencedirect.com/science/article/pii/S0022354923005154,sciencedirect.com,SERP-REV-BUY-REPLACEMENT-20260829,"Titanium Dioxide (E171 Grade) and the Search For Replacement Opacifiers and Colorants: Supplier Readiness Survey, Case Studies and Regulatory Perspective - ScienceDirect (https://www.sciencedirect.com/science/article/pii/S0022354923005154) citeturn24search3 [wordlim: 200] Published: 2.3 years ago; Crawled: last week; Titanium Dioxide (E171 Grade) and the Search For Replacement Opacifiers and Colorants: Supplier Readiness Survey, Case Studies and Regulatory Perspective ... We also highlight several regulatory hurdles that would have to be overcome if a titanium dioxide replacement was required for some markets but was not mandated by others. ## Journal of Pharmaceutical Sciences Volume 113, Issue 5, May 2024, Pages 1285-1298 # Pharmaceutics, Drug Delivery and Pharmaceutical Technology Titanium Dioxide (E171 Grade) and the Search For Replacement Opacifiers and Colorants: Supplier"
titanium dioxide replacement equivalent,GLOBAL,EN,2026-08-29,5,The Role of Titanium Dioxide (E171) and the Requirements for Replacement Materials in Oral Solid Dosage Forms: An IQ Consortium Working Group Review - PubMed,https://pubmed.ncbi.nlm.nih.gov/35973604/,pubmed.ncbi.nlm.nih.gov,SERP-REV-BUY-REPLACEMENT-20260829,"The Role of Titanium Dioxide (E171) and the Requirements for Replacement Materials in Oral Solid Dosage Forms: An IQ Consortium Working Group Review - PubMed (https://pubmed.ncbi.nlm.nih.gov/35973604/) citeturn24search4 [wordlim: 200] Published: 4.0 years ago; Crawled: 2 weeks ago; # The Role of Titanium Dioxide (E171) and the Requirements for Replacement Materials in Oral Solid Dosage Forms: An IQ Consortium Working Group Review . 2022 Nov;111(11):2943-2954. doi: 10.1016/j.xphs.2022.08.011. Epub 2022 Aug 13. # The Role of Titanium Dioxide (E171) and the Requirements for Replacement Materials in Oral Solid Dosage Forms: An IQ Consortium Working Group Review Ross Blundell^{ 1 }, Paul Butterworth^{ 2 }, Anne Charlier^{ 1 }, Dominick Daurio^{ 3 }, Matthias Degenhardt^{ 4 }, David Harris^{ 5 }, Bruno Hancock^{ 6 }, Megan Johnston^{ 7 }, Ram Kasina^{ 8 }, Jonathan Kaye^{ 9 },"
titanium dioxide replacement equivalent,GLOBAL,EN,2026-08-29,6,"Stability impact from a titanium dioxide-free film-coated tablet: An analytical investigation into photo-, physical, and chemical stability of compressed tablets made with alternative film-coating materials - ScienceDirect",https://www.sciencedirect.com/science/article/pii/S0022354925003053,sciencedirect.com,SERP-REV-BUY-REPLACEMENT-20260829,"Stability impact from a titanium dioxide-free film-coated tablet: An analytical investigation into photo-, physical, and chemical stability of compressed tablets made with alternative film-coating materials - ScienceDirect (https://www.sciencedirect.com/science/article/pii/S0022354925003053) citeturn24search5 [wordlim: 200] Published: 1.1 years ago; Crawled: 3 days ago; Titanium Dioxide (E171 Grade, TiO_{2}) is a commonly used excipient within food and pharmaceutical products, widely utilized for its unique properties as an opacifier and colorant while being non-toxic and inert.1, 2, 3 A survey conducted in 2021 by the European Medicines Agenda (EMA) estimated that nearly 70 % of all tablets manufactured by the surveyed companies contained TiO_{2}. ... Additional studies have since been reported as the pharmaceutical industry continually evaluates replacements, including case studies"
titanium dioxide replacement equivalent,GLOBAL,EN,2026-08-29,7,Replacing titanium dioxide: why white is the hardest color to reformulate | FlavorLab.ai,https://flavorlab.ai/blog/titanium-dioxide-alternatives,flavorlab.ai,SERP-REV-BUY-REPLACEMENT-20260829,"Replacing titanium dioxide: why white is the hardest color to reformulate | FlavorLab.ai (https://flavorlab.ai/blog/titanium-dioxide-alternatives) citeturn24search6 [wordlim: 200] Published: 2 weeks ago; Crawled: last week; None is a one-to-one replacement, and all require higher use levels for equivalent opacity. ... The clearest published food figure is from confectionery, where titanium dioxide at 0.5 to 1% of product volume is replaced by roughly 5% rice starch, about a fivefold increase. # Replacing titanium dioxide White is not a colour problem, it is an opacity problem, and that is why the replacements all cost you more than they look like they should. August 12, 2026 · 8 min read Most colour reformulation is a matching exercise. You know the target shade, you screen pigments, you correct the hue. Titanium dioxide is not that, and teams that treat it that way lose a quarter"
titanium dioxide replacement equivalent,GLOBAL,EN,2026-08-29,8,TABLE 6C – TITANIUM DIOXIDE FUNCTIONAL EQUIVALENT -- DRY POWDERS,https://www.plasticpipe.org/common/Uploaded%20files/Technical/PPI-TR-02-2024.pdf,plasticpipe.org,SERP-REV-BUY-REPLACEMENT-20260829,TABLE 6C – TITANIUM DIOXIDE FUNCTIONAL EQUIVALENT -- DRY POWDERS (https://www.plasticpipe.org/common/Uploaded%20files/Technical/PPI-TR-02-2024.pdf) citeturn24search12 [wordlim: 200] Published: 2.4 years ago; TABLE 6C – TITANIUM DIOXIDE FUNCTIONAL EQUIVALENT -- DRY POWDERS --------------------------------------------------------------------------------
titanium dioxide replacement equivalent,GLOBAL,EN,2026-08-29,9,TABLE 6C – TITANIUM DIOXIDE FUNCTIONAL EQUIVALENT -- DRY POWDERS,https://www.plasticpipe.org/common/Uploaded%20files/Technical/TR-02-2020.pdf,plasticpipe.org,SERP-REV-BUY-REPLACEMENT-20260829,TABLE 6C – TITANIUM DIOXIDE FUNCTIONAL EQUIVALENT -- DRY POWDERS (https://www.plasticpipe.org/common/Uploaded%20files/Technical/TR-02-2020.pdf) citeturn24search13 [wordlim: 200] Published: 5.9 years ago; TABLE 6C – TITANIUM DIOXIDE FUNCTIONAL EQUIVALENT -- DRY POWDERS --------------------------------------------------------------------------------
titanium dioxide replacement equivalent,GLOBAL,EN,2026-08-29,10,TiO2 and alternatives_Industry final report to QWP EMA 2024 with annexes,https://www.efpia.eu/media/pzxjd53b/titanium-dioxide-and-alternatives-industry-submission-to-ema-feb-2024.pdf,efpia.eu,SERP-REV-BUY-REPLACEMENT-20260829,TiO2 and alternatives_Industry final report to QWP EMA 2024 with annexes (https://www.efpia.eu/media/pzxjd53b/titanium-dioxide-and-alternatives-industry-submission-to-ema-feb-2024.pdf) citeturn24search14 [wordlim: 200] In this paper an IQ Consortium team outlines the properties of titanium dioxide and criteria to which new replacement materials should be held” --------------------------------------------------------------------------------
titanium dioxide sample supplier,GLOBAL,EN,2026-08-29,1,Get Sample,https://jiutatitanium.com/sample.html,jiutatitanium.com,SERP-REV-BUY-SAMPLE-20260829,Get Sample (https://jiutatitanium.com/sample.html) citeturn19search0 [wordlim: 200] Crawled: last month; #### Please fill the form below to get the a sample of Titanium Dioxide # ONLINE SAMPLE SYSTEM Want to buy Titanium Dioxide? Please try our samples before your order. [Input] Thanks for filling out the form! Our Representatives will be in touch with you shortly! Oops...! some problem! #### Please fill the form below to get the a sample of Titanium Dioxide * * * [Input: Name] [Input: Company Name] [Input: Country] Which product are you manufacturing? [Input] Paints [Input] Masterbatch [Input] Printing Inks [Input] PVC [Input] Other [Input: Email] [Input: Phone] Please select the product you want to buy: [Input] JTR 719 [Input] JTR 719T [Input] JTR 739 [Input] JTR 759 [Input] JTR 799 [Input] JTCR 519 [Input] JTCR 539 [Input] JTCR 599 [Input] JTA 101 [Inp
titanium dioxide sample supplier,GLOBAL,EN,2026-08-29,2,TiO2 Agents — Titanium Dioxide Supplier from China,https://tio2agents.com/,tio2agents.com,SERP-REV-BUY-SAMPLE-20260829,"TiO2 Agents — Titanium Dioxide Supplier from China (https://tio2agents.com/) citeturn19search1 [wordlim: 200] Crawled: yesterday; ## Need a CoA, sample, or FOB quote? ... B2B titanium dioxide for the export trade — rutile, anatase, nano, slurry. Architectural Coatings Coatings→Industrial Coatings Coatings→Automotive Coatings Coatings→Powder Coatings Coatings→Coil Coatings Coatings→PVC Profiles & Window Frames Plastics→Plastic Masterbatch Plastics→PE / PP Films Plastics→Printing Inks Inks→Paper Laminate & Decor Paper Paper→Cosmetics & Sunscreen Personal Care→Rubber & Tire Sidewall Rubber→ ## Need a CoA, sample, or FOB quote? We respond in under 24 hours during business days (UTC+8). Sample requests are free for technical evaluation; FOB / CIF / DDP terms available to most major ports. Email [email protected]Submit inquiry tio2agents SEMITI B2B titanium dioxide for the export trad"
titanium dioxide sample supplier,GLOBAL,EN,2026-08-29,3,Titanium Dioxide Supplier from Germany | Tinox Chemie GmbH,https://tinoxchem.com/,tinoxchem.com,SERP-REV-BUY-SAMPLE-20260829,"Titanium Dioxide Supplier from Germany | Tinox Chemie GmbH (https://tinoxchem.com/) citeturn19search2 [wordlim: 200] Crawled: today; Tinox Chemie GmbH supplies high-performance titanium dioxide and specialty pigments to manufacturers in 60+ countries - with full TDS documentation and technical support. ... Request a free sample, download the TDS, or contact our technical team. Est. 2012 · Düsseldorf, Germany # Your TiO₂ specialist from Düsseldorf Tinox Chemie GmbH supplies high-performance titanium dioxide and specialty pigments to manufacturers in 60+ countries - with full TDS documentation and technical support. Explore productsDownload TDS →Market report → 20+ Years Specializing in TiO2 60+ Countries Active customers 6 Industries Served globally 24h Response On all enquiries TiO₂ pigment grades ## TINOX® rutile & anatase grades View all grades → Coatings & paint"
titanium dioxide sample supplier,GLOBAL,EN,2026-08-29,4,Titanium Dioxide Supplier for Coatings & Plastics | TITAN,https://www.titantitanium.cn/,titantitanium.cn,SERP-REV-BUY-SAMPLE-20260829,"Titanium Dioxide Supplier for Coatings & Plastics | TITAN (https://www.titantitanium.cn/) citeturn19search3 [wordlim: 200] Crawled: 2 days ago; Check the required product records, coordinate a sample when needed and align the written commercial terms. ... A TiO₂ supplier supporting global manufacturers through TITAN MIX Series, TITAN titanium dioxide grades, CITIC product inquiries and case-by-case branded supply. # Titanium Dioxide Supplier for Industrial Applications TITAN INDUSTRY GROUP CO LTD is a China-based industrial titanium dioxide supplier for coatings, plastics, masterbatch, ink and paper. Buyers can compare TITAN, CITIC and TITAN MIX products, review selected branded TiO2 supply and request product documents, samples or a quotation. Coatings Plastics Masterbatch Ink Paper Explore Product Lines Request a TiO2 Quote ## TITAN in Numbers 12+ Years Industry Experience 3"
titanium dioxide sample supplier,GLOBAL,EN,2026-08-29,5,Request a Ti-Pure™ Titanium Dioxide (TiO₂) Product Sample,https://www.tipure.com/en/support/sample-request,tipure.com,SERP-REV-BUY-SAMPLE-20260829,"Request a Ti-Pure™ Titanium Dioxide (TiO₂) Product Sample (https://www.tipure.com/en/support/sample-request) citeturn19search4 [wordlim: 200] Crawled: last month; # Request a Sample of Ti-Pure™ TiO₂Ti-Pure™ titanium dioxide is designed to help our customers create a more vibrant and colorful world through the power of chemistry. # Request a Sample of Ti-Pure™ TiO₂ Ti-Pure™ titanium dioxide is designed to help our customers create a more vibrant and colorful world through the power of chemistry. Our high-quality pigments feature excellent dispersion and can help make products look newer, longer. From rigid packaging and architectural coatings to laminate flooring, Ti-Pure™ TiO₂ helps customers create better products, improve applications, and unlock new business opportunities. Need a product recommendation? Check out our application guides: * Ti-Pure™ for Coatings Application Gui"
titanium dioxide sample supplier,GLOBAL,EN,2026-08-29,6,Home - Titanium Dioxide SA,https://titaniumdioxide.co.za/,titaniumdioxide.co.za,SERP-REV-BUY-SAMPLE-20260829,Home - Titanium Dioxide SA (https://titaniumdioxide.co.za/) citeturn19search5 [wordlim: 200] Published: 6 months ago; Crawled: 2 weeks ago; Titanium Dioxide SA Supplier & Manufacturer for Africa Home About Products Warehouses Gallery TDS News Contact Get a Quote ... #### Sample & Quote 📞 Sales: +27 (0)71 857 3633 📞 Technical: +27 (0)72 582 0896 ✉ sales@titaniumdioxidesa.co.za Facebook YouTube 🌎 Nationwide & Africa Titanium Dioxide SA Supplier & Manufacturer for Africa Home About Products Warehouses Gallery TDS News Contact Get a Quote Image: Home Africa's Trusted TiO₂ Supplier # Premium Titanium Dioxide for Africa's Industries Specialised manufacturer and supplier of high-quality titanium dioxide across Africa. Get a Quote → View Products 10+ Years Operating 3 Warehouses 12+ Titanium Grades Supply Across Africa TiO_{2} Rutile & Anatase Grades Available in 25kg Bag
titanium dioxide sample supplier,GLOBAL,EN,2026-08-29,7,Titanium Dioxide Sales,https://titaniumdioxide.eu/,titaniumdioxide.eu,SERP-REV-BUY-SAMPLE-20260829,"Titanium Dioxide Sales (https://titaniumdioxide.eu/) citeturn19search6 [wordlim: 200] Crawled: last week; As a titanium dioxide supplier UK and titanium dioxide supplier EU we have for many years supplied this product to a range of industries. ... ## Titanium dioxide 2kg sample pack * Our Titanium Dioxide Product Our TiO2 titanium dioxide white dye is readily available. It is a high quality rutile grade white pigment consisting of a minimum of 95% pure titanium dioxide. It is very durable, highly opague and has a high resistance to most chemicals. As a titanium dioxide supplier UK and titanium dioxide supplier EU we have for many years supplied this product to a range of industries. We welcome the opportunity to provide quotations to supply the product in various pack sizes and packaging types to meet customers requirements. This product is normally supplied in 25kg bags, however s"
titanium dioxide sample supplier,GLOBAL,EN,2026-08-29,8,"TiO2 Source — Rutile & Anatase Titanium Dioxide, Sourced from China",https://tio2source.com/,tio2source.com,SERP-REV-BUY-SAMPLE-20260829,"TiO2 Source — Rutile & Anatase Titanium Dioxide, Sourced from China (https://tio2source.com/) citeturn19search7 [wordlim: 200] Crawled: 2 weeks ago; Titanium Dioxide · Sourcing & Supply ... Deep supplier relationships mean stable supply and competitive pricing. Titanium Dioxide · Sourcing & Supply # Quality-assured titanium dioxide, sourced direct from China. Rutile and anatase TiO₂ for coatings, plastics, inks and more — backed by independent quality control and reliable global logistics. Request a Quote View Products R818 R838 R868 R878 A1 Refractive index n≈2.7 — maximum light scatter, maximum opacity * * * Why TiO2 Source ## One accountable partner, from inquiry to delivery. ### Rutile & anatase A full TiO₂ portfolio — five grades for every application and budget. ### Independent QC Inspected against your specification before shipment. COA with every lot. ### Built f"
titanium dioxide sample supplier,GLOBAL,EN,2026-08-29,9,TiO2 Titanium Dioxide Supplier & Distributor - The Kish Company,https://www.kishcompany.com/products/tio2-titanium-dioxide/,kishcompany.com,SERP-REV-BUY-SAMPLE-20260829,"TiO2 Titanium Dioxide Supplier & Distributor - The Kish Company (https://www.kishcompany.com/products/tio2-titanium-dioxide/) citeturn19search8 [wordlim: 200] Crawled: 3 weeks ago; * TiO2 Titanium Dioxide ... ## Request a Sample * TiO2 Titanium Dioxide ### DESCRIPTION Titanium Dioxide is offered in Rutile and Anatase grades. Our TiO_{2} grades are available in a number of inorganic and organic surface treatments. The TiO_{2} Titanium dioxides have excellent: * Dispersion * Hiding Power * Chalk and heat resistance ### APPLICATIONS Our TiO_{2} products include the Coating, Rubber, Adhesives, Printing Inks and Plastics Industries. Out TiO_{2} series of Anatase TiO_{2} are offered both in a powdered and granule form. Applications for these products include Ceramic, Rubber and Adhesives. ## Need help choosing a product? When looking for the most suitable product for yo"
titanium dioxide sample supplier,GLOBAL,EN,2026-08-29,10,Titanium Dioxide (Cosmetic Grade) Supplier & Exporter | Chemzip,https://chemzip.com/products/titanium-dioxide-cosmetic,chemzip.com,SERP-REV-BUY-SAMPLE-20260829,"Titanium Dioxide (Cosmetic Grade) Supplier & Exporter | Chemzip (https://chemzip.com/products/titanium-dioxide-cosmetic) citeturn19search9 [wordlim: 200] Crawled: 3 weeks ago; Request Sample Get Best Price WhatsApp ... Image: Titanium Dioxide (Cosmetic Grade) chemical structure # Titanium Dioxide (Cosmetic Grade) CAS Number: 13463-67-7 Cosmetic Grade Titanium Dioxide is an inorganic physical UV filter that works by reflecting and scattering UV radiation, providing broad-spectrum protection against both UVA and UVB. Available in nano- and micro-sized particles with surface treatments (e.g., silica, alumina coating), it is used in sunscreens and tinted cosmetics for its white coverage and photostability. It is highly favored in mineral sunscreen formulations for sensitive and baby skin. Request SampleGet Best PriceWhatsApp ## Technical Specifications appearance | White powder pur"
titanium dioxide sourcing supplier,GLOBAL,EN,2026-08-29,1,"Services — TiO₂ Sourcing, Technical & Logistics | Tinox Chemie",https://tinoxchem.com/services,tinoxchem.com,SERP-REV-BUY-SOURCING-20260829,"Services — TiO₂ Sourcing, Technical & Logistics | Tinox Chemie (https://tinoxchem.com/services) citeturn23search0 [wordlim: 200] Crawled: last week; from sourcing to ... With years of experience in titanium dioxide and a global supply chain, TINOX provides end-to-end services - from application testing and technical consulting to market intelligence, pigment system optimization and additive outsourcing. ... With years of experience across the titanium dioxide supply chain, TINOX has built a wide and highly professional network of related material producers, suppliers and quality controllers. What we offer # Full-range services from sourcing to delivery With years of experience in titanium dioxide and a global supply chain, TINOX provides end-to-end services - from application testing and technical consulting to market intelligence, pigment system optimization and additive outsourci"
titanium dioxide sourcing supplier,GLOBAL,EN,2026-08-29,2,"TiO2 Source — Rutile & Anatase Titanium Dioxide, Sourced from China",https://tio2source.com/,tio2source.com,SERP-REV-BUY-SOURCING-20260829,"TiO2 Source — Rutile & Anatase Titanium Dioxide, Sourced from China (https://tio2source.com/) citeturn23search1 [wordlim: 200] Crawled: 2 weeks ago; Titanium Dioxide · Sourcing & Supply ... Deep supplier relationships mean stable supply and competitive pricing. Titanium Dioxide · Sourcing & Supply # Quality-assured titanium dioxide, sourced direct from China. Rutile and anatase TiO₂ for coatings, plastics, inks and more — backed by independent quality control and reliable global logistics. Request a Quote View Products R818 R838 R868 R878 A1 Refractive index n≈2.7 — maximum light scatter, maximum opacity * * * Why TiO2 Source ## One accountable partner, from inquiry to delivery. ### Rutile & anatase A full TiO₂ portfolio — five grades for every application and budget. ### Independent QC Inspected against your specification before shipment. COA with every lot. ### Built f"
titanium dioxide sourcing supplier,GLOBAL,EN,2026-08-29,3,Titanium Dioxide Supplier from Germany | Tinox Chemie GmbH,https://tinoxchem.com/,tinoxchem.com,SERP-REV-BUY-SOURCING-20260829,"Titanium Dioxide Supplier from Germany | Tinox Chemie GmbH (https://tinoxchem.com/) citeturn23search2 [wordlim: 200] Crawled: today; Tinox Chemie GmbH supplies high-performance titanium dioxide and specialty pigments to manufacturers in 60+ countries - with full TDS documentation and technical support. ... Food-grade and specialty anatase TiO2 for paper, synthetic fiber, cosmetics and pharma. ... ## Ready to source TINOX® TiO₂? Est. 2012 · Düsseldorf, Germany # Your TiO₂ specialist from Düsseldorf Tinox Chemie GmbH supplies high-performance titanium dioxide and specialty pigments to manufacturers in 60+ countries - with full TDS documentation and technical support. Explore productsDownload TDS →Market report → 20+ Years Specializing in TiO2 60+ Countries Active customers 6 Industries Served globally 24h Response On all enquiries TiO₂ pigment grades ## TINOX® rutile &"
titanium dioxide sourcing supplier,GLOBAL,EN,2026-08-29,4,Home - Titanium Dioxide SA,https://titaniumdioxide.co.za/,titaniumdioxide.co.za,SERP-REV-BUY-SOURCING-20260829,"Home - Titanium Dioxide SA (https://titaniumdioxide.co.za/) citeturn23search3 [wordlim: 200] Published: 6 months ago; Crawled: 2 weeks ago; Titanium Dioxide SA Supplier & Manufacturer for Africa Home About Products Warehouses Gallery TDS News Contact Get a Quote ... Specialised manufacturer and supplier of high-quality titanium dioxide across Africa. 📦 ### 3 Strategic Warehouses Johannesburg, Durban and Cape Town - fast stock dispatch nationwide. 📊 ### Certified Quality Full batch traceability, certificates of analysis and technical data sheets on every order. About Us ## Africa's Specialist TiO₂ Supplier Titanium Dioxide SA is a specialist manufacturer and supplier of titanium dioxide, working in close partnership with a certified, globally recognised manufacturing facility in China. This long-standing partnership gives us direct access to consistently high-quality produc"
titanium dioxide sourcing supplier,GLOBAL,EN,2026-08-29,5,Titanium Dioxide Supplier | KRONOS High-Performance TiO₂,https://www.kronosww.com/titanium-dioxide-supplier/,kronosww.com,SERP-REV-BUY-SOURCING-20260829,"Titanium Dioxide Supplier | KRONOS High-Performance TiO₂ (https://www.kronosww.com/titanium-dioxide-supplier/) citeturn23search4 [wordlim: 200] Crawled: yesterday; ## Global Titanium Dioxide Supplier for Industrial Applications ... ## Why Choose KRONOS as Your Titanium Dioxide Supplier ## Global Titanium Dioxide Supplier for Industrial Applications KRONOS is a leading global producer and marketer of titanium dioxide (TiO₂), supplying high performance pigments to customers worldwide across a broad range of industrial applications. Get in touch ## Why Choose KRONOS as Your Titanium Dioxide Supplier Image ### More than 100 Years of TiO_{2} Expertise Since 1916, KRONOS has been a pioneer in the development and production of titanium dioxide – making us one of the most experienced and trusted suppliers in the industry. Image ### A Leading Global Producer & Supplier KRONOS is reco"
titanium dioxide sourcing supplier,GLOBAL,EN,2026-08-29,6,Titanium Dioxide - Easy Sourcing on Made-in-China.com,https://sourcing.made-in-china.com/request/amPtGNsuXBMd/Titanium-Dioxide.html,sourcing.made-in-china.com,SERP-REV-BUY-SOURCING-20260829,"Titanium Dioxide - Easy Sourcing on Made-in-China.com (https://sourcing.made-in-china.com/request/amPtGNsuXBMd/Titanium-Dioxide.html) citeturn23search5 [wordlim: 200] Published: 4 weeks ago; Crawled: 2 weeks ago; Home Easy Sourcing All Sourcing Requests  Chemicals Titanium Dioxide ... He****** Image: Diamond Member Image: Audited Supplier | Manufacturer/Factory & Trading Company | Zhumadian, Henan | 2026-08-01 00:44 Home Easy Sourcing All Sourcing Requests  Chemicals Titanium Dioxide ## Titanium Dioxide * Date Posted: 2026-07-31 15:38 From English Site * [Input] Valid to:2026-10-16 * Purchase Quantity: 25 Metric Tons * Trade Terms:CIF * Max budget:1000~5000 USD * Payment Terms:OA and Da for 90 Days Against Telex Bl Copy * Sourcing Request From:Request From: India * Shipping Method:Sea freight * Destination Port: Nhava Sheva * Lead time:Ship in 15 da"
titanium dioxide sourcing supplier,GLOBAL,EN,2026-08-29,7,Titanium Dioxide Global Manufacturers & Suppliers List | Trademo,https://www.trademo.com/manufacturers/titanium-dioxide,trademo.com,SERP-REV-BUY-SOURCING-20260829,"Titanium Dioxide Global Manufacturers & Suppliers List | Trademo (https://www.trademo.com/manufacturers/titanium-dioxide) citeturn23search6 [wordlim: 200] Crawled: last month; # List of Global Manufacturers & Suppliers of Titanium Dioxide ... Subscribe to Trademo Source Atlas to identify sourcing opportunities, compare global markets, and discover qualified suppliers. ... Access supplier trade activity, per-unit commodity pricing, and company profiles across 15M+ global companies to discover suppliers, monitor market trends, and engage suppliers from a single workspace. Search over 15 Million+ companies in cross border trade # List of Global Manufacturers & Suppliers of Titanium Dioxide Find and discover international titanium dioxide manufacturers & suppliers, featuring details on their shipment activities, trade volumes, trading partners, and more. View all international titanium"
titanium dioxide sourcing supplier,GLOBAL,EN,2026-08-29,8,Titanium Dioxide Supplier | TIOXIN™ TiO₂ by Sukhmani Impex,https://sukhmaniimpex.com/,sukhmaniimpex.com,SERP-REV-BUY-SOURCING-20260829,"Titanium Dioxide Supplier | TIOXIN™ TiO₂ by Sukhmani Impex (https://sukhmaniimpex.com/) citeturn23search7 [wordlim: 200] Crawled: last month; Sukhmani Impex is a trusted chemical supplier offering Titanium Dioxide (TIOXIN™), Ferrous Sulphate, Calcium Carbonate and other essential raw materials for industries like paints, plastics, rubber, paper, agriculture, textiles, ceramics, and more. ... We are committed to sustainable sourcing and promoting eco-friendly alternatives. TIOXIN Slider [Button: ❮] [Button: ❯] # TITANIUM DIOXIDE PREMIUM QUALITY INNOVATION SOLUTIONS CLASS APART SERVICE Contact Us ## We manufacture titanium dioxide with precision, innovation, and industry-leading performance. We source and refine titanium ore, zircon, rare earths and other essential minerals to produce high-quality titanium dioxide pigments and titanium chemicals. Our solutions bring brightness"
titanium dioxide sourcing supplier,GLOBAL,EN,2026-08-29,9,Ti (Titanium) Compounds | Materials | Iwatani Corporation,https://iwatani.pro/eng/business/material/resources-advanced/products/ti/,iwatani.pro,SERP-REV-BUY-SOURCING-20260829,"Ti (Titanium) Compounds | Materials | Iwatani Corporation (https://iwatani.pro/eng/business/material/resources-advanced/products/ti/) citeturn23search8 [wordlim: 200] Crawled: today; Leading Supplier for Pigment Applications and a Wide Range of Other Fields ... As the first Japanese company to import mineral sands (titanium feedstocks and zircon) in 1952, Iwatani has been an industry leader in supplying titanium feedstocks for a wide range of applications, including titanium dioxide pigments, titanium metal, welding rods and glass additives. Materials / Resources & Advanced Materials # Ti (Titanium) Compounds Leading Supplier for Pigment Applications and a Wide Range of Other Fields Titanium boasts high-specific strength, offers high stability as an oxide, and is highly resistant to corrosion. As the first Japanese company to import mineral sands (titanium feedstocks and zircon) i"
titanium dioxide sourcing supplier,GLOBAL,EN,2026-08-29,10,"Titanium Dioxide (TiO₂) — Rutile & Anatase Pigment Grades for Coatings, Plastics, Paper, Inks, and Cosmetics | East Materials",https://www.eastmaterials.com/products/titanium-dioxide/,eastmaterials.com,SERP-REV-BUY-SOURCING-20260829,"Titanium Dioxide (TiO₂) — Rutile & Anatase Pigment Grades for Coatings, Plastics, Paper, Inks, and Cosmetics | East Materials (https://www.eastmaterials.com/products/titanium-dioxide/) citeturn23search9 [wordlim: 200] Published: 3 months ago; Crawled: yesterday; # Titanium Dioxide (TiO₂) — Rutile & Anatase Pigment Grades for Coatings, Plastics, Paper, Inks, and Cosmetics ... Existing supplier reference | Category equivalent | Substitution ... * For deeper coating-application context on titanium dioxide (colour matching, dispersion technology, premium category selection), see coatingsink.com/products/titanium-dioxide/. LOMON® # Titanium Dioxide (TiO₂) — Rutile & Anatase Pigment Grades for Coatings, Plastics, Paper, Inks, and Cosmetics Titanium dioxide pigment portfolio supplied via LOMON Billions Group distribution. Chloride-process rutile for coatings, plastics, and inks; sulph"
titanium dioxide wholesaler,GLOBAL,EN,2026-08-29,1,Titanium Dioxide Wholesaler | Aanya Enterprise,https://www.titaniumdioxidewholesaler.com/,titaniumdioxidewholesaler.com,SERP-REV-BUY-WHOLESALER-20260829,"Titanium Dioxide Wholesaler | Aanya Enterprise (https://www.titaniumdioxidewholesaler.com/) citeturn21search0 [wordlim: 200] Crawled: today; Interior Architectural As a reliable Titanium Dioxide wholesaler, we provide materials that improve opacity and brightness for interior paints and coatings.Exterior Architectural Our role as a Titanium Dioxide wholesaler ensures weather-resistant and durable solutions for exterior paints.Industrial Being a bulk Titanium Dioxide wholesaler, we support industrial applications that demand consistency and high performance.Plastics As a Titanium Dioxide wholesaler, we supply grades that enhance whiteness, UV resistance, and durability in plastic manufacturing.Polymers & Paint Industry Trusted as a Titanium Dioxide wholesaler, we deliver products that create smooth finishes, vibrant colors, and lasting protection.Rubber Industry Aanya Enterprise, as a"
titanium dioxide wholesaler,GLOBAL,EN,2026-08-29,2,"Trader - Wholesaler / Distributor of Titanium Dioxide Rutile by Shankar Chemicals, New Delhi",https://www.shankarchemical.com/,shankarchemical.com,SERP-REV-BUY-WHOLESALER-20260829,"Trader - Wholesaler / Distributor of Titanium Dioxide Rutile by Shankar Chemicals, New Delhi (https://www.shankarchemical.com/) citeturn21search1 [wordlim: 200] Crawled: yesterday; * Nature of Business Trader - Wholesaler/Distributor ... Shankar Chemicals is one of the leading wholesale Trader of Titanium Dioxide,Industrial Chemicals, Titanium Dioxide Rutile, and many more. ... Shankar Chemicals is one of the leading wholesale Trader of Titanium Dioxide,Industrial Chemicals, Titanium Dioxide Rutile, and many more. Shankar Chemicals Bawana, New Delhi, Delhi GST No. 07BVKPD0698F1ZI TrustSEAL Verified Payment Protected Call 07942553121 95% Response Rate SEND EMAIL Titanium Dioxide Anatase Price: ₹ 270 / Kg Get Best Quote Titanium Dioxide opati Price: ₹ 255 / Kg Get Best Quote Rutile Titanium Dioxide Atr 315 Price: ₹ 215 / Kg Get Best Quote Precipitated Barium Sulphate"
titanium dioxide wholesaler,GLOBAL,EN,2026-08-29,3,Shankar Chem India - Trader - Wholesaler / Distributor of Titanium Dioxide from New Delhi,https://www.shankarchemindia.com/,shankarchemindia.com,SERP-REV-BUY-WHOLESALER-20260829,"Shankar Chem India - Trader - Wholesaler / Distributor of Titanium Dioxide from New Delhi (https://www.shankarchemindia.com/) citeturn21search2 [wordlim: 200] Crawled: 4 months ago; * Nature of Business Trader - Wholesaler/Distributor ... We ""Shankar Chem India"" are the leading wholesale trader, exporter and importer of Titanium Dioxide, Barium Sulphate, Natural Calcium Carbonate, Glass Beads, EVA Resin, Bentonite Powder, Hydrocarbon Resin, etc. Blr 895 Titanium Dioxide About Company * Nature of Business Trader - Wholesaler/Distributor * GST Registration Date 01-07-2017 * Legal Status of Firm Proprietorship * Annual Turnover 25 - 100 Cr * GST No.07BVKPD0922N1ZI We ""Shankar Chem India"" are the leading wholesale trader, exporter and importer of Titanium Dioxide, Barium Sulphate, Natural Calcium Carbonate, Glass Beads, EVA Resin, Bentonite Powder, Hydrocarbon Resin, etc."
titanium dioxide wholesaler,GLOBAL,EN,2026-08-29,4,"Trader - Wholesaler / Distributor of Titanium Dioxide by Shiv Chemical, New Delhi",https://www.shivchemical.co.in/,shivchemical.co.in,SERP-REV-BUY-WHOLESALER-20260829,"Trader - Wholesaler / Distributor of Titanium Dioxide by Shiv Chemical, New Delhi (https://www.shivchemical.co.in/) citeturn21search3 [wordlim: 200] Crawled: today; * Nature of Business Trader - Wholesaler/Distributor ... We “Shiv Chemical” are the leading Wholesale, Trader of an extensive array of Titanium Dioxide, Industrial Powder, Whitening Agent And Powder, Lithopone Powder, Anti Moisture Powder etc. Shiv Chemical Bawana, New Delhi, Delhi GST No. 07AREPG3494P1Z9 TrustSEAL Verified Payment Protected Call 08043821011 98% Response Rate SEND EMAIL Anatase Titanium Dioxide Price: ₹ 208 / Kilogram Get Best Quote Phillips Carbon Black N220 Price: ₹ 114 / Kg Get Best Quote Kronos 2450 Titanium Dioxide Price: ₹ 295 / Kg Get Best Quote Titanium Dioxide Rutile Powder Price: ₹ 200 / Kg Get Best Quote Kronos 2220 Titanium Dioxide Price: ₹ 308 / Kg KRONOS 2220 is the le"
titanium dioxide wholesaler,GLOBAL,EN,2026-08-29,5,"Titanium Dioxide Trader - Wholesaler / Distributor | Laxmi Chemical, New Delhi",https://www.laxmichemical.in/,laxmichemical.in,SERP-REV-BUY-WHOLESALER-20260829,"Titanium Dioxide Trader - Wholesaler / Distributor | Laxmi Chemical, New Delhi (https://www.laxmichemical.in/) citeturn21search4 [wordlim: 200] Crawled: today; Established in the year of 2017, we ""Laxmi Chemical"" are Trader, Wholesaler and Distributor of Titanium Dioxide, Optical Brightener, Red Pigment Powder etc. * PB 15 3 Alpha Blue Pigment Powder * PB 15 Sudan Blue Pigment Powder * PB 15 1 Alpha Blue Pigment Powder * 15 0 Alpha Blue Pigment Powder View All Products ### Laxmi Chemical Established in the year of 2017, we ""Laxmi Chemical"" are Trader, Wholesaler and Distributor of Titanium Dioxide, Optical Brightener, Red Pigment Powder etc. We direct all our activities to cater the expectations of customers by providing them excellent quality products as per their gratification. Moreover, we follow moral business policies and crystal pure transparency in all our tra"
titanium dioxide wholesaler,GLOBAL,EN,2026-08-29,6,"Trader - Wholesaler / Distributor of Titanium Dioxide by Brij Impex, New Delhi",https://www.brijimpexchem.in/,brijimpexchem.in,SERP-REV-BUY-WHOLESALER-20260829,"Trader - Wholesaler / Distributor of Titanium Dioxide by Brij Impex, New Delhi (https://www.brijimpexchem.in/) citeturn21search5 [wordlim: 200] Crawled: 8 months ago; Brij impex is a reliable Wholesale Trader & Exporter for Silicone Oil, Blowing Agent Powder, Optical Brightener and other specialty chemicals.Read more... ... Trader - Wholesaler/Distributor ... * Chemical Compound ... * Titanium Dioxide Powder # Brij Impex Narela, New Delhi, Delhi GST No. 07CGOPG2342F1ZK Call 07942546468 71% Response Rate Send Email Ti Pure Titanium Dioxide Pigment R104 Get Quote Lotus Zinc Oxide Get Quote Tr92 Titanium Dioxide Get Quote Zinc Oxide Activator Get Quote Opati Titanium Dioxide Get Quote About Us Brij impex is a reliable Wholesale Trader & Exporter for Silicone Oil, Blowing Agent Powder, Optical Brightener and other specialty chemicals.Read more... Nature of Business T"
titanium dioxide wholesaler,GLOBAL,EN,2026-08-29,7,Bulk Titanium Dioxide Wholesaler - Rutile & Anatase Powder,https://titaniumdioxidewholesaler.com/categories/titanium-dioxide-tio2,titaniumdioxidewholesaler.com,SERP-REV-BUY-WHOLESALER-20260829,"Bulk Titanium Dioxide Wholesaler - Rutile & Anatase Powder (https://titaniumdioxidewholesaler.com/categories/titanium-dioxide-tio2) citeturn21search6 [wordlim: 200] Crawled: last week; ## Titanium Dioxide TiO₂ ... At Aanya Enterprises, we are proud to be recognised as one of India’s most trusted suppliers and importers of premium-grade chemical compounds. ... Bulk Titanium Dioxide Wholesaler - Rutile & Anatase Powder --------------------------------------------------------------------------------"
titanium dioxide wholesaler,GLOBAL,EN,2026-08-29,8,Umisons Tradelink - Trader - Wholesaler / Distributor of Titanium Dioxide from Ahmedabad,https://www.umisonstradelink.in/,umisonstradelink.in,SERP-REV-BUY-WHOLESALER-20260829,"Umisons Tradelink - Trader - Wholesaler / Distributor of Titanium Dioxide from Ahmedabad (https://www.umisonstradelink.in/) citeturn21search7 [wordlim: 200] Crawled: yesterday; * Nature of Business Trader - Wholesaler/Distributor ... Umisons Tradelink, a leading importer and trading company that specializes in sourcing and distributing premium oil and chemical products(Titanium Dioxide, LLP Oil, DOP Oil, HA Oil, DoP Oil,etc). ... * Light Liquid Paraffin Oil --------------------------------------------------------------------------------"
titanium dioxide wholesaler,GLOBAL,EN,2026-08-29,9,Titanium Dioxide Wholesaler | B2B companies and suppliers | europages,https://www.europages.co.uk/companies/wholesaler/titanium-dioxide.html,europages.co.uk,SERP-REV-BUY-WHOLESALER-20260829,Titanium Dioxide Wholesaler | B2B companies and suppliers | europages (https://www.europages.co.uk/companies/wholesaler/titanium-dioxide.html) citeturn21search8 [wordlim: 200] Crawled: last week; Image Wholesaler ... Titanium Dioxide (TiO2) Odorless White Solid Mineral Oxide 79.866 G/mol Molar Mass Used Paints Ceramics Food Coloring ... Refined Organic Rapeseed Canola Vegetable Cooking Oil - Organic Rapeseed Oil Canola Oil Vegetable Cooking Oil for sale ... Titanium dioxide is a chemical compound with the formula TiO₂ and a molecular weight of 79.87 g/mol. ... emmi-PET ASTRO – Orthopedic Premium Dog Bed with 3-Layer Memory Foam (Sizes S/M/L-XL) ... Rutile Titanium Dioxide Sulfate R-248- Plastic Industry --------------------------------------------------------------------------------
titanium dioxide wholesaler,GLOBAL,EN,2026-08-29,10,"Pigment Powder Trader - Wholesaler / Distributor | Ujjwal Trading Company, New Delhi",https://www.ujjwaltradingindia.com/,ujjwaltradingindia.com,SERP-REV-BUY-WHOLESALER-20260829,"Pigment Powder Trader - Wholesaler / Distributor | Ujjwal Trading Company, New Delhi (https://www.ujjwaltradingindia.com/) citeturn21search9 [wordlim: 200] Crawled: last week; Established in the year 2017, We ""Ujjwal Trading Company” are a Proprietorship based firm, engaged as the foremost Wholesaler and Trader Pigment Powder, Titanium dioxide Etc. --------------------------------------------------------------------------------"
Tronox titanium dioxide alternative equivalent grades,GLOBAL,EN,2026-08-29,1,Titanium Dioxide (TiO2) - Tronox,https://www.tronox.com/products/titanium-dioxide/,tronox.com,SERP-REV-BRAND-TRONOX-20260829,"Titanium Dioxide (TiO2) - Tronox (https://www.tronox.com/products/titanium-dioxide/) citeturn28search0 [wordlim: 200] Crawled: last week; Tronox markets a range of TiONA^{®} titanium dioxide pigment products, and our talented team of scientists works to enhance the performance of products in our customers’ current and future applications.As one of the leading producers of TiO_{2}, Tronox uses a proprietary chloride process technology as well as the sulfate process to make products that are used by manufacturers of coatings, plastics and décor paper. Select an application type below to see products that specifically meet your needs. Image: Paint and Coatings Paint and Coatings Image: Plastics Plastics Image: Paper Paper Image: Printing Ink Printing Ink ## FILTER Application Type [Select] Region [Select] *TMP-free (TF) version available in select regions * ### TiONA^{®"
Tronox titanium dioxide alternative equivalent grades,GLOBAL,EN,2026-08-29,2,"Titanium Dioxide (TiO₂) — Rutile & Anatase Pigment Grades for Coatings, Plastics, Paper, Inks, and Cosmetics | East Materials",https://www.eastmaterials.com/products/titanium-dioxide/,eastmaterials.com,SERP-REV-BRAND-TRONOX-20260829,"Titanium Dioxide (TiO₂) — Rutile & Anatase Pigment Grades for Coatings, Plastics, Paper, Inks, and Cosmetics | East Materials (https://www.eastmaterials.com/products/titanium-dioxide/) citeturn28search1 [wordlim: 200] Published: 3 months ago; Crawled: yesterday; Hiding power, dispersion, weather resistance, and chemical compatibility across coating, polymer, paper, and ink applications. ... East Materials supplies a portfolio of rutile and anatase TiO₂ pigments via LOMON Billions Group distribution — LOMON Billions is one of the world's largest titanium dioxide producers, with both chloride-process and sulphate-process production. ... Functionally equivalent to Chemours Ti-Pure, Tronox, Kronos, Venator Tioxide, and Cristal premium rutile and anatase grades. ... Tronox plastic-grade rutile | Chloride-process universal rutile for plastics & inks | Direct 1:1 The portfolio is organise"
Tronox titanium dioxide alternative equivalent grades,GLOBAL,EN,2026-08-29,3,All Pigment Grades Archives - Tronox,https://www.tronox.com/product_category/all-pigment-grades/,tronox.com,SERP-REV-BRAND-TRONOX-20260829,"All Pigment Grades Archives - Tronox (https://www.tronox.com/product_category/all-pigment-grades/) citeturn28search2 [wordlim: 200] Crawled: yesterday; Array ( [post_type] => tronox_oroducts [post_per_page] => -1 ) ... A bright white general-purpose, sulfate process rutile titanium dioxide pigment. ... Titanium Oxysulfate (indicative chemical formula TiO(SO_{4}),xH_{2}SO_{4},yH_{2}O) is a clear colorless Home » Titanium Dioxide (TiO2) » Product Category: [Select] Show All▾ Products: [Select] All Products▾ Array ( [post_type] => tronox_oroducts [post_per_page] => -1 ) * ### TiONA® 8890 A neutral-tone pigment specially designed for polycarbonate and engineering plastics, READ MORE * ### TiONA® 233 TiONA^{®} 233 is a blue tint tone, rutile titanium dioxide READ MORE * ### TiONA® 592 A bright white general-purpose, sulfate process rutile titanium dioxide pigment. READ"
Tronox titanium dioxide alternative equivalent grades,GLOBAL,EN,2026-08-29,4,PUBLIC RECORD,https://www.industry.gov.au/sites/default/files/adc/public-record/2026-04/699-1-application-applicant-tronox-limited-application-of-investigation-on-titanium-dioxide_2.pdf,industry.gov.au,SERP-REV-BRAND-TRONOX-20260829,"PUBLIC RECORD (https://www.industry.gov.au/sites/default/files/adc/public-record/2026-04/699-1-application-applicant-tronox-limited-application-of-investigation-on-titanium-dioxide_2.pdf) citeturn28search12 [wordlim: 200] Published: 4 months ago; The table below compares the four main grades of Tronox’s locally produced like goods, and the comparable or equivalent imported grades from the known major Chinese exporters. ... <th>Primary Chinese Equivalent Grade(s) – R-series (CNNC Hua Yuan Titanium Dioxide Co., Ltd. --------------------------------------------------------------------------------"
Tronox titanium dioxide alternative equivalent grades,GLOBAL,EN,2026-08-29,5,Tronox – TiO₂ Manufacturer Profile | TiO₂ Wiki,https://www.tio2.wiki/manufacturers/tronox,tio2.wiki,SERP-REV-BRAND-TRONOX-20260829,Tronox – TiO₂ Manufacturer Profile | TiO₂ Wiki (https://www.tio2.wiki/manufacturers/tronox) citeturn28search3 [wordlim: 200] Crawled: 3 weeks ago; Tronox produces TiO₂ using the chloride and sulfate processes. ... 6 TiO₂ grades manufactured by Tronox: ... TR-52 rutile A universal rutile TiO₂ pigment with balanced optical properties and good dispersibility for general-purpose coatings.architectural coatingsindustrial coatings TR-93 rutile A premium rutile TiO₂ with dense silica treatment for exceptional durability in exterior architectural coatings.automotive coatingsarchitectural coatings TR-60 rutile A chloride-process rutile grade optimized for plastics with excellent lacing resistance.plasticsindustrial coatings CR-834 rutile A chloride-process rutile TiO₂ manufactured in Australia for general coatings applications.architectural coatingsindustrial coatings CR-800 rutile A chloride-
Tronox titanium dioxide alternative equivalent grades,GLOBAL,EN,2026-08-29,6,CR-834 – Tronox TiO₂ | TiO₂ Wiki,https://www.tio2.wiki/products/cr-834,tio2.wiki,SERP-REV-BRAND-TRONOX-20260829,"CR-834 – Tronox TiO₂ | TiO₂ Wiki (https://www.tio2.wiki/products/cr-834) citeturn28search4 [wordlim: 200] Crawled: last week; Rutile Chloride process Tronox Australia ... ## Similar or Equivalent Grades ... For assistance with grade selection, equivalent comparisons, or application-specific recommendations, submit a technical inquiry. --------------------------------------------------------------------------------"
Tronox titanium dioxide alternative equivalent grades,GLOBAL,EN,2026-08-29,7,All Pigment Grades Archives - Page 2 of 2 - Tronox,https://www.tronox.com/product_category/all-pigment-grades/page/2/,tronox.com,SERP-REV-BRAND-TRONOX-20260829,"All Pigment Grades Archives - Page 2 of 2 - Tronox (https://www.tronox.com/product_category/all-pigment-grades/page/2/) citeturn28search5 [wordlim: 200] Crawled: last week; Home » Titanium Dioxide (TiO2) » All Pigment Grades » ... Titanium Oxysulfate (indicative chemical formula TiO(SO_{4}),xH_{2}SO_{4},yH_{2}O) is a clear colorless --------------------------------------------------------------------------------"
Tronox titanium dioxide alternative equivalent grades,GLOBAL,EN,2026-08-29,8,Pigment Grades by Process Archives - Tronox,https://www.tronox.com/product_category/pigment-grades-by-process/,tronox.com,SERP-REV-BRAND-TRONOX-20260829,"Pigment Grades by Process Archives - Tronox (https://www.tronox.com/product_category/pigment-grades-by-process/) citeturn28search6 [wordlim: 200] Crawled: last month; Array ( [post_type] => tronox_oroducts [post_per_page] => -1 ) ... A bright white general-purpose, sulfate process rutile titanium dioxide pigment. ... Titanium Oxysulfate (indicative chemical formula TiO(SO_{4}),xH_{2}SO_{4},yH_{2}O) is a clear colorless --------------------------------------------------------------------------------"
Tronox titanium dioxide alternative equivalent grades,GLOBAL,EN,2026-08-29,9,"Comparisons — SEMITI vs Ti-Pure, Tronox, Kronos & More | TiO2 Agents",https://tio2agents.com/compare,tio2agents.com,SERP-REV-BRAND-TRONOX-20260829,"Comparisons — SEMITI vs Ti-Pure, Tronox, Kronos & More | TiO2 Agents (https://tio2agents.com/compare) citeturn28search7 [wordlim: 200] Crawled: last week; SEMITI 996 vs Ti-Pure R-902 SEMITI 996 is engineered as a 1:1 drop-in substitute for Ti-Pure R-902 in coatings, plastic masterbatch, and inks.Compare →SEMITI 706 vs Ti-Pure R-706 SEMITI 706 matches Ti-Pure R-706's premium durability for industrial and automotive coatings — at 35–40% lower landed cost.Compare →SEMITI 902 vs Ti-Pure R-902 SEMITI 902 is specifically engineered to drop into Ti-Pure R-902-qualified architectural paint formulations.Compare →SEMITI 706W vs Ti-Pure R-746 SEMITI 706W matches Ti-Pure R-746 as a hydrophilic-tuned rutile for waterborne architectural emulsion paints.Compare →SEMITI 960 vs Ti-Pure R-960 SEMITI 960 matches Ti-Pure R-960's amine-compatible HALS-friendly surface treatment for engineering plastics ma"
Tronox titanium dioxide alternative equivalent grades,GLOBAL,EN,2026-08-29,10,"(174) That perception is confirmed by the views expressed by customers with regard to possible alternatives to the four grades offered by the Parties, Chemours and Kronos. When asked to identify credible alternatives (both technically and commercially) for the Parties' grades 8120 and RCL-722, no respondents mentioned ISK's CR-85 or CITIC Jinzhou's CR-300185 (nor any sulphate-based grades for use in paper laminate). While Chemours' grade R-796+ is the grade most often identified as being a credible alternative to Cristal's RCL-722 (all respondents but one), Cristal's grade is most often identified as being a credible alternative to Tronox's 8120. Four out of six respondents (representing 89% of the total EEA market for chloride-based titanium dioxide for use in paper laminate) consider that the Parties' grades are credible alternatives for one another.186",https://ec.europa.eu/competition/mergers/cases/decisions/m8451_3750_3.pdf,ec.europa.eu,SERP-REV-BRAND-TRONOX-20260829,"(174) That perception is confirmed by the views expressed by customers with regard to possible alternatives to the four grades offered by the Parties, Chemours and Kronos. When asked to identify credible alternatives (both technically and commercially) for the Parties' grades 8120 and RCL-722, no respondents mentioned ISK's CR-85 or CITIC Jinzhou's CR-300185 (nor any sulphate-based grades for use in paper laminate). While Chemours' grade R-796+ is the grade most often identified as being a credible alternative to Cristal's RCL-722 (all respondents but one), Cristal's grade is most often identified as being a credible alternative to Tronox's 8120. Four out of six respondents (representing 89% of the total EEA market for chloride-based titanium dioxide for use in paper laminate) consider that the Parties' grades are credible alternatives for one another.186 (https://ec.europa.eu/competitio"
Tronox CR-828 alternative equivalent,GLOBAL,EN,2026-08-29,1,**Tronox® CR-828**,https://www.tronox.com/download.php?path=11306,tronox.com,SERP-REV-GRADE-CR828-20260829,"**Tronox® CR-828** (https://www.tronox.com/download.php?path=11306) citeturn35search12 [wordlim: 200] Published: 9.1 years ago; TRONOX® CR-828 rutile titanium dioxide pigment is a universal product with the highest optical properties and good durability for interior and exterior applications. TRONOX Technical Data Sheet **Tronox® CR-828** TRONOX® CR-828 rutile titanium dioxide pigment is a universal product with the highest optical properties and good durability for interior and exterior applications. TRONOX® CR-828 provides high gloss, excellent opacity and tint strength, and a clean undertone. **Applications** Interior and exterior industrial ■ Maintenance coatings ■ Interior and exterior architectural coatings ■ Solvent and water based coatings **Typical Properties¹** <table id=""e1""> <tr><td>TiO₂ content, %</td><td>95</td></tr> <tr><td>Density</td><td></td></tr> <tr><td>&n"
Tronox CR-828 alternative equivalent,GLOBAL,EN,2026-08-29,2,ACS 2026 Collateral - Tronox,https://www.tronox.com/2024-acs-tronox-collateral/,tronox.com,SERP-REV-GRADE-CR828-20260829,"ACS 2026 Collateral - Tronox (https://www.tronox.com/2024-acs-tronox-collateral/) citeturn35search0 [wordlim: 200] Crawled: 3 weeks ago; Below you will find Tronox collateral for you to download. ... * TiONA^{®} 828 Home » Below you will find Tronox collateral for you to download. For more information, visit www.tronox.com. * Product Data Sheets: * TiONA^{® }826 * TiONA^{®} 828 * TiONA^{®} 880 * TiONA^{®} 828E * TiONA^{®} 8140 * TiONA^{®} 826SL * TiONA^{®} 834 * TiONA^{®} 822 * From Mine to Pigment Video * Corporate Brochure * Sustainability Report * 2024 Sustainability Report * 2024 Executive Summary--------------------------------------------------------------------------------"
Tronox CR-828 alternative equivalent,GLOBAL,EN,2026-08-29,3,1498408928770911688-06413308,https://patentimages.storage.googleapis.com/9d/1c/e7/70ad6af5fdf2a5/US6413308.pdf,patentimages.storage.googleapis.com,SERP-REV-GRADE-CR828-20260829,"1498408928770911688-06413308 (https://patentimages.storage.googleapis.com/9d/1c/e7/70ad6af5fdf2a5/US6413308.pdf) citeturn35search13 [wordlim: 200] Published: 3 months ago; Tronox (R) CR-828 TiO, is available from Kerr McGee Chemical LLC US 6,413,308 B1 21 22 TABLE 8 Evaluation of Boehmite Flatting Agents in Exterior Latex House Paint PRIMARY PIGMENT Tronox Tronox Tronox Tronox Tronox CR-828 CR-828 CR-828 CR-828 CR-828 EXTENDER PIGMENT Boehmite Boehmite Celite 281 Celite 499 Diafil 525 Sample I Sample H RESIN Ucar 6379 Ucar 6379 Ucar 6379 Ucar 6379 Ucar 6379 INGREDIENTS GRIND: Water 275.00 275.OO 275.00 275.OO 275.OO Ethylene Glycol 27.8O 27.8O 27.8O 27.8O 27.8O Natrosol 250 MBR 4.OO 4.00 4.OO 4.OO 4.00 AMP-95 2.OO 2.OO 2.OO 2.OO 2.OO Nopcocide N-96 6.OO 6.OO 6.OO 6.OO 6.OO Colloid 643 1.75 1.75 1.75 1.75 1.75 Tamol 850-30 5.2"
Tronox CR-828 alternative equivalent,GLOBAL,EN,2026-08-29,4,Technical Data Sheet,https://www.tronox.com/download.php?path=11295,tronox.com,SERP-REV-GRADE-CR828-20260829,"Technical Data Sheet (https://www.tronox.com/download.php?path=11295) citeturn35search14 [wordlim: 200] Published: 9.2 years ago; Tronox® CR-828E Technical Data Sheet Tronox® CR-828E TRONOX® CR-828E is a special purpose enamel rutile grade titanium dioxide pigment that combines high specific resistance with the highest optical properties and good durability for interior and exterior applications. TRONOX® CR-828E provides high gloss, excellent opacity and tint strength, clean undertone and easy dispersion. Applications Automotive and Industrial Electrodeposition Coatings ■ High Specific Resistance or Low Conductivity applications Typical Properties1 TiO2 content, % ......................................................................................................................................................... 95 Density Specific gravity .............................."
Tronox CR-828 alternative equivalent,GLOBAL,EN,2026-08-29,5,Tronox® CR-828 (Titanium dioxide) - Tronox- Technical Datasheet,https://www.specialchem.com/coatings/product/tronox-tronox-cr-828,specialchem.com,SERP-REV-GRADE-CR828-20260829,"Tronox® CR-828 (Titanium dioxide) - Tronox- Technical Datasheet (https://www.specialchem.com/coatings/product/tronox-tronox-cr-828) citeturn35search1 [wordlim: 200] Published: 7.2 years ago; Crawled: yesterday; # Tronox® CR-828 Technical datasheet # Tronox® CR-828 Supplied byTronox- Last Updated on Jun 28, 2019 [Button: Description][Button: Benefits][Button: Applications][Button: Compliance][Button: Availability][Button: Properties] Tronox® CR-828 by Tronox is a titanium dioxide pigment. Offers the highest optical properties and excellent durability. Exhibits high gloss, very good opacifying power with high tint strength. Tronox® CR-828 is used in interior and exterior industrial, maintenance coatings, interior and exterior architectural coatings. Product family: Titanium Dioxide Chemical family: Titanium Dioxide Product Type: Pigments & Colorants ## Applications ### Rec"
Tronox CR-828 alternative equivalent,GLOBAL,EN,2026-08-29,6,TiONA® 828 - Tronox,https://www.tronox.com/product/tiona-828/,tronox.com,SERP-REV-GRADE-CR828-20260829,"TiONA® 828 - Tronox (https://www.tronox.com/product/tiona-828/) citeturn35search2 [wordlim: 200] Crawled: last month; TiONA 828 PDSDownload ... If you require technical assistance, a Tronox team member is ready to assist you. ## Overview A multi-purpose, blue tint tone product with an outstanding combination of ease of dispersion, excellent optical properties and good durability. ## Product Data Sheet Downloads TiONA 828 PDSDownload ### Safety Data Sheets (SDS) Region [Select] Please select your region▾ * Please select your region * Americas * Asia Pacific * EMEA [Input] Sub Region [Select] Please select your Sub region▾ * Please select your Sub region [Input] Please select a region from the left panel to display custom filtered Safety Data Sheets for your region. ## More Information We would love to hear from you. Please select a topic to request more info"
Tronox CR-828 alternative equivalent,GLOBAL,EN,2026-08-29,7,"TiONA® 595, TiONA® 696, TiONA® 813 / CR-813, TiONA® 822 / CR-822, TiONA® 826 / CR-826, TiONA® 828 / CR-828, TiONA® 834 / CR-834, TiONA® 880 / CR-880, TiONA® 8140 / 8140, TiONA® 41J / 41J, TiONA® 828E / CR-828E.",https://www.tronox.com/download.php?path=14362,tronox.com,SERP-REV-GRADE-CR828-20260829,"TiONA® 595, TiONA® 696, TiONA® 813 / CR-813, TiONA® 822 / CR-822, TiONA® 826 / CR-826, TiONA® 828 / CR-828, TiONA® 834 / CR-834, TiONA® 880 / CR-880, TiONA® 8140 / 8140, TiONA® 41J / 41J, TiONA® 828E / CR-828E. (https://www.tronox.com/download.php?path=14362) citeturn35search15 [wordlim: 200] Crawled: 3 months ago; TiONA® 595, TiONA® 696, TiONA® 813 / CR-813, TiONA® 822 / CR-822, TiONA® 826 / CR-826, TiONA® 828 / CR-828, TiONA® 834 / CR-834, TiONA® 880 / CR-880, TiONA® 8140 / 8140, TiONA® 41J / 41J, TiONA® 828E / CR-828E. ... Tronox will not knowingly sell product for use into these applications. TiONA® 595, TiONA® 696, TiONA® 813 / CR-813, TiONA® 822 / CR-822, TiONA® 826 / CR-826, TiONA® 828 / CR-828, TiONA® 834 / CR-834, TiONA® 880 / CR-880, TiONA® 8140 / 8140, TiONA® 41J / 41J, TiONA® 828E / CR-828E. Revision date 10-Aug-2020 National Toxicology Program (NTP) New Zealand's Chem"
Tronox CR-828 alternative equivalent,GLOBAL,EN,2026-08-29,8,COMPETITION TRIBUNAL,https://comptrib.co.za/uploads/topics/CompTrib_Case_Files/100LMDec04.pdf,comptrib.co.za,SERP-REV-GRADE-CR828-20260829,COMPETITION TRIBUNAL (https://comptrib.co.za/uploads/topics/CompTrib_Case_Files/100LMDec04.pdf) citeturn35search16 [wordlim: 200] Published: 6 months ago; Tronox CR 828 (BASF) Rutile chloride process T102 – Used in coating industry – T102 content = 95% None | Chemiphos First Chemicals | 3 5 | Rolfes Colour Pigments Total | 1 100 --- | --- | --- Tronox CR 828 (BASF) Rutile chloride process T102 – Used in coating industry – T102 content = 95% None | Chemiphos First Chemicals | 3 5 --- | --- | --- Tronox CR 828 (BASF) Rutile chloride process T102 – Used in coating industry – T102 content = 95% None | Chemiphos Lake International | 3 <1 Tronox CR 828 (BASF) Rutile chloride process T102 – Used in coating industry – T102 content = 95% None | Chemiphos Servochem (Huntsman Tioxide) | 3 70 – 75 Tronox CR 828 (BASF) Rutile chloride process T102 – Used in coating industry – T102 content = 95% No
Tronox CR-828 alternative equivalent,GLOBAL,EN,2026-08-29,9,MECS 2024 Tronox Collateral - Tronox,https://www.tronox.com/mecs-2024-tronox-collateral/,tronox.com,SERP-REV-GRADE-CR828-20260829,"MECS 2024 Tronox Collateral - Tronox (https://www.tronox.com/mecs-2024-tronox-collateral/) citeturn35search3 [wordlim: 200] Crawled: last month; Below you will find Tronox collateral for you to download. ... * TiONA^{®} 828 Below you will find Tronox collateral for you to download. For more information, visit www.tronox.com. * EMEA Coatings Applications Guide * Asia Pacific Coatings Applications Guide * Product Sell Sheets * TiONA^{® }121 * TiONA^{®} 826 * TiONA^{®} 828 * TiONA^{®} 813 * TiONA^{®} 122 * TiONA^{® }595 * Product Data Sheets: * TiONA^{® }121 * TiONA^{®} 826 * TiONA^{®} 828 * TiONA^{®} 813 * TiONA^{®} 122 * TiONA^{® }595 * Corporate Brochure (English and Arabic) * 2022 Sustainability Report * 2022 Executive Summary * * * ## Application Guides EMEA CoatingsDownload Asia-Pacific-CoatingsDownload * * *"
Tronox CR-828 alternative equivalent,GLOBAL,EN,2026-08-29,10,CHINACOAT - Tronox,https://www.tronox.com/chinacoat/,tronox.com,SERP-REV-GRADE-CR828-20260829,"CHINACOAT - Tronox (https://www.tronox.com/chinacoat/) citeturn35search4 [wordlim: 200] Crawled: last week; Below you will find Tronox collateral for you to download. ... * TiONA^{®} 828 – English Below you will find Tronox collateral for you to download. For more information, visit www.tronox.com. Application Guides * Asia Pacific Coatings Applications Guide – English * Asia Pacific Coatings Applications Guide – Chinese * * * Product Data Sheets English * TiONA^{® }595 – English * TiONA^{® }826 – English * TiONA^{®} 828 – English * TiONA^{®} 121 – English * TiONA^{® }880 – English * TiONA^{® }696 – English * TiONA^{® }828E – English * TiONA^{® }8140 – English * TiONA^{® }813 – English Chinese * TiONA^{® }595 – SC * TiONA^{® }826 – SC * TiONA^{®} 828 – SC * TiONA^{®} 121 – SC * TiONA^{® }880 – SC * TiONA^{® }696 – SC * TiONA^{® }828E – SC"
Venator Tioxide titanium dioxide alternative equivalent grades,GLOBAL,EN,2026-08-29,1,Venator's Hombitan® AFDC101 Pigment is the Lowest Nano Titanium Dioxide (TiO2) in the industry – Venator,https://www.venatorcorp.com/media/media-centre/2020/2020-12-03,venatorcorp.com,SERP-REV-BRAND-VENATOR-20260829,"Venator's Hombitan® AFDC101 Pigment is the Lowest Nano Titanium Dioxide (TiO2) in the industry – Venator (https://www.venatorcorp.com/media/media-centre/2020/2020-12-03) citeturn30search0 [wordlim: 200] Published: 5.7 years ago; Crawled: 2 days ago; Cosmetics, beauty and personal care product manufacturers looking to switch to titanium dioxide (TiO_{2}) grades that have a low nano content, should consider using HOMBITAN^{®} AFDC101 pigment, a super pure grade from Venator, which has a scientifically proven nano particle fraction of less than 10% by number* - the lowest nano threshold of an anatase pigment in the TiO_{2} industry. # Media Centre ## Venator's Hombitan^{®} AFDC101 Pigment is the Lowest Nano Titanium Dioxide (TiO_{2}) in the industry Cosmetics, beauty and personal care product manufacturers looking to switch to titanium dioxide (TiO_{2}) grades that have a low nano con"
Venator Tioxide titanium dioxide alternative equivalent grades,GLOBAL,EN,2026-08-29,2,"Titanium Dioxide (TiO₂) — Rutile & Anatase Pigment Grades for Coatings, Plastics, Paper, Inks, and Cosmetics | East Materials",https://www.eastmaterials.com/products/titanium-dioxide/,eastmaterials.com,SERP-REV-BRAND-VENATOR-20260829,"Titanium Dioxide (TiO₂) — Rutile & Anatase Pigment Grades for Coatings, Plastics, Paper, Inks, and Cosmetics | East Materials (https://www.eastmaterials.com/products/titanium-dioxide/) citeturn30search1 [wordlim: 200] Published: 3 months ago; Crawled: yesterday; # Titanium Dioxide (TiO₂) — Rutile & Anatase Pigment Grades for Coatings, Plastics, Paper, Inks, and Cosmetics ... Functionally equivalent to Chemours Ti-Pure, Tronox, Kronos, Venator Tioxide, and Cristal premium rutile and anatase grades. ... Chloride-process universal rutile for plastics & inks | Rutile | Chloride | ≥92% | 0.28–0.35 μm | 14–18 g/100g | Plastic masterbatch, packaging film, gravure inks | Chemours Ti-Pure plastic-grade, Tronox plastic-gradeSulphate-process rutile for general coatings | Rutile | Sulphate | ≥92% | 0.30–0.40 μm | 18–22 g/100g | Interior coatings, decorative paint, primer | Kronos su"
Venator Tioxide titanium dioxide alternative equivalent grades,GLOBAL,EN,2026-08-29,3,Introducing our new TMP- and TME-free range – Venator,https://www.venatorcorp.com/products-and-applications/case-studies/tmp-free,venatorcorp.com,SERP-REV-BRAND-VENATOR-20260829,"Introducing our new TMP- and TME-free range – Venator (https://www.venatorcorp.com/products-and-applications/case-studies/tmp-free) citeturn30search2 [wordlim: 200] Crawled: 5 months ago; ### TIOXIDE® TR81 Pigment ... Other grades may also be suitable, please contact your Venator sales representative for more information and product recommendations. # Introducing our new TMP- and TME-free range Delivering reliable performance with reduced environmental impact Gray ## Discover the advanced TMP- and TME-free TiO_{2} pigments, designed to meet your diverse coating needs: ### TIOXIDE® TR81 Pigment A very high durability pigment with excellent whiteness and gloss, suitable for demanding exterior architectural and industrial applications such as automotive, wood, coil, powder, protective and marine coatings ### TIOXIDE® TR85 Pigment An excellent pigment for rapid wetting and dispers"
Venator Tioxide titanium dioxide alternative equivalent grades,GLOBAL,EN,2026-08-29,4,Venator Launches TMP- and TME-free TIOXIDE® TR81pigment – the first in a new series of products – Venator,https://www.venatorcorp.com/media/media-centre/2025/21-03-2025,venatorcorp.com,SERP-REV-BRAND-VENATOR-20260829,"Venator Launches TMP- and TME-free TIOXIDE® TR81pigment – the first in a new series of products – Venator (https://www.venatorcorp.com/media/media-centre/2025/21-03-2025) citeturn30search3 [wordlim: 200] Published: 1.4 years ago; Crawled: 2 days ago; WYNYARD, UK – Venator, a leading supplier of specialty chemicals and ingredients, has introduced a TMP- and TME-free TIOXIDE® TR81 grade, the first in a series of reformulated titanium dioxide (TiO2) pigments. ... Venator is a global manufacturer and marketer of chemical products that comprise a broad range of pigments and additives that bring color and vibrancy to buildings, protect and extend product life, and reduce energy consumption. --------------------------------------------------------------------------------"
Venator Tioxide titanium dioxide alternative equivalent grades,GLOBAL,EN,2026-08-29,5,Venator Launches New TMP- and TME- free TIOXIDE® TR85 Pigment – Venator,https://www.venatorcorp.com/media/media-centre/2025/22-05-2025,venatorcorp.com,SERP-REV-BRAND-VENATOR-20260829,"Venator Launches New TMP- and TME- free TIOXIDE® TR85 Pigment – Venator (https://www.venatorcorp.com/media/media-centre/2025/22-05-2025) citeturn30search4 [wordlim: 200] Published: 1.3 years ago; Crawled: yesterday; WYNYARD, UK – Venator, a leading supplier of specialty chemicals and ingredients, has introduced TMP- and TME- free TIOXIDE^{®} TR85, part of a series of reformulated titanium dioxide (TiO2 ) pigments. ... Venator is a global manufacturer and marketer of chemical products that comprise a broad range of pigments and additives that bring color and vibrancy to buildings, protect and extend product life, and reduce energy consumption. --------------------------------------------------------------------------------"
Venator Tioxide titanium dioxide alternative equivalent grades,GLOBAL,EN,2026-08-29,6,TR-92 – Venator TiO₂ | TiO₂ Wiki,https://www.tio2.wiki/products/venator-tr-92,tio2.wiki,SERP-REV-BRAND-VENATOR-20260829,"TR-92 – Venator TiO₂ | TiO₂ Wiki (https://www.tio2.wiki/products/venator-tr-92) citeturn30search5 [wordlim: 200] Crawled: 4 weeks ago; Rutile Sulfate process Venator United Kingdom ... For assistance with grade selection, equivalent comparisons, or application-specific recommendations, submit a technical inquiry. ... An independent technical reference for titanium dioxide grades, manufacturers, and applications. --------------------------------------------------------------------------------"
Venator Tioxide titanium dioxide alternative equivalent grades,GLOBAL,EN,2026-08-29,7,FOR IMMEDIATE RELEASE,https://www.venatorcorp.com/~/media/Files/V/Venator/press-releases/21-03-2025-Venator-launches-new-TMP-free-Tioxide.pdf,venatorcorp.com,SERP-REV-BRAND-VENATOR-20260829,"FOR IMMEDIATE RELEASE (https://www.venatorcorp.com/~/media/Files/V/Venator/press-releases/21-03-2025-Venator-launches-new-TMP-free-Tioxide.pdf) citeturn30search12 [wordlim: 200] Published: 1.4 years ago; and TME-free TIOXIDE® TR81 grade, the first in a series of reformulated titanium dioxide (TiO2) pigments. ... Venator is a global manufacturer and marketer of chemical products that comprise a broad range of pigments --------------------------------------------------------------------------------"
Venator Tioxide titanium dioxide alternative equivalent grades,GLOBAL,EN,2026-08-29,8,Venator – TiO₂ Manufacturer Profile | TiO₂ Wiki,https://www.tio2.wiki/manufacturers/venator,tio2.wiki,SERP-REV-BRAND-VENATOR-20260829,Venator – TiO₂ Manufacturer Profile | TiO₂ Wiki (https://www.tio2.wiki/manufacturers/venator) citeturn30search6 [wordlim: 200] Crawled: last month; Venator produces TiO₂ using the sulfate process. ... 4 TiO₂ grades manufactured by Venator: ... ## Equivalent & Competing Grades --------------------------------------------------------------------------------
Venator Tioxide titanium dioxide alternative equivalent grades,GLOBAL,EN,2026-08-29,9,FOR IMMEDIATE RELEASE,https://www.venatorcorp.com/~/media/Files/V/Venator/press-releases/venator-launches-new-tmp-and-tme-free-tioxide-tr85-pigment-fv.pdf,venatorcorp.com,SERP-REV-BRAND-VENATOR-20260829,"FOR IMMEDIATE RELEASE (https://www.venatorcorp.com/~/media/Files/V/Venator/press-releases/venator-launches-new-tmp-and-tme-free-tioxide-tr85-pigment-fv.pdf) citeturn30search13 [wordlim: 200] Published: 4 months ago; This TIOXIDE® TR85 pigment is Venator’s second in a new series of TMP- and TME- free ... Venator is a global manufacturer and marketer of chemical products that comprise a broad range of ... customers through two segments: Titanium Dioxide, which consists of our TiO2 business, and --------------------------------------------------------------------------------"
Venator Tioxide titanium dioxide alternative equivalent grades,GLOBAL,EN,2026-08-29,10,"Comparisons — SEMITI vs Ti-Pure, Tronox, Kronos & More | TiO2 Agents",https://tio2agents.com/compare,tio2agents.com,SERP-REV-BRAND-VENATOR-20260829,"Comparisons — SEMITI vs Ti-Pure, Tronox, Kronos & More | TiO2 Agents (https://tio2agents.com/compare) citeturn30search7 [wordlim: 200] Crawled: last week; SEMITI 996 vs Ti-Pure R-902 SEMITI 996 is engineered as a 1:1 drop-in substitute for Ti-Pure R-902 in coatings, plastic masterbatch, and inks.Compare →SEMITI 706 vs Ti-Pure R-706 SEMITI 706 matches Ti-Pure R-706's premium durability for industrial and automotive coatings — at 35–40% lower landed cost.Compare →SEMITI 902 vs Ti-Pure R-902 SEMITI 902 is specifically engineered to drop into Ti-Pure R-902-qualified architectural paint formulations.Compare →SEMITI 706W vs Ti-Pure R-746 SEMITI 706W matches Ti-Pure R-746 as a hydrophilic-tuned rutile for waterborne architectural emulsion paints.Compare →SEMITI 960 vs Ti-Pure R-960 SEMITI 960 matches Ti-Pure R-960's amine-compatible HALS-friendly surface treatment for engineering plastics ma"
