query,market,language,search_date,rank,page_title,url,domain,source_id,raw_excerpt
fornecedor de dióxido de titânio Brasil,BRAZIL,PT-BR,2026-08-29,1,Dióxido de Titânio | Fornecedor e Distribuidor | OXQuim,https://www.oxquim.com.br/produtos/dioxido-de-titanio/,oxquim.com.br,SERP-BRAZIL-PTBR-TIO2-SUPPLIER-20260829,"Dióxido de Titânio | Fornecedor e Distribuidor | OXQuim (https://www.oxquim.com.br/produtos/dioxido-de-titanio/) citeturn7search0 [wordlim: 200] Crawled: 4 days ago; Ingrediente técnico selecionado para compor formulações industriais e comerciais, com suporte da equipe OXQuim na definição do grau e do melhor enquadramento de uso. ... Onde comprar Dióxido de Titânio no Brasil? Ingrediente de Base e Composição # Dióxido de Titânio A OXQuim distribui Dióxido de Titânio para indústrias de Nutrição Animal, Nutrição Humana, Papel e Celulose, Personal Care, Plástico, Textil e Tintas e Vernizes, com atendimento técnico-comercial, logística própria e cotação sob demanda. Nutrição Animal Nutrição Humana Papel e Celulose Personal Care Plástico Textil Tintas e Vernizes Cotar no WhatsApp Solicitar cotação ## Resumo técnico Categoria funcional Ingrediente de Base e Composição Apresentaç"
fornecedor de dióxido de titânio Brasil,BRAZIL,PT-BR,2026-08-29,2,Intercroma | produtos químicos,https://www.intercroma.com/,intercroma.com,SERP-BRAZIL-PTBR-TIO2-SUPPLIER-20260829,"Intercroma | produtos químicos (https://www.intercroma.com/) citeturn7search1 [wordlim: 200] Crawled: yesterday; A Intercroma está entre os principais distribuidores de Dióxido de Titânio do Brasil há 10 anos consecutivos, segundo o Prêmio Paint & Pintura. Image: intercroma-especialidades quimicas-monomeros-tintas-industria-distribuicao produtos quimic Alta performance começa com escolha certa. Acesse nosso catálogo Image: Distribuição especializada de dióxido de titânio, oferecendo soluções de ponta para indústrias de tintas e revestimentos ## DISTRIBUIÇÃO ## QUÍMICOS A Intercroma distribui os melhores insumos químicos do mercado global para impulsionar a performance, garantir qualidade superior e aumentar a rentabilidade das suas formulações industriais. Conte com soluções especializadas e um suporte técnico diferenciado para elevar os resultados da sua empresa. Image: diox"
fornecedor de dióxido de titânio Brasil,BRAZIL,PT-BR,2026-08-29,3,Fornecedores de Dióxido de Titânio - ForneceB2B,https://www.forneceb2b.com.br/dioxido-de-titanio,forneceb2b.com.br,SERP-BRAZIL-PTBR-TIO2-SUPPLIER-20260829,"Fornecedores de Dióxido de Titânio - ForneceB2B (https://www.forneceb2b.com.br/dioxido-de-titanio) citeturn7search2 [wordlim: 200] Published: last month; Crawled: 4 days ago; Tpp do Brasil - Produtos Químicos e Petroquímicos ... O manuseio do dióxido de titânio requer a utilização de equipamentos de proteção individual, como máscaras e luvas, para evitar a inalação do pó e o contato direto com a pele. Início Categorias Dióxido de Titânio # Encontramos 7 fornecedores de Dióxido de Titânio Acert Comercial - Químicos e Meio Ambiente Fornece: Ácido Bórico, Formol, Ácido Oxálico, Dióxido de Titânio e mais outras 6 categorias São Bernardo do Campo - SP Mais informações Tpp do Brasil - Produtos Químicos e Petroquímicos Fornece: Cera de Polietileno, Cera Bisteramida, Ácido Esteárico Animal, Ácido Esteárico Vegetal e mais outras 13 categorias Cotia - SP Desde 2023 11-50 funcionários"
fornecedor de dióxido de titânio Brasil,BRAZIL,PT-BR,2026-08-29,4,Dióxido de Titânio - Sulfibra,https://sulfibra.com.br/produtos/dioxido-de-titanio/,sulfibra.com.br,SERP-BRAZIL-PTBR-TIO2-SUPPLIER-20260829,"Dióxido de Titânio - Sulfibra (https://sulfibra.com.br/produtos/dioxido-de-titanio/) citeturn7search3 [wordlim: 200] Crawled: last week; O Dióxido de Titânio é um pigmento branco, sendo um dos materiais mais versáteis do mundo. ... Brasil Image NEW FIBRAS – GO * Rua Rio Verde, 1787 - Qd. 1, Lt. 17 - Vila Abajá, Goiânia - GO, 74550-420 estado GO cidade GOIÂNIA País Brasil VER REPRESENTANTE NEW FIBRAS – GO VER DISTRIBUIDOR Image SC Compósitos – SC * BR 101 km 217, no 1700 Centro • Palhoça/SC estado SC cidade PALHOÇA País Brasil VER REPRESENTANTE SC Compósitos – SC VER DISTRIBUIDOR Image SC Compósitos – MG * Rua Bernarda Silvestre, 108 - São Sebastião, Contagem - MG, 32115-010 estado MG cidade Contagem País Brasil VER REPRESENTANTE SC Compósitos – MG VER DISTRIBUIDOR Image TITANS QUIMICA – PR * Rodovia BR-101, nº 1700 - Passa Vinte, Palhoça"
fornecedor de dióxido de titânio Brasil,BRAZIL,PT-BR,2026-08-29,5,Página Inicial - Dixem Distribuidora,https://www.dixem.com.br/,dixem.com.br,SERP-BRAZIL-PTBR-TIO2-SUPPLIER-20260829,Página Inicial - Dixem Distribuidora (https://www.dixem.com.br/) citeturn7search4 [wordlim: 200] Crawled: 2 weeks ago; Fazemos negócios para o Brasil e América Latina. ... ###### Dióxido de Titânio ... Image: Imagem do WhatsApp de 2025-03-14 à(s) 13.44.05_66cc9d1b 1 ## Temos a solução química ideal para a sua empresa! ### A Dixem fornece a matéria-prima ideal para o seu produto. Fazemos negócios para o Brasil e América Latina. #### Conheça nossas soluções ###### Aditivos ### Conheça a nossa linha de aditivos de alto padrão. ### Clique aqui Get Started ###### Resinas ### Conheça nossas resinas de alta qualidade. ### Clique aqui Get Started ###### Dióxido de Titânio ### Conheça os nossos grupos de TIO2. ### Clique aqui Get Started ###### Pigmentos ### Conheça a nossa lista de pigmentos. ### Clique aqui Get Started ###### Corantes ### Conheça a nossa lista de corante
fornecedor de dióxido de titânio Brasil,BRAZIL,PT-BR,2026-08-29,6,:: INDUCOLOR ::,https://inducolor.com.br/partners,inducolor.com.br,SERP-BRAZIL-PTBR-TIO2-SUPPLIER-20260829,":: INDUCOLOR :: (https://inducolor.com.br/partners) citeturn7search5 [wordlim: 200] Crawled: 5 days ago; Produtos: Dióxido de Titânio Rútilo SR 2377. ... Área Industrial II - Cocal do Sul/SC - Brasil # Nossas representações/distribuições ## Somos altamente criteriosos na seleção de fornecedores que garantam o padrão de qualidade e repetibilidade Inducolor. Assim, geramos previsibilidade e segurança por meio de uma entrega ágil e pautada na pronta disponibilidade em estoque. ### Representação * Image # DOGUIDE Group ## Área de Atuação: Todo território nacional. Produtos: Dióxido de Titânio Rútilo SR 2377. * Image # Fortal Química ## Área de Atuação: Todo o estado de Santa Catarina. Produtos: HPMC (hidroxipropilmetilcelulose), indicado para indústrias de argamassas e rejuntes. * Image # DENVER Especialidades ## Área de Atuação: Sul e Oeste de SC. Produtos: CMC (c"
fornecedor de dióxido de titânio Brasil,BRAZIL,PT-BR,2026-08-29,7,Home - Petra Tecnica Importadora de Barita,https://petratecnica.com/,petratecnica.com,SERP-BRAZIL-PTBR-TIO2-SUPPLIER-20260829,"Home - Petra Tecnica Importadora de Barita (https://petratecnica.com/) citeturn7search6 [wordlim: 200] Crawled: last week; Image: importadora-distribuidora-de-produtos-quimicos-barita-caulim-calcinado-mica-talco-quartzo-no-brasil29 ... Dióxido de titânio | sulfato de bário precipitado | pigmentos ... Amplamente utilizado nas indústrias de tintas, plásticos, fios e cabos elétricos, massa para polir, auxiliares do couro e também pode ser empregado como extender substituto parcial do TiO2 em formulações. Petra Tecnica Importadora de Barita * +55 11 99196-1759 ## petra * Home * Sobre nós * Produtos * Política da Qualidade * Contato Image: importadora-distribuidora-de-produtos-quimicos-barita-caulim-calcinado-mica-talco-quartzo-no-brasil29 ## petra # Importadora e Distribuidora de Barita | Caulim | Quartzo | Mica Muscovita | Talco | Especialidades Químicas ## MAIS DE 30"
fornecedor de dióxido de titânio Brasil,BRAZIL,PT-BR,2026-08-29,8,Dióxido de Titânio - Assunção DistribuidoraAssunção Distribuidora,https://assuncaodistribuidora.com.br/produtos/dioxido-de-titanio-3/,assuncaodistribuidora.com.br,SERP-BRAZIL-PTBR-TIO2-SUPPLIER-20260829,"Dióxido de Titânio - Assunção DistribuidoraAssunção Distribuidora (https://assuncaodistribuidora.com.br/produtos/dioxido-de-titanio-3/) citeturn7search7 [wordlim: 200] Crawled: 5 months ago; A Assunção Distribuidora Ltda atua na distribuição de matérias-prima e insumos industriais nas regiões Nordeste e Norte do Brasil.# Dióxido de Titânio # Assunção Distribuidora * Home * Empresa A Assunção Distribuidora Ltda atua na distribuição de matérias-prima e insumos industriais nas regiões Nordeste e Norte do Brasil. # Dióxido de Titânio ##### Image Nome Comercial: Tioxide Sinônimo: Dióxido de Titânio Rutilo ## véu Nexus ## véu de vidro ## tecido de fibra de vidro 600 e 800 g/m², ## talco ## roving de telha ## roving de filamento ## resina poliéster tereftálica ### ISO 9001: 2015 A International Organization for Standardization é um conjunto de normas técnicas que estabe"
fornecedor de dióxido de titânio Brasil,BRAZIL,PT-BR,2026-08-29,9,Arquivos Dióxido de Titânio - Aromat | Distribuidora de Produtos Químicos,https://aromat.com.br/produto_categoria/dioxido-de-titanio/,aromat.com.br,SERP-BRAZIL-PTBR-TIO2-SUPPLIER-20260829,"Arquivos Dióxido de Titânio - Aromat | Distribuidora de Produtos Químicos (https://aromat.com.br/produto_categoria/dioxido-de-titanio/) citeturn7search8 [wordlim: 200] Crawled: 9 months ago; * [Input: Digite o nome do Produto] ... ## Dióxido de Titânio * [Input: Digite o nome do Produto] * [Select] * [Select] * [Input] ## Dióxido de Titânio ## Dióxido de Titânio Tiona 592® ## Categoria: ## Dióxido de Titânio, Dióxido de Titânio, Pigmentos ## Segmento(s): ## Borracha, Plásticos, Tintas, Tintas Automotivas, Tintas de Impressão, Tintas Decorativas, Tintas Industriais Solicitar orçamento ## Dióxido de Titânio Tiona 242® ## Categoria: ## Dióxido de Titânio, Dióxido de Titânio ## Segmento(s): ## Borracha, Plásticos Solicitar orçamento ## SODASIL® P 95 ## Categoria: ## Dióxido de Titânio, Extender de Titânio ## Segmento(s): ## Plásticos, Tintas, Tintas Automotiva"
fornecedor de dióxido de titânio Brasil,BRAZIL,PT-BR,2026-08-29,10,"Comprar Dióxido de Titânio: fornecedor, atacadista, distribuidor | Brenntag",https://www.brenntag.com/pt-br/produtos/dioxido-de-titanio.html,brenntag.com,SERP-BRAZIL-PTBR-TIO2-SUPPLIER-20260829,"Comprar Dióxido de Titânio: fornecedor, atacadista, distribuidor | Brenntag (https://www.brenntag.com/pt-br/produtos/dioxido-de-titanio.html) citeturn7search9 [wordlim: 200] Crawled: last month; As áreas de aplicação mais importantes são tintas e vernizes, bem como papel e plásticos, responsáveis pela maior parte do consumo mundial de dióxido de titânio. # Dióxido de Titânio As áreas de aplicação mais importantes são tintas e vernizes, bem como papel e plásticos, responsáveis pela maior parte do consumo mundial de dióxido de titânio. Também é usado em pigmentos como tintas de impressão, fibras, borracha, produtos cosméticos e alimentos. Sinónimos Titania, TiO2, Anatase Fórmula química TiO2 Número CAS 13463-67-7 ## Características Peso molar 79.866 g/mol Ponto de fusão 1855 °C Ponto de ebulição 2500-3000 °C Densidade 3.7 to 4.2 g/cc Formulários"
titanium dioxide anti dumping Europe EU,EU,EN,2026-08-29,1,Implementing regulation - EU - 2024/1617 - EN - EUR-Lex,https://eur-lex.europa.eu/legal-content/EN/TXT/?uri=CELEX%3A32024R1617,eur-lex.europa.eu,SERP-EU-TIO2-ANTIDUMPING-20260829,"Implementing regulation - EU - 2024/1617 - EN - EUR-Lex (https://eur-lex.europa.eu/legal-content/EN/TXT/?uri=CELEX%3A32024R1617) citeturn10search0 [wordlim: 200] Published: 2.2 years ago; Crawled: yesterday; (1) | On 13 November 2023, the European Commission (‘the Commission’) announced, by a notice published in the Official Journal of the European Union (‘the notice of initiation’), the initiation of an anti-dumping proceeding (‘the anti-dumping proceeding’) with regard to imports into the Union of titanium dioxide (‘TiO 2’), originating in the People’s Republic of China (‘the PRC’), following a complaint lodged on 29 September 2023 by the European Titanium Dioxide Ad Hoc Coalition (‘ETDC’ or ‘the complainant’) on behalf of producers representing more than 25 % of the total Union production of TiO 2. ... The customs authorities are hereby directed, under Article 14(5) of Regulation"
titanium dioxide anti dumping Europe EU,EU,EN,2026-08-29,2,Notice of reopening the anti-dumping investigation concerning imports of titanium dioxide originating in the People’s Republic of China,https://eur-lex.europa.eu/legal-content/EN/TXT/PDF/?uri=CELEX%3A52026XC04533,eur-lex.europa.eu,SERP-EU-TIO2-ANTIDUMPING-20260829,"Notice of reopening the anti-dumping investigation concerning imports of titanium dioxide originating in the People’s Republic of China (https://eur-lex.europa.eu/legal-content/EN/TXT/PDF/?uri=CELEX%3A52026XC04533) citeturn10search12 [wordlim: 200] Published: last week; Crawled: last week; That request is to investigate whether the anti-dumping measures imposed by Commission Implementing Regulation (EU) 2025/4 (2) on imports of Titanium dioxide originating in the People’s Republic of China (‘the country concerned’), have had an effect on export prices, resale prices or subsequent selling prices in the Union. ... (2) Commission Implementing Regulation (EU) 2025/4 of 17 December 2024 imposing a definitive anti-dumping duty and definitively collecting the provisional duty imposed on imports of titanium dioxide originating in the People’s Republic of China (‘Definitive Regulation’) (OJ L,"
titanium dioxide anti dumping Europe EU,EU,EN,2026-08-29,3,Implementing regulation - EU - 2025/4 - EN - EUR-Lex,https://eur-lex.europa.eu/eli/reg_impl/2025/4/oj,eur-lex.europa.eu,SERP-EU-TIO2-ANTIDUMPING-20260829,"Implementing regulation - EU - 2025/4 - EN - EUR-Lex (https://eur-lex.europa.eu/eli/reg_impl/2025/4/oj) citeturn10search1 [wordlim: 200] Published: 1.6 years ago; Crawled: 2 months ago; (12) | On 11 July 2024, the Commission imposed provisional anti-dumping duties on imports of TiO 2 originating in China by Commission Implementing Regulation (EU) 2024/1923 (5) (‘the provisional Regulation’). ... Furthermore, CEPE, a European level association of paints, printing inks and artists’ colours producers in Europe claimed that the members it represents employ up to 150 000 people, with most of them being SMEs. ... A definitive anti-dumping duty is imposed on imports of titanium dioxide, having the chemical formula TiO 2, in all forms, as titanium oxides or in pigments and preparations based on titanium dioxide, containing a minimum of 80 % by weight of titanium dioxide calculated on the dry"
titanium dioxide anti dumping Europe EU,EU,EN,2026-08-29,4,Implementing regulation - EU - 2024/1923 - EL - EUR-Lex,https://eur-lex.europa.eu/legal-content/EN/TXT/?uri=CELEX%3A32024R1923,eur-lex.europa.eu,SERP-EU-TIO2-ANTIDUMPING-20260829,"Implementing regulation - EU - 2024/1923 - EL - EUR-Lex (https://eur-lex.europa.eu/legal-content/EN/TXT/?uri=CELEX%3A32024R1923) citeturn10search2 [wordlim: 200] Published: 2.1 years ago; Crawled: last month; Commission Implementing Regulation (EU) 2024/1923 of 10 July 2024 imposing a provisional anti-dumping duty on imports of titanium dioxide originating in the People’s Republic of ChinaCommission Implementing Regulation (EU) 2024/1923 of 10 July 2024 imposing a provisional anti-dumping duty on imports of titanium dioxide originating in the People’s Republic of China ... (389) | None of this invalidates the fact however, that (i) as opposed to other third countries, imports from China were increasing in volume throughout the period considered (with a temporary slowdown due to exceptional circumstances in 2021, (ii) Chinese imports were coming into Europe at dumped prices, (iii) in"
titanium dioxide anti dumping Europe EU,EU,EN,2026-08-29,5,EUR-Lex - 52026XC04533 - EN - EUR-Lex,https://eur-lex.europa.eu/legal-content/EN/TXT/?qid=1785006480178&uri=CELEX%3A52026XC04533,eur-lex.europa.eu,SERP-EU-TIO2-ANTIDUMPING-20260829,"EUR-Lex - 52026XC04533 - EN - EUR-Lex (https://eur-lex.europa.eu/legal-content/EN/TXT/?qid=1785006480178&uri=CELEX%3A52026XC04533) citeturn10search3 [wordlim: 200] Published: 4 days ago; Crawled: today; That request is to investigate whether the anti-dumping measures imposed by Commission Implementing Regulation (EU) 2025/4 (2) on imports of Titanium dioxide originating in the People’s Republic of China (‘the country concerned’), have had an effect on export prices, resale prices or subsequent selling prices in the Union. ... (2) Commission Implementing Regulation (EU) 2025/4 of 17 December 2024 imposing a definitive anti-dumping duty and definitively collecting the provisional duty imposed on imports of titanium dioxide originating in the People’s Republic of China (‘Definitive Regulation’) (OJ L, 2025/4, 9.1.2025, ELI: http://data.europa.eu/eli/reg_impl/2025/4/oj). Language 3 [Sel"
titanium dioxide anti dumping Europe EU,EU,EN,2026-08-29,6,EU acts to counter dumping of titanium dioxide from China,https://policy.trade.ec.europa.eu/news/eu-acts-counter-dumping-titanium-dioxide-china-2025-01-09_en?prefLang=cs,policy.trade.ec.europa.eu,SERP-EU-TIO2-ANTIDUMPING-20260829,"EU acts to counter dumping of titanium dioxide from China (https://policy.trade.ec.europa.eu/news/eu-acts-counter-dumping-titanium-dioxide-china-2025-01-09_en?prefLang=cs) citeturn10search4 [wordlim: 200] Published: 1.6 years ago; Crawled: 4 weeks ago; The measures follow an anti-dumping investigation which showed that imports of titanium dioxide from China had been dumped on the EU market and were causing damage to the EU industry, which employs almost 5,000 people across the Union. ... EU Trade Defence Policy # EU acts to counter dumping of titanium dioxide from China Today, the European Commission imposed definitive anti-dumping duties on titanium dioxide (TiO2) from China. * News article * 9 January 2025 * Brussels * Directorate-General for Trade and Economic Security * 1 min read The measures follow an anti-dumping investigation which showed that imports of titaniu"
titanium dioxide anti dumping Europe EU,EU,EN,2026-08-29,7,Implementing regulation - EU - 2024/1923 - EN - EUR-Lex,https://eur-lex.europa.eu/legal-content/EN/TXT/?qid=1783977845882&uri=CELEX%3A32024R1923,eur-lex.europa.eu,SERP-EU-TIO2-ANTIDUMPING-20260829,"Implementing regulation - EU - 2024/1923 - EN - EUR-Lex (https://eur-lex.europa.eu/legal-content/EN/TXT/?qid=1783977845882&uri=CELEX%3A32024R1923) citeturn10search5 [wordlim: 200] Published: 2.1 years ago; Crawled: last month; Commission Implementing Regulation (EU) 2024/1923 of 10 July 2024 imposing a provisional anti-dumping duty on imports of titanium dioxide originating in the People’s Republic of China ... A provisional anti-dumping duty is imposed on imports of titanium dioxide, having the chemical formula TiO 2, in all forms, as titanium oxides or in pigments and preparations based on titanium dioxide, containing a minimum of 80 % by weight of titanium dioxide calculated on the dry matter, having all types of particle sizes, classified under the Chemical Abstracts Service Registry Number (CAS RN) 12065-65-5 and 13463-67-7, currently falling under CN codes ex 2823 00 00 and 3206"
titanium dioxide anti dumping Europe EU,EU,EN,2026-08-29,8,Anti-dumping measures,https://policy.trade.ec.europa.eu/enforcement-and-protection/trade-defence/anti-dumping-measures_en,policy.trade.ec.europa.eu,SERP-EU-TIO2-ANTIDUMPING-20260829,Anti-dumping measures (https://policy.trade.ec.europa.eu/enforcement-and-protection/trade-defence/anti-dumping-measures_en) citeturn10search6 [wordlim: 200] Crawled: yesterday; An anti-dumping investigation can be initiated in response to a complaint lodged by European manufacturers affected by dumped imports or at the request of an EU country. ... * Annual Reports on EU trade defence actions --------------------------------------------------------------------------------
titanium dioxide anti dumping Europe EU,EU,EN,2026-08-29,9,Règlement d’exécution - UE - 2024/1923 - EN - EUR-Lex,https://eur-lex.europa.eu/legal-content/FR/ALL/?uri=CELEX%3A32024R1923,eur-lex.europa.eu,SERP-EU-TIO2-ANTIDUMPING-20260829,Règlement d’exécution - UE - 2024/1923 - EN - EUR-Lex (https://eur-lex.europa.eu/legal-content/FR/ALL/?uri=CELEX%3A32024R1923) citeturn10search7 [wordlim: 200] Published: 2.1 years ago; Crawled: today; Commission Implementing Regulation (EU) 2024/1923 of 10 July 2024 imposing a provisional anti-dumping duty on imports of titanium dioxide originating in the People’s Republic of China --------------------------------------------------------------------------------
titanium dioxide anti dumping Europe EU,EU,EN,2026-08-29,10,Parliamentary question | Adverse consequences of imposing import duties on titanium dioxide | E-002612/2024 | European Parliament,https://www.europarl.europa.eu/doceo/document/E-10-2024-002612_EN.html,europarl.europa.eu,SERP-EU-TIO2-ANTIDUMPING-20260829,"Parliamentary question | Adverse consequences of imposing import duties on titanium dioxide | E-002612/2024 | European Parliament (https://www.europarl.europa.eu/doceo/document/E-10-2024-002612_EN.html) citeturn10search8 [wordlim: 200] Published: 1.8 years ago; Crawled: 4 months ago; On 10 July 2024, the European Commission adopted Implementing Regulation (EU) 2024/1923 imposing a provisional anti-dumping duty ranging between 14.4 % and 39.7 % on imports of titanium dioxide from China.While the regulation protects the domestic production of raw materials from unfair trade practices and stabilises the market, it passes on the problem to businesses further down the supply chain and to the producers of finished products. --------------------------------------------------------------------------------"
titanium dioxide supplier Europe,EU,EN,2026-08-29,1,Titanium Dioxide – B2B Companies & Suppliers | Europages,https://www.europages.co.uk/companies/titanium-dioxide.html,europages.co.uk,SERP-EU-TIO2-SUPPLIER-20260829,"Titanium Dioxide – B2B Companies & Suppliers | Europages (https://www.europages.co.uk/companies/titanium-dioxide.html) citeturn4search0 [wordlim: 200] Crawled: last week; KG is a supplier of white fillers, industrial minerals, and pigments for numerous industries across Europe. ... Titanium Dioxide (TiO2) Odorless White Solid Mineral Oxide 79.866 G/mol Molar Mass Used Paints Ceramics Food Coloring ... B2B European supplier of Titanium Dioxide - White Pigment Powder * 106 Products and services * 241 Suppliers Filters Relevance ALPHA CALCIT FÜLLSTOFF GMBH & CO. KG Germany, Köln Image Image: Founded 1919 Image: Employees 100-199 Image: Delivery Delivery: Europe Image: Certificates Certificates: 3 ImageManufacturer/Producer ImageDistributor ...Alpha Calcit Füllstoffgesellschaft mbH & Co. KG is a supplier of white fillers, industrial minerals, and pigments for numerou"
titanium dioxide supplier Europe,EU,EN,2026-08-29,2,Titanium Dioxide Manufacturer/Producer | B2B companies and suppliers | europages,https://www.europages.co.uk/companies/manufacturer%20producer/titanium-dioxide.html,europages.co.uk,SERP-EU-TIO2-SUPPLIER-20260829,"Titanium Dioxide Manufacturer/Producer | B2B companies and suppliers | europages (https://www.europages.co.uk/companies/manufacturer%20producer/titanium-dioxide.html) citeturn4search1 [wordlim: 200] Crawled: last week; KG is a supplier of white fillers, industrial minerals, and pigments for numerous industries across Europe. ... Titanium Oxide Rutile Pigment CR-350 (Chloride) – Plastics - Titanium DioxideRutile Titanium Dioxide Sulfate R-248- Plastic Industry - Titanium Dioxide * 106 Products and services * 152 Suppliers Filters 1 Relevance ALPHA CALCIT FÜLLSTOFF GMBH & CO. KG Germany, Köln Image Image: Founded 1919 Image: Employees 100-199 Image: Delivery Delivery: Europe Image: Certificates Certificates: 3 ImageManufacturer/Producer ImageDistributor ...Alpha Calcit Füllstoffgesellschaft mbH & Co. KG is a supplier of white fillers, industrial minerals, and pigme"
titanium dioxide supplier Europe,EU,EN,2026-08-29,3,Titanium Dioxide - SoleChem,https://www.solechem.eu/titanium-dioxide/,solechem.eu,SERP-EU-TIO2-SUPPLIER-20260829,"Titanium Dioxide - SoleChem (https://www.solechem.eu/titanium-dioxide/) citeturn4search2 [wordlim: 200] Crawled: 5 months ago; #### Titanium Dioxide (CAS Number: 13463-67-79) Supply in EuropeWelcome to SoleChem Chemicals, your trusted Titanium Dioxide supplier in Europe. info@solechem.eu +39 (02) 3055 6150 ### Product Information ##### CAS Number: 13463-67-7 ##### EC Number: 236-675-5 ##### Formula: TiO_{2} ##### HS Code: 28230010 ##### info@solechem.eu Need this chemical? Send us an email ##### +39 02 3055 6150 Need this chemical? Call Us # Titanium Dioxide #### Titanium Dioxide (CAS Number: 13463-67-79) Supply in Europe Welcome to SoleChem Chemicals, your trusted Titanium Dioxide supplier in Europe. We take immense pride in offering high-quality Titanium Dioxide to meet the diverse needs of industries across the continent. With a commitment to excellence and a str"
titanium dioxide supplier Europe,EU,EN,2026-08-29,4,Titanium Dioxide Powder Suppliers | Wide Selection of Trusted Manufacturers | europages,https://www.europages.co.uk/en/showroom/titanium-dioxide-powder,europages.co.uk,SERP-EU-TIO2-SUPPLIER-20260829,"Titanium Dioxide Powder Suppliers | Wide Selection of Trusted Manufacturers | europages (https://www.europages.co.uk/en/showroom/titanium-dioxide-powder) citeturn4search3 [wordlim: 200] Crawled: last week; Titanium Dioxide EU manufacturer supplier worldwide UV resistant, ideal for outdoor coatings High opacity, perfect for paints and plastics Non-toxic, safe for cosmetics and food use ... Titanium Dioxide, Chemical Raw Material from European Supplier B2B Consistent quality for industrial use Versatile applications in chemical synthesis Compliance with ISO REACH standards * undefined Supplier | undefined Suppliers * 70 Products and services Filters Relevance B2B European supplier of Titanium Dioxide - White Pigment PowderUV blocker in sunscreen Photocatalyst for self-cleaning White pigment for paints KON BEVERAGES AB Minimum order: 3000 kg Contact supplier Titanium Dioxide"
titanium dioxide supplier Europe,EU,EN,2026-08-29,5,Titanium Dioxide Wholesaler | B2B companies and suppliers | europages,https://www.europages.co.uk/companies/wholesaler/titanium-dioxide.html,europages.co.uk,SERP-EU-TIO2-SUPPLIER-20260829,"Titanium Dioxide Wholesaler | B2B companies and suppliers | europages (https://www.europages.co.uk/companies/wholesaler/titanium-dioxide.html) citeturn4search4 [wordlim: 200] Crawled: last week; The online shop of Polyment GmbH sells raw materials such as titanium dioxide, pigments (neon pigments), iron oxide, and carbon black to end consumers. ... Delivery: Europe ... Titanium Dioxide – High-Quality Chemical Raw Material from European Supplier CAS number: 13463-67-7 EC Number: 236-675-5 Chemical formula: TiO2 ADR: ... * 106 Products and services * 70 Suppliers Filters 1 Relevance JADAM Portugal, Lisbon Image Image Image: Founded 1989 Image: Employees 5-9 Image: Delivery Delivery: Worldwide ImageService provider ImageDistributor ImageWholesaler ...Titanium dioxide, (TiO2), also known as titanium(IV) oxide or titania is a white, opaque, naturally occurring mineral"
titanium dioxide supplier Europe,EU,EN,2026-08-29,6,Titanium Dioxide Distributor | B2B companies and suppliers | europages,https://www.europages.co.uk/companies/distributor/titanium-dioxide.html,europages.co.uk,SERP-EU-TIO2-SUPPLIER-20260829,"Titanium Dioxide Distributor | B2B companies and suppliers | europages (https://www.europages.co.uk/companies/distributor/titanium-dioxide.html) citeturn4search5 [wordlim: 200] Crawled: last week; KG is a supplier of white fillers, industrial minerals, and pigments for numerous industries across Europe. ... Titanium Dioxide is an inorganic chemical compound made up of two oxygen atoms and one titanium atom. ... Drilling Industry Chemicals – High-Performance Additives for Oil, Gas & Geotechnical Fluid Systems ... Titanium Oxide EU manufacturer supplier worldwide ... Titanium Dioxide – High-Quality Chemical Raw Material from European Supplier CAS number: 13463-67-7 EC Number: 236-675-5 Chemical formula: TiO2 ADR: ... Filters 1 Relevance ALPHA CALCIT FÜLLSTOFF GMBH & CO. KG Germany, Köln Image Image: Founded 1919 Image: Employees 100-199 Image: Delivery Delivery: Europe Image"
titanium dioxide supplier Europe,EU,EN,2026-08-29,7,Titanium Dioxide Supplier | KRONOS High-Performance TiO₂,https://www.kronosww.com/titanium-dioxide-supplier/,kronosww.com,SERP-EU-TIO2-SUPPLIER-20260829,"Titanium Dioxide Supplier | KRONOS High-Performance TiO₂ (https://www.kronosww.com/titanium-dioxide-supplier/) citeturn4search6 [wordlim: 200] Crawled: yesterday; Who is the largest TiO₂ supplier in Europe? ... KRONOS is headquartered in Dallas, Texas, USA, and operates multiple titanium dioxide production sites across Europe and North America, including facilities in Leverkusen (Germany), Nordenham (Germany), Fredrikstad (Norway), Hauge i Dalane (Ilmenite Mine, Norway), Langerbrugge/Gent (Belgium), Lake Charles, Louisiana (USA), and Varennes, Quebec (Canada). Which industries do you serve with titanium dioxide? Coatings, plastics, paper, inks, pharmaceuticals, cosmetics, and many specialized applications. What makes KRONOS TiO₂ pigments stand out? What makes KRONOS TiO₂ pigments stand out? Exceptional opacity, whiteness, dispersibility, stability, and weathering resistance – dep"
titanium dioxide supplier Europe,EU,EN,2026-08-29,8,Titanium Dioxide Supplier from Germany | Tinox Chemie GmbH,https://tinoxchem.com/,tinoxchem.com,SERP-EU-TIO2-SUPPLIER-20260829,"Titanium Dioxide Supplier from Germany | Tinox Chemie GmbH (https://tinoxchem.com/) citeturn4search7 [wordlim: 200] Crawled: today; Tinox Chemie GmbH supplies high-performance titanium dioxide and specialty pigments to manufacturers in 60+ countries - with full TDS documentation and technical support. ... Plus BaSO4, iron oxide pigments and glass beads. ... sseldorf since 2012, we combine deep technical expertise with a reliable supply chain spanning China and Europe - delivering consistent quality to manufacturers in 60+ countries. Est. 2012 · Düsseldorf, Germany # Your TiO₂ specialist from Düsseldorf Tinox Chemie GmbH supplies high-performance titanium dioxide and specialty pigments to manufacturers in 60+ countries - with full TDS documentation and technical support. Explore productsDownload TDS →Market report → 20+ Years Specializing in TiO2 60+ Countries Active customer"
titanium dioxide supplier Europe,EU,EN,2026-08-29,9,titanium dioxide rutile Distributor | B2B companies and suppliers | europages,https://www.europages.co.uk/companies/distributor/titanium-dioxide-rutile.html,europages.co.uk,SERP-EU-TIO2-SUPPLIER-20260829,"titanium dioxide rutile Distributor | B2B companies and suppliers | europages (https://www.europages.co.uk/companies/distributor/titanium-dioxide-rutile.html) citeturn4search8 [wordlim: 200] Crawled: last month; KG is a supplier of white fillers, industrial minerals, and pigments for numerous industries across Europe. ... Rutile Titanium Dioxide (TiO₂) White Pigment - The ALPHAWHITE® Product Series ... Rutile Titanium Dioxide Sulfate R-248- Plastic Industry * 62 Products and services * 22 Suppliers Filters 1 Relevance ALPHA CALCIT FÜLLSTOFF GMBH & CO. KG Germany, Köln Image Image: Founded 1919 Image: Employees 100-199 Image: Delivery Delivery: Europe Image: Certificates Certificates: 3 ImageManufacturer/Producer ImageDistributor Alpha Calcit Füllstoffgesellschaft mbH & Co. KG is a supplier of white fillers, industrial minerals, and pigments for numerous industrie"
titanium dioxide supplier Europe,EU,EN,2026-08-29,10,Home - TDMA,https://www.tdma.info/,tdma.info,SERP-EU-TIO2-SUPPLIER-20260829,Home - TDMA (https://www.tdma.info/) citeturn4search9 [wordlim: 200] Crawled: today; The Titanium Dioxide Manufacturers Association (TDMA) represents the major European producers of titanium dioxide (TiO_{2}) and has been their voice since 1974. Titanium Dioxide Manufacturers Association Unlocking innovative technologies Read more Titanium Dioxide Manufacturers Association Titanium dioxide for durable building materials Read more Titanium Dioxide Manufacturers Association Titanium dioxide - enhancing the energy efficiency of buildings Read more Titanium Dioxide Manufacturers Association Increasing the mileage of car paint Read more Titanium Dioxide Manufacturers Association Titanium dioxide making colours more vibrant Read more keyboard_arrow_left keyboard_arrow_right ## About the TDMA The Titanium Dioxide Manufacturers Association (TDMA) represents the major European producers of
malaysia titanium dioxide supplier manufacturer,GLOBAL,EN,2026-08-29,1,Malaysia Rutile Titanium Dioxide Manufacturer | IKHLAS,https://www.mytio2.com/,mytio2.com,SERP-GLOBAL-MY-TIO2-SUPPLIER-20260829,"Malaysia Rutile Titanium Dioxide Manufacturer | IKHLAS (https://www.mytio2.com/) citeturn3search0 [wordlim: 200] Crawled: 3 days ago; REACH-registered rutile titanium dioxide supplier from Malaysia for paints, coatings, plastics, masterbatch and inks. ... Malaysian manufacturer of rutile TiO₂ for paints, coatings, plastics, printing inks and papers. # Malaysia-Origin Rutile Titanium Dioxide for Global Manufacturers REACH-registered rutile titanium dioxide supplier from Malaysia for paints, coatings, plastics, masterbatch and inks. Request Documents Request Sample Request Quote Legal Entity IKHLAS TITANIUM (MALAYSIA) SDN. BHD. Manufacturing Site NO.33 Industrial Perusahaan Ringan Tupai, 34000 Taiping, Perak, Malaysia Export Coordination Port Klang, Malaysia Documents SDS · TDS · COA · COO · REACH-related documents EU Only Representative Chemical Inspection &"
malaysia titanium dioxide supplier manufacturer,GLOBAL,EN,2026-08-29,2,"Malaysia Archives - KRONOS Worldwide, Inc",https://www.kronosww.com/country/malaysia/,kronosww.com,SERP-GLOBAL-MY-TIO2-SUPPLIER-20260829,"Malaysia Archives - KRONOS Worldwide, Inc (https://www.kronosww.com/country/malaysia/) citeturn3search1 [wordlim: 200] Crawled: yesterday; # Malaysia – Coatings ... Since 1916, KRONOS ® has been producing titanium dioxide pigments (TiO_{2}), the world’s primary pigment for providing whiteness, brightness, and opacity. # Malaysia – Coatings Jebsen & Jessen Ingedients Mr. Albert Wong No 7-13A-01, Level 13A, Jebsen & Jessen Tower, UOA Business Park (Tower 7), Jalan Pengaturcara U1/51A, Seksyen U1, 40150 Shah Alam, Selangor Darul Ehsan MALAYSIA +603-5030-6751 [email protected] Jebsen & Jessen Ingedients Mr. E. Eng Kheng No 7-13A-01, Level 13A, Jebsen & Jessen Tower, UOA Business Park (Tower 7), Jalan Pengaturcara U1/51A, Seksyen U1, 40150 Shah Alam, Selangor Darul Ehsan MALAYSIA +603-5030-6388 / +603-5030-6752 [email protected] Compare Image Since 1916, KRONOS ® has been producing t"
malaysia titanium dioxide supplier manufacturer,GLOBAL,EN,2026-08-29,3,Titanium Dioxide Manufacturers & Suppliers in Malaysia | Trademo,https://www.trademo.com/malaysia/manufacturers/titanium-dioxide,trademo.com,SERP-GLOBAL-MY-TIO2-SUPPLIER-20260829,"Titanium Dioxide Manufacturers & Suppliers in Malaysia | Trademo (https://www.trademo.com/malaysia/manufacturers/titanium-dioxide) citeturn3search2 [wordlim: 200] Crawled: today; # List of Manufacturers & Suppliers for Titanium Dioxide in Malaysia Search over 10 Million+ companies in cross border trade # List of Manufacturers & Suppliers for Titanium Dioxide in Malaysia Find and discover Titanium Dioxide manufacturers and suppliers for all products in Malaysia, featuring details on their shipment activities, trade volumes, trading partners, and more. View all titanium dioxide buyers based on products in Malaysia. Subscribe to Intel to discover new business opportunities, identify qualified prospects, and grow your pipeline with verified global trade data. the valspar malaysia corporation sdn bhd-malaysiaImage Image: company-profile jalan kapar, 42100 klang, selangor darul ehsan"
malaysia titanium dioxide supplier manufacturer,GLOBAL,EN,2026-08-29,4,Purika Industries Sdn Bhd,https://www.purika.my/,purika.my,SERP-GLOBAL-MY-TIO2-SUPPLIER-20260829,Purika Industries Sdn Bhd (https://www.purika.my/) citeturn3search3 [wordlim: 200] Crawled: last month; ## A Leading Supplier and Exporter of Raw Material Sourcing Service in Malaysia ... Image: Titanium Dioxide Image: Titanium Dioxide ## Purika Industries Sdn Bhd ## A Leading Supplier and Exporter of Raw Material Sourcing Service in Malaysia ## Industrial Chemicals · Lubricants · Consumer Products ## ABOUT US ## We Are Dedicated To Support You Purika Industries Sdn Bhd [201701010230 (1224395-H)] is an established supplier and exporter of a diverse range of products.Our established industry network enables us to source the best products at the most competitive prices. View About Us ## PRODUCT RANGE Our various product range. Image: calcium carbonateImage: calcium carbonate Calcium Carbonate Image: waxImage: wax Waxes (Lubrication) Image: pe waxImage: pe wax PE Wax Imag
malaysia titanium dioxide supplier manufacturer,GLOBAL,EN,2026-08-29,5,Titanium Dioxide Suppliers from Malaysia - Volza,https://www.volza.com/p/titanium-dioxide/manufacturers/manufacturers-in-malaysia/,volza.com,SERP-GLOBAL-MY-TIO2-SUPPLIER-20260829,"Titanium Dioxide Suppliers from Malaysia - Volza (https://www.volza.com/p/titanium-dioxide/manufacturers/manufacturers-in-malaysia/) citeturn3search4 [wordlim: 200] Published: 9 months ago; Crawled: 9 months ago; # Unlock 63 verified Titanium dioxide Manufacturers & Suppliers in Malaysia with shipment-level insights ... Volza gives you a 360° view of every Titanium Dioxide supplier with tools like Matchmaker and Company Profiler , enabling: # Unlock 63 verified Titanium dioxide Manufacturers & Suppliers in Malaysia with shipment-level insights (63 Suppliers Found) * Bookmark * 24-Nov-2025 Product/HSN Code Company COO: Malaysia x * Search * Buyers (76) * Suppliers (63) * Imports (471) * Exports (471) * HSN Code * Overview * Suppliers List * Top Suppliers * How Volza Can Help? * FAQ Overview Volza’s data confirms a robust and dependable Titanium Diox"
malaysia titanium dioxide supplier manufacturer,GLOBAL,EN,2026-08-29,6,Titanium Dioxide Pigment Suppliers in Malaysia Aug-26 | Volza,https://www.volza.com/p/titanium-dioxide-pigment/manufacturers/manufacturers-in-malaysia/,volza.com,SERP-GLOBAL-MY-TIO2-SUPPLIER-20260829,"Titanium Dioxide Pigment Suppliers in Malaysia Aug-26 | Volza (https://www.volza.com/p/titanium-dioxide-pigment/manufacturers/manufacturers-in-malaysia/) citeturn3search5 [wordlim: 200] Published: yesterday; Crawled: today; Malaysia's Titanium Dioxide Pigment supplier market recorded 35 active suppliers between Jul 2024 and Jun 2025, supplying to 127 global buyers. ... ## What Powers Volza's Titanium Dioxide Pigment Supplier Data for Malaysia? # Unlock 65 Verified Titanium Dioxide Pigment Manufacturers & Suppliers in Malaysia From 441 shipments through Aug-26 — compare Malaysian suppliers head-to-head and line up a backup before your next order. * Bookmark * 28-Aug-2026 Product/HSN Code Company COO: Malaysia x * Search * Buyers (127) * Suppliers (65) * Imports (441) * Exports (441) * HSN Code * Overview * Discover * Evaluate * Validate * Compare *"
malaysia titanium dioxide supplier manufacturer,GLOBAL,EN,2026-08-29,7,Titanium Dioxide Pigment Suppliers in Malaysia Aug-26 | Volza,https://www.volza.com/p/titanium-dioxide-pigment/suppliers-directory/suppliers-in-malaysia/,volza.com,SERP-GLOBAL-MY-TIO2-SUPPLIER-20260829,"Titanium Dioxide Pigment Suppliers in Malaysia Aug-26 | Volza (https://www.volza.com/p/titanium-dioxide-pigment/suppliers-directory/suppliers-in-malaysia/) citeturn3search6 [wordlim: 200] Published: yesterday; Crawled: today; Malaysia's Titanium Dioxide Pigment supplier market recorded 35 active suppliers between Jul 2024 and Jun 2025, supplying to 127 global buyers. # Unlock 65 Verified Titanium Dioxide Pigment Manufacturers & Suppliers in Malaysia From 441 shipments through Aug-26 — compare Malaysian suppliers head-to-head and line up a backup before your next order. * Bookmark * 28-Aug-2026 Product/HSN Code ## Titanium Dioxide Pigment Suppliers in Malaysia – Market Overview How Malaysia's titanium dioxide pigment supply is shaped — 65 suppliers across 441 shipments, where they cluster, and where sourcing is shifting. Malaysia's Titanium Dioxide Pigment supplier market r"
malaysia titanium dioxide supplier manufacturer,GLOBAL,EN,2026-08-29,8,Titanium Oxide Suppliers from Malaysia - Volza,https://www.volza.com/p/titanium-oxide/manufacturers/manufacturers-in-malaysia/,volza.com,SERP-GLOBAL-MY-TIO2-SUPPLIER-20260829,"Titanium Oxide Suppliers from Malaysia - Volza (https://www.volza.com/p/titanium-oxide/manufacturers/manufacturers-in-malaysia/) citeturn3search7 [wordlim: 200] Published: 2 months ago; Crawled: last month; Volza gives you a 360° view of every Titanium Oxide supplier with tools like Matchmaker and Company Profiler , enabling: ... 28-Apr-2025 | CS-203#&Rubber stabilizer: TP: 90% titanium dioxide , cas no. 13463-67-7 , 6% amorphous silica dioxide , cas:7631-86-9 , 4% alumina oxide , cas: 1344-28-1 , used for producing rubber gloves. 100% new | Malaysia | 7000.00 KGS # Unlock 11 verified Titanium Oxide Manufacturers & Suppliers in Malaysia with shipment-level insights (11 Suppliers Found) * Bookmark * 02-Jun-2026 Product/HSN Code Company COO: Malaysia x * Search * Buyers (11) * Suppliers (11) * Imports (35) * Exports (35) * HSN Code * Overview * Suppliers"
malaysia titanium dioxide supplier manufacturer,GLOBAL,EN,2026-08-29,9,"Titanium Dioxide in Malaysia, Titanium Dioxide Manufacturers & Suppliers in Malaysia",https://www.tradeindia.com/my/titanium-dioxide.html,tradeindia.com,SERP-GLOBAL-MY-TIO2-SUPPLIER-20260829,"Titanium Dioxide in Malaysia, Titanium Dioxide Manufacturers & Suppliers in Malaysia (https://www.tradeindia.com/my/titanium-dioxide.html) citeturn3search8 [wordlim: 200] Crawled: last month; # Titanium Dioxide in Malaysia # Titanium Dioxide in Malaysia MK RESOURCES Titanium Dioxide Powder - 99.99% Purity, 24 Months Shelf Life | Non-toxic, Versatile Pigment & Coating for Industries Price: 1200 USD ($) (Approx.)/Metric Ton MOQ- 1 Metric Ton 1) In paint industry, It is used as white pigment and glaze of porcelain. \015\0122) It can also be used as coating and filling in paper-making industry to help paper to be printable and opaque. \015\0123) In metallurgical industry, it can be used to make spongy titanium, alloy of titanium and iron Purity - 99.99 EINECS No - 236-675-5 Usage - Painting/plastic/paper making FOB Port - Port Klang Payment Terms - Letter of Credit (L/C),"
malaysia titanium dioxide supplier manufacturer,GLOBAL,EN,2026-08-29,10,Focus Pigment,https://www.focuspigment.com.my/,focuspigment.com.my,SERP-GLOBAL-MY-TIO2-SUPPLIER-20260829,"Focus Pigment (https://www.focuspigment.com.my/) citeturn3search9 [wordlim: 200] Crawled: 1.7 years ago; Right Wing, Level 4 Block G I2U Building, Sains @ USM, Bayan Lepas, Malaysia. ... Titanium Dioxide (TiO_{2}) ImageImage ### Reliable quality When you choose us, you choose consistency and reliability. Our commitment to quality ensures you can rely on us to consistently deliver outstanding results. ## Unleash tailored brilliance at Focus Chemical. Embark on a colorful odyssey: discover tailored brilliance at Focus Chemical! Our commitment to unwavering quality and customer-focused excellence makes us your ultimate color destination. * ### Full Range of Colour * ### Colour Matching * ### Full Laboratory Support * ### Stringent Quality Control * ### On Site Technical Support * ### Innovation Solution * ### Product Customization * ### Consistent Quality Pro"
titanium dioxide for coatings pigment supplier,GLOBAL,EN,2026-08-29,1,"Titanium Dioxide (TiO₂) — Rutile & Anatase Pigment Grades for Coatings, Plastics, Paper, Inks, and Cosmetics | East Materials",https://www.eastmaterials.com/products/titanium-dioxide/,eastmaterials.com,SERP-GLOBAL-TIO2-COATINGS-20260829,"Titanium Dioxide (TiO₂) — Rutile & Anatase Pigment Grades for Coatings, Plastics, Paper, Inks, and Cosmetics | East Materials (https://www.eastmaterials.com/products/titanium-dioxide/) citeturn8search0 [wordlim: 200] Published: 3 months ago; Crawled: yesterday; # Titanium Dioxide (TiO₂) — Rutile & Anatase Pigment Grades for Coatings, Plastics, Paper, Inks, and Cosmetics ... Sulphate-process rutile for general coatings | Rutile | Sulphate | ≥92% | 0.30–0.40 μm | 18–22 g/100g | Interior coatings, decorative paint, primer | Kronos sulphate-rutile, Venator Tioxide ... Independent testing in customer formulations typically yields hiding power and tint strength within ±5% of reference brand at the same TiO₂ loading — within typical batch variation of either supplier. ... Chloride-process gives 8–12% higher tint strength, whiter undertone, and superior weather resistance — standard fo"
titanium dioxide for coatings pigment supplier,GLOBAL,EN,2026-08-29,2,Titanium Dioxide Solutions for Coatings | Ti-Pure™ TiO₂ by Chemours,https://www.tipure.com/en/products/coatings,tipure.com,SERP-GLOBAL-TIO2-COATINGS-20260829,"Titanium Dioxide Solutions for Coatings | Ti-Pure™ TiO₂ by Chemours (https://www.tipure.com/en/products/coatings) citeturn8search1 [wordlim: 200] Crawled: 6 days ago; Titanium dioxide pigments are insoluble in coating vehicles in which they are dispersed; accordingly, performance properties, e.g., chemical, photochemical, and physical characteristics, are determined principally by the particle size of the pigment and the chemical composition of its surface. ... For paint manufacturers capable of handling TiO₂ in aqueous slurry form, Ti-Pure™ R-706 and R-902+ are available as slurry grades, Ti-Pure™ R-746 and R-942 respectively. ... Samples of dry and slurry Ti-Pure™ titanium dioxide grades are readily available from www.titnaium.chemours.com and are recommended for your use in product development and testing. ... Ti-Pure™ TS-6300 A high-opacity pigment for coatings applications that e"
titanium dioxide for coatings pigment supplier,GLOBAL,EN,2026-08-29,3,Titanium Dioxide Manufacturer & Industrial Chemical Supplier,https://tioxin.com/,tioxin.com,SERP-GLOBAL-TIO2-COATINGS-20260829,"Titanium Dioxide Manufacturer & Industrial Chemical Supplier (https://tioxin.com/) citeturn8search2 [wordlim: 200] Crawled: yesterday; Leading Global Manufacturer & Exporter of High-Performance Titanium Dioxide Pigment - Tioxin ... TIOXIN™ Titanium Dioxide (TiO₂) is engineered for premium paint and coating applications that require high brightness, superior opacity, and long-lasting weather resistance.As a trusted Titanium Dioxide Supplier, TIOXIN™ delivers consistent quality for global industries. ... TIOXIN™ DR-2100 Titanium Dioxide Pigments delivers outstanding dispersibility, superior hiding power, and stable optical performance for high-quality coatings in diverse applications. Leading Global Manufacturer & Exporter of High-Performance Titanium Dioxide Pigment - Tioxin # Leading Global Manufacturer & Exporter of High-Performance Titanium Dioxide Pigment Leading global manufact"
titanium dioxide for coatings pigment supplier,GLOBAL,EN,2026-08-29,4,Titanium dioxide | INEOS Pigments,https://www.ineos.com/businesses/ineos-enterprises/businesses/ineos-pigments/products/titanium-dioxide/,ineos.com,SERP-GLOBAL-TIO2-COATINGS-20260829,"Titanium dioxide | INEOS Pigments (https://www.ineos.com/businesses/ineos-enterprises/businesses/ineos-pigments/products/titanium-dioxide/) citeturn8search3 [wordlim: 200] Crawled: 6 days ago; Titanium dioxide coatings | RCL595 | High performance multipurpose pigment designed for dispersion, opacity, gloss and durability in a wide range of interior and exterior formulations. ... RCL9 | Unique product delivering superior performance in specialized applications providing high dispersion, high compatibility in chemically challenging formulations while delivering excellent opacity, gloss, brightness and color.| Electrocoat, packaging coatings, high temperature formulations ... Titanium dioxide Paper | RCSP | High solids aqueous dispersion of chloride rutile titanium dioxide specifically designed to meet the requirements of the paper and board coating industry. # Titanium Dioxide Ti"
titanium dioxide for coatings pigment supplier,GLOBAL,EN,2026-08-29,5,"Coatings - KRONOS Worldwide, Inc",https://www.kronosww.com/page_part/coatings/,kronosww.com,SERP-GLOBAL-TIO2-COATINGS-20260829,"Coatings - KRONOS Worldwide, Inc (https://www.kronosww.com/page_part/coatings/) citeturn8search4 [wordlim: 200] Crawled: yesterday; KRONOS offers an extensive portfolio of dry pigments and pigment slurries for the paint and coatings industry. ... ## Coating Applications for TiO_{2} Grades ... Since 1916, KRONOS ® has been producing titanium dioxide pigments (TiO_{2}), the world’s primary pigment for providing whiteness, brightness, and opacity. ## Coatings KRONOS offers an extensive portfolio of dry pigments and pigment slurries for the paint and coatings industry. Easy dispersion, highest opacity, tinting strength, and excellent gloss development are just a few of the features our TiO_{2} pigments provide. KRONOS pigments for coatings cover the full array of applications from high-performance exterior coatings to dead-matt indoor emulsion paints in waterborne, solvent based, or sol"
titanium dioxide for coatings pigment supplier,GLOBAL,EN,2026-08-29,6,Titanium Dioxide - Premium White Pigment for Paints and Coatings | ROCC Global,https://roccglobal.com/products/titanium-dioxide,roccglobal.com,SERP-GLOBAL-TIO2-COATINGS-20260829,"Titanium Dioxide - Premium White Pigment for Paints and Coatings | ROCC Global (https://roccglobal.com/products/titanium-dioxide) citeturn8search5 [wordlim: 200] Crawled: 2 weeks ago; Product ... Titanium Dioxide (TiO₂) is the pre-eminent white pigment in industrial use, valued for its exceptionally high refractive index: 2.70 for the rutile crystal form and 2.55 for anatase. ... Titanium Dioxide is the standard white pigment in paints and architectural coatings, used at loadings of 15 to 25% by weight of dry film to achieve the opacity, whiteness, and hiding power required by decorative and protective coating specifications. ... ## Join the ROCC Global Supplier Network Product # Titanium Dioxide Pre-eminent white pigment with refractive index 2.70 for rutile, delivering unmatched opacity and brightness in coatings, plastics, and inks. Titanium Dioxide (TiO₂) is the pre-eminent whi"
titanium dioxide for coatings pigment supplier,GLOBAL,EN,2026-08-29,7,Titanium Dioxide (TiO2) - Tronox,https://www.tronox.com/products/titanium-dioxide/,tronox.com,SERP-GLOBAL-TIO2-COATINGS-20260829,"Titanium Dioxide (TiO2) - Tronox (https://www.tronox.com/products/titanium-dioxide/) citeturn8search6 [wordlim: 200] Crawled: last week; The most common use—coatings and plastics—accounts for more than 80 percent of global consumption.Tronox markets a range of TiONA^{®} titanium dioxide pigment products, and our talented team of scientists works to enhance the performance of products in our customers’ current and future applications. ... In addition to excellent colour stability/resistance to UV, it has been designed to provide the optical efficiency, dispersion and processing performance typical of a true masterbatch product. ... Image: Paint and Coatings Home » Products » Titanium dioxide pigment (TiO_{2}) is an inorganic white pigment found in an array of end uses. The most common use—coatings and plastics—accounts for more than 80 percent of global consumption. Tronox markets a"
titanium dioxide for coatings pigment supplier,GLOBAL,EN,2026-08-29,8,"Titanium Dioxide Products | TINOX TiO2 Pigments, WMB & TPW",https://tinoxchem.com/products,tinoxchem.com,SERP-GLOBAL-TIO2-COATINGS-20260829,"Titanium Dioxide Products | TINOX TiO2 Pigments, WMB & TPW (https://tinoxchem.com/products) citeturn8search7 [wordlim: 200] Crawled: 3 days ago; # TINOX® product portfolio ... Suitable for interior and exterior paint applications. ... Ideal for paper and coatings. ... Designed with TiO2 content below 80% while maintaining strong opacity, brightness and coating performance - lower cost, lower CO2. ... TiO2 supplier Germany Rutile titanium dioxide White masterbatch supplier Hybrid pigment white TiO2 price report # TINOX® product portfolio 15+ grades across TiO₂ pigments, white masterbatch and hybrid pigment white — engineered for consistent optical performance and industrial reliability. [Button: All products][Button: Coatings][Button: Plastics][Button: Paper & Food][Button: Fillers][Button: White Masterbatch][Button: Hybrid Pigment] Selection Guide ## Coatings & paints 4 grades"
titanium dioxide for coatings pigment supplier,GLOBAL,EN,2026-08-29,9,Tipaque CR-50 | NAGASE,https://www.nagase.com/us/en/products/tipaque-cr-50,nagase.com,SERP-GLOBAL-TIO2-COATINGS-20260829,"Tipaque CR-50 | NAGASE (https://www.nagase.com/us/en/products/tipaque-cr-50) citeturn8search8 [wordlim: 200] Crawled: today; Product Information ... CR-50 is a rutile titanium dioxide pigment used to provide high opacity, whiteness, tinting strength and gloss in coatings, inks and plastic formulations. ... Used as a white pigment and opacifier in architectural and industrial coatings (water-based and solvent-based), printing inks for high-opacity and bright whites, and in plastics (masterbatch and direct compounding) to provide whiteness, hiding power and improved surface gloss. ... * alumina post-treatment for improved dispersibility and formulation stability # Tipaque CR-50 * Polymers & Resins * Automotive & Transportation * Paper & Ink * Paints & Coatings CR-50 is a chloride process titanium dioxide pigment post-treated with alumina. It is a medium particle rutile grad"
titanium dioxide for coatings pigment supplier,GLOBAL,EN,2026-08-29,10,Find Titanium Dioxide perfectly suited for your Coatings and Inks,https://www.specialchem.com/coatings/pf-titanium-dioxide/all-products?sy=powder-coatings,specialchem.com,SERP-GLOBAL-TIO2-COATINGS-20260829,"Find Titanium Dioxide perfectly suited for your Coatings and Inks (https://www.specialchem.com/coatings/pf-titanium-dioxide/all-products?sy=powder-coatings) citeturn8search9 [wordlim: 200] Crawled: last month; # Titanium Dioxide for Coatings and Inks ... It is suitable for high-quality, weather-resistant industrial coatings, waterborne coating systems, exterior powder coatings, white and tinted automotive finishes. ... See product details ... Chroma-chem® 50-990-150 distributed by DKSH is a low-VOC, glycol-free, white-colored pigment dispersion for water-based coatings. --------------------------------------------------------------------------------"
titanium dioxide for masterbatch supplier,GLOBAL,EN,2026-08-29,1,Jiuta TiO2 | Masterbatch Grade Rutile TiO2 | JTR 799 799T 719 599,https://jiutatitanium.com/masterbatch.html,jiutatitanium.com,SERP-GLOBAL-TIO2-FOR-MASTERBATCH-20260829,"Jiuta TiO2 | Masterbatch Grade Rutile TiO2 | JTR 799 799T 719 599 (https://jiutatitanium.com/masterbatch.html) citeturn12search0 [wordlim: 200] Crawled: last week; Titanium Dioxide(TiO2) for Masterbatch, Plastics and Polymers ... JTCR 599 is a titanium dioxide product produced using the chloride process, which is known for its high-quality masterbatch production. Titanium Dioxide(TiO2) for Masterbatch, Plastics and Polymers ### Jiuta provides Rutile titanium dioxide(TiO2) for Masterbatch, Plastics and Polymers. Our Titanium Dioxide are prepared in both Sulfate and Chloride process. Suitable for use in the production of Masterbatch. ### Speciality Titanium Dioxide for Masterbatch and Plastics Manufacturing ## CAREFULLY CURATED TITANIUM DIOXIDE FOR MASTERBATCH AND PLASTICS MANUFACTURING * Superior Whiteness * Excellent Hiding Power * Optimized Dispersion * Durability & St"
titanium dioxide for masterbatch supplier,GLOBAL,EN,2026-08-29,2,"Titanium dioxide Masterbatch - Shandong Keyang Chemical Co., Ltd.",https://www.keyangchemical.com/products/masterbatch/titanium-dioxide-masterbatch/,keyangchemical.com,SERP-GLOBAL-TIO2-FOR-MASTERBATCH-20260829,"Titanium dioxide Masterbatch - Shandong Keyang Chemical Co., Ltd. (https://www.keyangchemical.com/products/masterbatch/titanium-dioxide-masterbatch/) citeturn12search1 [wordlim: 200] Crawled: last week; Product Name: Titanium Dioxide Masterbatch / TiO2 Masterbatch / fiber grade masterbatch C.I.: — CAS: — purity: 40%-60%(accept customized) Appearance:White plastic particles Ingredient:Fiber grade Titanium Dioxide TIO2, PET(or other plastics) Synonyms:TiO2 Masterbatch, Titanium Dioxide Masterbatch, White Masterbatch, matte masterbatch Application: It is a titanium dioxide masterbatch specially designed for chemical fibers,especially for PET polyester staple fiber and POY DTY products whitening. ... We specialize in the research, development, production, and global supply of optical brightener, masterbatches, pigments, dyes, titanium dioxide, detergent additives, and plastic additives."
titanium dioxide for masterbatch supplier,GLOBAL,EN,2026-08-29,3,"China Titanium Dioxide For Masterbatch Manufacturers and Suppliers, Factory | Sun Bang",https://www.sunbangtio2.com/titanium-dioxide-for-masterbatch/,sunbangtio2.com,SERP-GLOBAL-TIO2-FOR-MASTERBATCH-20260829,"China Titanium Dioxide For Masterbatch Manufacturers and Suppliers, Factory | Sun Bang (https://www.sunbangtio2.com/titanium-dioxide-for-masterbatch/) citeturn12search2 [wordlim: 200] Crawled: 2 months ago; Zhongyuan Sun Bang (Xiamen) Technology Co., Ltd. is a leading manufacturer, supplier, and factory of high-quality Titanium Dioxide for Masterbatch in China. ## Welcome to our booth * Image: Welcome to our booth View More # Shop High-Quality Titanium Dioxide for Masterbatch - Best Prices! Zhongyuan Sun Bang (Xiamen) Technology Co., Ltd. is a leading manufacturer, supplier, and factory of high-quality Titanium Dioxide for Masterbatch in China. Our Titanium Dioxide for Masterbatch is specifically designed for improving the color, luster, and covering power of plastic products. With its excellent dispersion, high tinting strength, and weather resistance, our product is widely us"
titanium dioxide for masterbatch supplier,GLOBAL,EN,2026-08-29,4,Titanium Dioxide for Plastics & Masterbatch | TINOX TiO? Pigments,https://tinoxchem.com/applications/plastics,tinoxchem.com,SERP-GLOBAL-TIO2-FOR-MASTERBATCH-20260829,"Titanium Dioxide for Plastics & Masterbatch | TINOX TiO? Pigments (https://tinoxchem.com/applications/plastics) citeturn12search3 [wordlim: 200] Crawled: 3 days ago; # Titanium Dioxide for Plastics & Masterbatch ... for PVC white masterbatch supplier Home/Applications/Plastics & Masterbatch Plastics & Masterbatch # Titanium Dioxide for Plastics & Masterbatch Plastic processors need opacity, heat resistance, good dispersi?n, low volatility and stable undertone in polymer systems. TINOX TiO? grades for plastics support masterbatch, PVC, PE, PP and engineering plastic applications. Search topics covered titanium dioxide for plastics TiO? for masterbatch rutile TiO? for PVC white masterbatch supplier ## Typical applications White masterbatch concentrate PVC profiles and pipes Polyolefin film Injection molding Outdoor plastics ## Recommended TINOX grades CR-1220 Premium chlor"
titanium dioxide for masterbatch supplier,GLOBAL,EN,2026-08-29,5,White Masterbatch (TiO₂) for Film & Injection | ZFH®,https://www.zhongfuhai.com/products/white-masterbatch,zhongfuhai.com,SERP-GLOBAL-TIO2-FOR-MASTERBATCH-20260829,"White Masterbatch (TiO₂) for Film & Injection | ZFH® (https://www.zhongfuhai.com/products/white-masterbatch) citeturn12search4 [wordlim: 200] Crawled: 4 days ago; ZFH® white masterbatch is a concentrated dispersion of titanium dioxide (TiO₂) on a PE/PP carrier, engineered for high whiteness, opacity and hiding power across film, injection molding and sheet extrusion. Tell us your application and target market and we will recommend a compliant grade and provide the TDS and reports. Reviewed by the ZFH technical team·Last updated: June 2026·Download SGS test reports → ## Specifications TiO₂ Content Range 40–75% Carrier Resin PE / PP TiO₂ Type Rutile Addition Rate 2–6% Filler Options With / Without Request TDS & Quote ## Applications * Agriculture & Horticulture → * Food-Grade Packaging → * Home & Kitchen Appliances → ZFH® Shenzhen Zhongfuhai Plastic Co., Ltd. Carbon B"
titanium dioxide for masterbatch supplier,GLOBAL,EN,2026-08-29,6,BR-3668 titanium dioxide for masterbatch and plastic - Manufacturer and Supplier | Sun Bang,https://www.sunbangtio2.com/br-3668-titanium-dioxide-for-masterbatch-and-plastic-product/,sunbangtio2.com,SERP-GLOBAL-TIO2-FOR-MASTERBATCH-20260829,"BR-3668 titanium dioxide for masterbatch and plastic - Manufacturer and Supplier | Sun Bang (https://www.sunbangtio2.com/br-3668-titanium-dioxide-for-masterbatch-and-plastic-product/) citeturn12search5 [wordlim: 200] Crawled: last month; * # BR-3668 titanium dioxide for masterbatch and plastic ... Introducing BR-3668 Pigment, a highly advanced and versatile titanium dioxide product designed for masterbatch and compounding applications.This innovative product has excellent opacity and low oil absorption, making it perfect for a wide variety of industrial plastics. * # BR-3668 titanium dioxide for masterbatch and plastic ### Short Description: BR-3668 pigment is a rutile titanium dioxide produced by the sulfate treatment. It is specially designed for masterbatch and compounding applications. It disperses easily with high opacity and low oil absorption. Send email to us Download"
titanium dioxide for masterbatch supplier,GLOBAL,EN,2026-08-29,7,"Titanium Dioxide Products | TINOX TiO2 Pigments, WMB & TPW",https://tinoxchem.com/products,tinoxchem.com,SERP-GLOBAL-TIO2-FOR-MASTERBATCH-20260829,"Titanium Dioxide Products | TINOX TiO2 Pigments, WMB & TPW (https://tinoxchem.com/products) citeturn12search6 [wordlim: 200] Crawled: 3 days ago; [Button: All products][Button: Coatings][Button: Plastics][Button: Paper & Food][Button: Fillers][Button: White Masterbatch][Button: Hybrid Pigment] ... Strong opacity, low oil absorption, good dispersing properties and good processability. ... TiO2 supplier Germany Rutile titanium dioxide White masterbatch supplier Hybrid pigment white TiO2 price report A-2480 -> Surface-treated anatase for synthetic fibers and PET/PA masterbatches. Excellent whiteness, dispersibility and stable delustration performance. Synthetic fiber Good dispersibility PET/PA masterbatch Full datasheet →|Request sample|Get quote ## Functional fillers & extenders 1 grades Image: TINOX BASL-99 Surface-treated precipitated barium sulfate BASL-99 Functional fille"
titanium dioxide for masterbatch supplier,GLOBAL,EN,2026-08-29,8,Masterbatch Material For Plastic Manufacturing,https://www.xmtio2.com/masterbatch-material-for-plastic-manufacturing/,xmtio2.com,SERP-GLOBAL-TIO2-FOR-MASTERBATCH-20260829,"Masterbatch Material For Plastic Manufacturing (https://www.xmtio2.com/masterbatch-material-for-plastic-manufacturing/) citeturn12search7 [wordlim: 200] Crawled: 2 months ago; ## Your Trusted Masterbatch Material Supplier ... Choosing the right titanium dioxide grade for your masterbatch directly determines the final product's brightness, durability, and market value. ... The masterbatch material sector is undergoing rapid transformation driven by sustainability mandates, technological innovation, and shifting global supply chains. ... Explore our complete range of rutile and chloride-process titanium dioxide products engineered for diverse plastic manufacturing applications. ## Masterbatch-Grade Titanium Dioxide Products Introduces the advanced international production technology and high quality raw materials for masterbatch and plastic manufacturing applications. Image: R-251 Ru"
titanium dioxide for masterbatch supplier,GLOBAL,EN,2026-08-29,9,Titanium Dioxide (Rutile & Anatase) Grades | Aiokasm Exim,https://aiokasm.com/products/titanium-dioxide,aiokasm.com,SERP-GLOBAL-TIO2-FOR-MASTERBATCH-20260829,"Titanium Dioxide (Rutile & Anatase) Grades | Aiokasm Exim (https://aiokasm.com/products/titanium-dioxide) citeturn12search8 [wordlim: 200] Crawled: yesterday; # Titanium DioxideNine production TiO₂ grades for coatings, plastics, masterbatch, paper and ink. ... R-2106 ships into high-concentration white masterbatch with low oil absorption, easy dispersion and no off-gassing. The Whitest White · Rutile & Anatase # Titanium Dioxide Nine production TiO₂ grades for coatings, plastics, masterbatch, paper and ink. Zr / Si / Al inorganic shells, proprietary organics — built to drop into formulations that demand opacity, durability and a clean, bluish white. Find my grade Explore the grade book 9 Grades 4 Application segments ≥99% Top TiO₂ content ISO 591 / 787 The pigment behind every white ## Built for the formulator, not the spec sheet. Global TiO₂ behaves the same on paper."
titanium dioxide for masterbatch supplier,GLOBAL,EN,2026-08-29,10,CR602,https://instamine.in/cr602.html,instamine.in,SERP-GLOBAL-TIO2-FOR-MASTERBATCH-20260829,CR602 (https://instamine.in/cr602.html) citeturn12search9 [wordlim: 200] Crawled: 3 weeks ago; It is a special grade for plastic masterbatch applications. ... High performance rutile titanium dioxide | Produced by Chloride process | Surface treated with organic and inorganic | With blue phase | Superior dispersibility | High opacity | Good system compatibility | Good processing rheology ... Oil Absorption | ≤14.5 | gm/100 gm | | - | - ... Product Storage The shelf life is indefinite as long as the material is kept from direct contact with moisture. --------------------------------------------------------------------------------
titanium dioxide for plastics pigment supplier,GLOBAL,EN,2026-08-29,1,TiO₂ Solutions & Pigments for Plastics | Ti-Pure™ by Chemours,https://www.tipure.com/en/products/plastics,tipure.com,SERP-GLOBAL-TIO2-PLASTICS-20260829,"TiO₂ Solutions & Pigments for Plastics | Ti-Pure™ by Chemours (https://www.tipure.com/en/products/plastics) citeturn9search0 [wordlim: 200] Crawled: 5 days ago; As other applications for titanium dioxide have developed, its pigmentary properties remain the most important. ... It is widely used, because it efficiently scatters visible light, thereby imparting whiteness, brightness, and opacity when incorporated into a plastic product. ... A single prescription for surface treatment does not produce a pigment having maximum value-in-use for all plastics applications, and it is a continuing research goal to develop titanium dioxide grades to meet the changing needs of the plastics industry. # Titanium Dioxide Solutions for Plastics ##### Titanium Dioxide Pigments Providing Optimal Performance and Yielding Outstanding Results These titanium dioxide (TiO₂) grades are among the most wide"
titanium dioxide for plastics pigment supplier,GLOBAL,EN,2026-08-29,2,"Titanium Dioxide (TiO₂) — Rutile & Anatase Pigment Grades for Coatings, Plastics, Paper, Inks, and Cosmetics | East Materials",https://www.eastmaterials.com/products/titanium-dioxide/,eastmaterials.com,SERP-GLOBAL-TIO2-PLASTICS-20260829,"Titanium Dioxide (TiO₂) — Rutile & Anatase Pigment Grades for Coatings, Plastics, Paper, Inks, and Cosmetics | East Materials (https://www.eastmaterials.com/products/titanium-dioxide/) citeturn9search1 [wordlim: 200] Published: 3 months ago; Crawled: yesterday; # Titanium Dioxide (TiO₂) — Rutile & Anatase Pigment Grades for Coatings, Plastics, Paper, Inks, and Cosmetics ... Titanium dioxide (TiO₂, CAS 13463-67-7) is the dominant white pigment used worldwide for opacity, brightness, and tint strength in coatings, plastics, paper, inks, and cosmetics. ... Functional category | Crystal form | Process | TiO₂ content | Particle size D50 | Oil absorption | Target applications | Reference brand parity ... Chloride-process universal rutile for plastics & inks | Rutile | Chloride | ≥92% | 0.28–0.35 μm | 14–18 g/100g | Plastic masterbatch, packaging film, gravure inks | Chemours T"
titanium dioxide for plastics pigment supplier,GLOBAL,EN,2026-08-29,3,"Plastics - KRONOS Worldwide, Inc",https://www.kronosww.com/page_part/plastics/,kronosww.com,SERP-GLOBAL-TIO2-PLASTICS-20260829,"Plastics - KRONOS Worldwide, Inc (https://www.kronosww.com/page_part/plastics/) citeturn9search2 [wordlim: 200] Crawled: last week; Superior whiteness, opacity, and tinting strength, coupled with excellent processability and outstanding weathering performance, are some of the key features of KRONOS pigments for plastics. ... Since 1916, KRONOS ® has been producing titanium dioxide pigments (TiO_{2}), the world’s primary pigment for providing whiteness, brightness, and opacity. ## Plastics Superior whiteness, opacity, and tinting strength, coupled with excellent processability and outstanding weathering performance, are some of the key features of KRONOS pigments for plastics. KRONOS pigments offer state-of-the-art characteristics for special high-end applications such as highest thermal stability in polycarbonates, or perfect UV protection of white PVC profiles. ## Plastic Applicat"
titanium dioxide for plastics pigment supplier,GLOBAL,EN,2026-08-29,4,Titanium Dioxide Supplier from Germany | Tinox Chemie GmbH,https://tinoxchem.com/,tinoxchem.com,SERP-GLOBAL-TIO2-PLASTICS-20260829,"Titanium Dioxide Supplier from Germany | Tinox Chemie GmbH (https://tinoxchem.com/) citeturn9search3 [wordlim: 200] Crawled: today; Tinox Chemie GmbH supplies high-performance titanium dioxide and specialty pigments to manufacturers in 60+ countries - with full TDS documentation and technical support. ... TiO₂ pigment grades ... Excellent dispersibility, temperature resistance and UV stability for PVC, PE, PP masterbatch and engineering plastics. ... Plus BaSO4, iron oxide pigments and glass beads. ... Paints & Coatings Plastics & Polymers Paper & Inks Food & Cosmetics Rubber & Ceramics Industrial Coatings Est. 2012 · Düsseldorf, Germany # Your TiO₂ specialist from Düsseldorf Tinox Chemie GmbH supplies high-performance titanium dioxide and specialty pigments to manufacturers in 60+ countries - with full TDS documentation and technical support. Explore productsDownload TDS →Market"
titanium dioxide for plastics pigment supplier,GLOBAL,EN,2026-08-29,5,Titanium Dioxide for Plastics & Masterbatch | TINOX TiO? Pigments,https://tinoxchem.com/applications/plastics,tinoxchem.com,SERP-GLOBAL-TIO2-PLASTICS-20260829,"Titanium Dioxide for Plastics & Masterbatch | TINOX TiO? Pigments (https://tinoxchem.com/applications/plastics) citeturn9search4 [wordlim: 200] Crawled: 3 days ago; # Titanium Dioxide for Plastics & Masterbatch ... for PVC white masterbatch supplier ... with blue undertone and excellent heat resistance.View product ->A-2480 Surface-treated anatase for synthetic fibers and PET/PA masterbatch systems.View product ->R-2240 Good powder flowability and opacity for masterbatch production.View product ->R-2290 Weatherability-focused rutile grade for outdoor plastic applications.View product ->WMB WMB Series Ready-to-use white masterbatch products with multiple TiO? Home/Applications/Plastics & Masterbatch Plastics & Masterbatch # Titanium Dioxide for Plastics & Masterbatch Plastic processors need opacity, heat resistance, good dispersi?n, low volatility and stable undertone in polymer sy"
titanium dioxide for plastics pigment supplier,GLOBAL,EN,2026-08-29,6,Titanium dioxide | INEOS Pigments,https://www.ineos.com/businesses/ineos-enterprises/businesses/ineos-pigments/products/titanium-dioxide/,ineos.com,SERP-GLOBAL-TIO2-PLASTICS-20260829,"Titanium dioxide | INEOS Pigments (https://www.ineos.com/businesses/ineos-enterprises/businesses/ineos-pigments/products/titanium-dioxide/) citeturn9search5 [wordlim: 200] Crawled: 6 days ago; Titanium dioxide, is the naturally occurring oxide of titanium, chemical formula TiO₂. ... (RCS Slurry) | Multipurpose product delivering high gloss, excellent color, opacity and dispersibility with high exterior durability. ... Titanium dioxide plastics | RCL188 | High performance blue tone, pigment designed for use in technically demanding applications delivering highest dispersion characteristics, lacing and temperature resistance for thin film and extrusion coatings applications. RCL9 | Unique product delivering superior performance in specialized applications providing high dispersion, high compatibility in chemically challenging formulations while delivering excellent opacity, gloss, b"
titanium dioxide for plastics pigment supplier,GLOBAL,EN,2026-08-29,7,BILLIONS™ LR-108 - LB Group | LB Group,https://www.lomonbillions.global/products/billions-lr-108/,lomonbillions.global,SERP-GLOBAL-TIO2-PLASTICS-20260829,BILLIONS™ LR-108 - LB Group | LB Group (https://www.lomonbillions.global/products/billions-lr-108/) citeturn9search6 [wordlim: 200] Crawled: last week; #### Titanium Dioxide Pigment for Plastics – Manufactured by the Sulfate ProcessBILLIONS™ LR-108 pigment is an alumina treated rutile titanium dioxide pigment made by the sulfate process. ... * Low oil absorption ... Please refer to the Safety Data Sheet for more information about how this product should be handled. # BILLIONS™ LR-108 Download Product Data-Sheet Request a Sample Download Safety Information #### More Information #### Titanium Dioxide Pigment for Plastics – Manufactured by the Sulfate Process BILLIONS™ LR-108 pigment is an alumina treated rutile titanium dioxide pigment made by the sulfate process. It is specially designed for masterbatch and compounding applications. BILLIONS™ LR-108 pigment dispers
titanium dioxide for plastics pigment supplier,GLOBAL,EN,2026-08-29,8,Ti-Pure™ TiO₂ by Chemours Titanium Dioxide Solutions for Plastics,https://www.tipure.com/en/applications/plastics,tipure.com,SERP-GLOBAL-TIO2-PLASTICS-20260829,"Ti-Pure™ TiO₂ by Chemours Titanium Dioxide Solutions for Plastics (https://www.tipure.com/en/applications/plastics) citeturn9search7 [wordlim: 200] Crawled: 3 weeks ago; A pioneer of chloride-process titanium dioxide (TiO₂) technology, Chemours is a market-leading supplier with global capacity and reach.Ti-Pure™ TiO2 adds a range of performance benefits to various types of plastic systems, including opacity, UV damage resistance, color retention, gloss, brightness, mechanical strength, and more. ... Titanium dioxide is used to pigment the acrylic polymethylacrylate (PMA) and polymethylmethacrylate (PMMA) for both opaque and semi-opaque applications. ... Grade Selection Guide for Plastics View the Grade Selection Guide to find the optimal Ti-Pure™ product for your plastics application. # Ti-Pure™ Solutions for Plastics Image: man holding product bottle standing in store aisle ## Inn"
titanium dioxide for plastics pigment supplier,GLOBAL,EN,2026-08-29,9,Titanium Dioxide (TiO2) - Tronox,https://www.tronox.com/products/titanium-dioxide/,tronox.com,SERP-GLOBAL-TIO2-PLASTICS-20260829,"Titanium Dioxide (TiO2) - Tronox (https://www.tronox.com/products/titanium-dioxide/) citeturn9search8 [wordlim: 200] Crawled: last week; The most common use—coatings and plastics—accounts for more than 80 percent of global consumption.Tronox markets a range of TiONA^{®} titanium dioxide pigment products, and our talented team of scientists works to enhance the performance of products in our customers’ current and future applications. ... In addition to excellent colour stability/resistance to UV, it has been designed to provide the optical efficiency, dispersion and processing performance typical of a true masterbatch product. Home » Products » Titanium dioxide pigment (TiO_{2}) is an inorganic white pigment found in an array of end uses. The most common use—coatings and plastics—accounts for more than 80 percent of global consumption. Tronox markets a range of TiONA^{®} titanium di"
titanium dioxide for plastics pigment supplier,GLOBAL,EN,2026-08-29,10,BILLIONS™ BLR-886 - LB Group | LB Group,https://www.lomonbillions.global/products/billions-blr-886/,lomonbillions.global,SERP-GLOBAL-TIO2-PLASTICS-20260829,"BILLIONS™ BLR-886 - LB Group | LB Group (https://www.lomonbillions.global/products/billions-blr-886/) citeturn9search9 [wordlim: 200] Crawled: yesterday; #### Titanium Dioxide Pigment for Plastics – Manufactured by the Chloride ProcessBILLIONS™ BLR-886 pigment is a rutile titanium dioxide pigment for plastics, produced by the chloride process. ... Please refer to the Safety Data Sheet for more information about how this product should be handled. --------------------------------------------------------------------------------"
titanium dioxide masterbatch,GLOBAL,EN,2026-08-29,1,Titanium Dioxide Masterbatches | Business & Products | DIC Corporation,https://www.dic-global.com/en/products/function_master/titanium/,dic-global.com,SERP-GLOBAL-TIO2-MASTERBATCH-20260829,"Titanium Dioxide Masterbatches | Business & Products | DIC Corporation (https://www.dic-global.com/en/products/function_master/titanium/) citeturn13search0 [wordlim: 200] Crawled: last month; To answer the demands of our customers, DIC has developed a titanium dioxide masterbatch far superior to the performance of previous products by newly adding proprietary materials and processing techniques to the compounding and mixing techniques accumulated over the years. # Titanium Dioxide Masterbatches PEONY, SPUNDYE Functional Products Image: Titanium Dioxide Masterbatches Image: Titanium Dioxide Masterbatches Titanium dioxide has been used in the past for the purpose of coloring film white and imparting hiding. Year after year, demands in masterbatches keep increasing and their level keeps improving. Workability that can withstand being turned into thin films and high hiding power, and"
titanium dioxide masterbatch,GLOBAL,EN,2026-08-29,2,What Is TiO2 Masterbatch? - Charming Masterbatch,https://www.charmingmb.com/2026/05/20/what-is-tio2-masterbatch/,charmingmb.com,SERP-GLOBAL-TIO2-MASTERBATCH-20260829,"What Is TiO2 Masterbatch? - Charming Masterbatch (https://www.charmingmb.com/2026/05/20/what-is-tio2-masterbatch/) citeturn13search1 [wordlim: 200] Published: 3 months ago; Crawled: last month; In reality, high-quality tio2 masterbatch is not simply about adding titanium dioxide powder into plastic resin. ### What Is TiO2 Masterbatch? 2026-05-20 Image TiO2 masterbatch is one of the most important additives used in the modern plastics industry. Whether in film extrusion, injection molding, blow molding, pipes, sheets, packaging, or woven bags, manufacturers rely on tio2 masterbatch to achieve excellent whiteness, opacity, UV resistance, and product consistency. Image From our experience in the masterbatch industry, many buyers focus only on titanium dioxide percentage and overlook critical factors such as dispersion quality, carrier resin compatibility, processing stability, and"
titanium dioxide masterbatch,GLOBAL,EN,2026-08-29,3,CN106905669B - A kind of titanium dioxide Masterbatch and preparation method thereof - Google Patents,https://patents.google.com/patent/CN106905669B/en,patents.google.com,SERP-GLOBAL-TIO2-MASTERBATCH-20260829,"CN106905669B - A kind of titanium dioxide Masterbatch and preparation method thereof - Google Patents (https://patents.google.com/patent/CN106905669B/en) citeturn13search2 [wordlim: 200] Published: 6.8 years ago; Crawled: 2 months ago; Further, in the titanium dioxide Masterbatch, the dispersing agent is polyethylene wax, and the antioxidant is antioxidant 1010 with the mixture of irgasfos 168. # CN106905669B - A kind of titanium dioxide Masterbatch and preparation method thereof - Google Patents A kind of titanium dioxide Masterbatch and preparation method thereof Download PDF ## Info Publication number CN106905669B CN106905669B CN201610159076.8A CN201610159076A CN106905669B CN 106905669 B CN106905669 B CN 106905669B CN 201610159076 A CN201610159076 A CN 201610159076A CN 106905669 B CN106905669 B CN 106905669B Authority CN China Prior art keywords titanium dioxide"
titanium dioxide masterbatch,GLOBAL,EN,2026-08-29,4,White Masterbatch | ICS,https://www.ics-masterbatch.com/en/white-masterbatch_1,ics-masterbatch.com,SERP-GLOBAL-TIO2-MASTERBATCH-20260829,"White Masterbatch | ICS (https://www.ics-masterbatch.com/en/white-masterbatch_1) citeturn13search3 [wordlim: 200] Crawled: last week; White Masterbatch ... White masterbatches are the concentrates of titanium dioxide (TIO2) in a polymer carrier. White Masterbatch #### White Masterbatch Image: White Masterbatch White Masterbatch manufacturer White masterbatches are the concentrates of titanium dioxide (TIO2) in a polymer carrier. They have perfect dispersion and optimized flow properties resulting to maximum hiding power and easy processing. TIO2 used is RUTILE COATED type, which ensures high opacity, colouring strength, dispersibility and excellent U.V. stability. Certain types contain as filler in form of a fine calcium carbonate that provides economy as well as technical benefits in many applications, especially in injection & blow mouldings. For relatively thick films (40-200"
titanium dioxide masterbatch,GLOBAL,EN,2026-08-29,5,Mastertint White | Masterbatches | Chrostiki S.A.,https://www.chrostiki.com/en/products/21/94/products-masterbatches/mastertint-white/,chrostiki.com,SERP-GLOBAL-TIO2-MASTERBATCH-20260829,"Mastertint White | Masterbatches | Chrostiki S.A. (https://www.chrostiki.com/en/products/21/94/products-masterbatches/mastertint-white/) citeturn13search4 [wordlim: 200] Crawled: last month; Titanium dioxide and calcium carbonate content are controlled in the lab by ashing (ISO 3451/1), i.e. a known quantity of masterbatch is subjected to pyrolysis and the percentage content of each ingredient is calculated on the basis of residue weight after heating at a specific temperature. # PRODUCTS ## Masterbatches ### Mastertint White Mastertint® White Masterbatches Mastertint® White masterbatches contain high quality titanium dioxide. The type of titanium dioxide used in each product is selected to match the requirements of the intended application. Certain products also contain micronized calcium carbonate of exceptional whiteness, chemical purity and partic"
titanium dioxide masterbatch,GLOBAL,EN,2026-08-29,6,White Masterbatch (TiO₂) for Film & Injection | ZFH®,https://www.zhongfuhai.com/products/white-masterbatch,zhongfuhai.com,SERP-GLOBAL-TIO2-MASTERBATCH-20260829,"White Masterbatch (TiO₂) for Film & Injection | ZFH® (https://www.zhongfuhai.com/products/white-masterbatch) citeturn13search5 [wordlim: 200] Crawled: 4 days ago; ZFH® white masterbatch is a concentrated dispersion of titanium dioxide (TiO₂) on a PE/PP carrier, engineered for high whiteness, opacity and hiding power across film, injection molding and sheet extrusion. Tell us your application and target market and we will recommend a compliant grade and provide the TDS and reports. Reviewed by the ZFH technical team·Last updated: June 2026·Download SGS test reports → ## Specifications TiO₂ Content Range 40–75% Carrier Resin PE / PP TiO₂ Type Rutile Addition Rate 2–6% Filler Options With / Without Request TDS & Quote ## Applications * Agriculture & Horticulture → * Food-Grade Packaging → * Home & Kitchen Appliances → ZFH® Shenzhen Zhongfuhai Plastic Co., Ltd. Carbon B"
titanium dioxide masterbatch,GLOBAL,EN,2026-08-29,7,Titanium Dioxide (TiO₂) in Masterbatch & Plastics,https://polytecmb.com/news-%26-events/f/titanium-dioxide-tio%E2%82%82-in-masterbatch-plastics,polytecmb.com,SERP-GLOBAL-TIO2-MASTERBATCH-20260829,"Titanium Dioxide (TiO₂) in Masterbatch & Plastics (https://polytecmb.com/news-%26-events/f/titanium-dioxide-tio%E2%82%82-in-masterbatch-plastics) citeturn13search6 [wordlim: 200] Published: 3 months ago; Crawled: last month; ### Titanium Dioxide (TiO₂) in Masterbatch & Plastics ### Titanium Dioxide (TiO₂) in Masterbatch & Plastics 19 May 2026|Masterbatch Image: Titanium Dioxide (TiO₂) In the world of plastics, coatings, and pigments, Titanium Dioxide (TiO₂) stands as the most important white pigment. Known for its exceptional brightness, opacity, and durability, TiO₂ plays a crucial role in enhancing product quality across industries. This blog provides a complete overview of TiO₂, its properties, applications, and why it is essential in modern masterbatch manufacturing. ## What is Titanium Dioxide (TiO₂)? Titanium Dioxide (TiO₂) is a naturally occurring oxide of titanium, wide"
titanium dioxide masterbatch,GLOBAL,EN,2026-08-29,8,"JP2004018657A - Method for producing titanium dioxide-containing masterbatch, titanium dioxide-containing masterbatch and molded article - Google Patents",https://patents.google.com/patent/JP2004018657A/en,patents.google.com,SERP-GLOBAL-TIO2-MASTERBATCH-20260829,"JP2004018657A - Method for producing titanium dioxide-containing masterbatch, titanium dioxide-containing masterbatch and molded article - Google Patents (https://patents.google.com/patent/JP2004018657A/en) citeturn13search7 [wordlim: 200] Published: 22.6 years ago; Crawled: last week; Furthermore, a titanium dioxide-containing masterbatch obtained by the method for producing a masterbatch described above, particularly a titanium dioxide-containing masterbatch which is used for a water-resistant resin coating layer provided on both surfaces of a substrate, particularly in a support for an image material, and It is a molded product obtained by molding using the above. ... According to the method for producing a titanium dioxide-containing masterbatch of the present invention, a compound comprising at least 30 to 70% by weight of a titanium dioxide pigment, a thermoplastic resin, and 0."
titanium dioxide masterbatch,GLOBAL,EN,2026-08-29,9,White – ATZAA,https://atzaa.com/white/,atzaa.com,SERP-GLOBAL-TIO2-MASTERBATCH-20260829,"White – ATZAA (https://atzaa.com/white/) citeturn13search8 [wordlim: 200] Crawled: last month; To enhance the whiteness of recycled polyester fiber, we have created a special PET-based masterbatch containing blue-tone Titanium Dioxide, effectively reducing the yellowish tone of recycled PES. --------------------------------------------------------------------------------"
titanium dioxide masterbatch,GLOBAL,EN,2026-08-29,10,"TiO2 Masterbatch: How It Improves Whiteness, Coverage, and UV Stability",https://nuoxinplastic.com/tio2-masterbatch-how-it-improves-whiteness-coverage-and-uv-stability/,nuoxinplastic.com,SERP-GLOBAL-TIO2-MASTERBATCH-20260829,"TiO2 Masterbatch: How It Improves Whiteness, Coverage, and UV Stability (https://nuoxinplastic.com/tio2-masterbatch-how-it-improves-whiteness-coverage-and-uv-stability/) citeturn13search9 [wordlim: 200] Published: 4 months ago; Crawled: last month; A TiO2 masterbatch is a white granular material produced by uniformly dispersing titanium dioxide powder into a plastic carrier resin, aided by additives such as dispersants, lubricants, and antioxidants, through processes involving high-speed mixing, melt extrusion, cooling, and granulation. --------------------------------------------------------------------------------"
titanium dioxide REACH registration supplier,GLOBAL,EN,2026-08-29,1,Titanium Dioxide Industry TDIC,https://www.reachcentrum.eu/consortia/titanium-dioxide-industry-tdic-reach-consortium/,reachcentrum.eu,SERP-GLOBAL-TIO2-REACH-20260829,Titanium Dioxide Industry TDIC (https://www.reachcentrum.eu/consortia/titanium-dioxide-industry-tdic-reach-consortium/) citeturn11search0 [wordlim: 200] Crawled: last week; The Titanium Dioxide Industry Consortium (TDIC) will manage the EU REACH registration of titanium dioxide and related manufacturing process intermediates and will liaise with registrants of key raw materials in other consortia and SIEFs. # The Titanium Dioxide Industry Consortium (TDIC) The manufacturers of Titanium Dioxide have joined efforts for their REACH compliance activities and have launched the TDIC REACH consortium. ### Consortium description The Titanium Dioxide Industry Consortium (TDIC) will manage the EU REACH registration of titanium dioxide and related manufacturing process intermediates and will liaise with registrants of key raw materials in other consortia and SIEFs. ## Index Substances cove
titanium dioxide REACH registration supplier,GLOBAL,EN,2026-08-29,2,"Reach Titanium Dioxide Suppliers, Manufacturer, Distributor, Factories, Alibaba",https://www.alibaba.com/reach-titanium-dioxide-suppliers.html,alibaba.com,SERP-GLOBAL-TIO2-REACH-20260829,"Reach Titanium Dioxide Suppliers, Manufacturer, Distributor, Factories, Alibaba (https://www.alibaba.com/reach-titanium-dioxide-suppliers.html) citeturn11search1 [wordlim: 200] Crawled: 3 months ago; titanium dioxide,Iron oxide,sttp,Carbon black,PAC ... Reach Certified Anatase Grade Titanium Dioxide Ba0101 | Msds Titanium Dioxide 13463-67-7 | Water Soluble Tio2 Rutile | Anatase Titanium Dioxide Supplier | Anatase Grade Titanium Dioxide ... Eu Reach Verified Titanium Dioxide | White Pigment Titanium Dioxide | Tio2 Price Supplier | Titanium Dioxide Rutile Supplier | Titanium Dioxide Rutile Powder ... oil drilling chemicals,Water treatment chemicals,Rubber additives,TiO2,Concrete additives 7 YRS ## Zhengzhou Sino Chemical Co., Ltd. Gold Supplier Trade Assurance Contact Details Video ### REACH certified Anatase grade titanium dioxide BA0101 ### Nano grade 30 nm titanium dioxide price"
titanium dioxide REACH registration supplier,GLOBAL,EN,2026-08-29,3,TiO2 Agents — Titanium Dioxide Supplier from China,https://tio2agents.com/,tio2agents.com,SERP-GLOBAL-TIO2-REACH-20260829,"TiO2 Agents — Titanium Dioxide Supplier from China (https://tio2agents.com/) citeturn11search2 [wordlim: 200] Crawled: yesterday; # Titanium dioxide, ... REACH ... B2B titanium dioxide for the export trade — rutile, anatase, nano, slurry. SEMITI # Titanium dioxide, direct from China. Rutile, anatase, nano, and slurry grades for coatings, plastics, inks, paper, and cosmetics. We are a SEMITECH brand — a Shanghai-based trader of tier-1 Chinese TiO2 with English-language technical support and 10–40 day global delivery. Browse 20 gradesRequest quote 20 SKUs 12 Applications REACH Registered 10–40d Global delivery ## Featured grades View all 20 → rutile · chloride SEMITI 996 Universal Rutile Our flagship chloride-process rutile — high tinting strength and broad compatibility for coatings, plastics, and inks.Full TDS →rutile · chloride SEMITI 706 Premium Coatings Rutile Premiu"
titanium dioxide REACH registration supplier,GLOBAL,EN,2026-08-29,4,Malaysia Rutile Titanium Dioxide Manufacturer | IKHLAS,https://www.mytio2.com/,mytio2.com,SERP-GLOBAL-TIO2-REACH-20260829,"Malaysia Rutile Titanium Dioxide Manufacturer | IKHLAS (https://www.mytio2.com/) citeturn11search3 [wordlim: 200] Crawled: 3 days ago; REACH-registered rutile titanium dioxide supplier from Malaysia for paints, coatings, plastics, masterbatch and inks. ... Learn more about our Malaysia titanium dioxide supply. # Malaysia-Origin Rutile Titanium Dioxide for Global Manufacturers REACH-registered rutile titanium dioxide supplier from Malaysia for paints, coatings, plastics, masterbatch and inks. Request Documents Request Sample Request Quote Legal Entity IKHLAS TITANIUM (MALAYSIA) SDN. BHD. Manufacturing Site NO.33 Industrial Perusahaan Ringan Tupai, 34000 Taiping, Perak, Malaysia Export Coordination Port Klang, Malaysia Documents SDS · TDS · COA · COO · REACH-related documents EU Only Representative Chemical Inspection & Regulation Service Limited, Dublin REA"
titanium dioxide REACH registration supplier,GLOBAL,EN,2026-08-29,5,SAFETY DATA SHEET,https://www.tronox.com/download.php?path=20097,tronox.com,SERP-GLOBAL-TIO2-REACH-20260829,"SAFETY DATA SHEET (https://www.tronox.com/download.php?path=20097) citeturn11search12 [wordlim: 200] Published: 5 months ago; Titanium Dioxide Pigment: ... REACH registration number ... Details of the supplier of the safety data sheet SAFETY DATA SHEET This safety data sheet was created pursuant to the requirements of: Regulation (EC) No. 1907/2006 and Regulation (EC) No. 1272/2008 Issuing Date 15-Jan-2025 Revision date 15-Jan-2025 Revision Number 1 SECTION 1: Identification of the substance/mixture and of the company/undertaking 1.1. Product identifier Product Name Titanium Dioxide Pigment: TiONA® 113, TiONA® 121, TiONA® 122, TiONA® 128, TiONA® 134, TiONA® 592, TiONA® 595, TiONA® 595, TiONA® 696, TiONA® 822 / CR-822, TiONA® 826 / CR-826, TiONA® 828 / CR-828, TiONA® 828E / CR-828E, TiONA® 834 / CR-834, TiONA® 880 / CR-880, TiONA® 8950, TiONA® 41J /41J, TiONA® CR-"
titanium dioxide REACH registration supplier,GLOBAL,EN,2026-08-29,6,Tronox Titanium Dioxide,https://www.tronox.com/download.php?path=11623,tronox.com,SERP-GLOBAL-TIO2-REACH-20260829,"Tronox Titanium Dioxide (https://www.tronox.com/download.php?path=11623) citeturn11search13 [wordlim: 200] Published: 8.9 years ago; Tronox successfully completed the registration of its titanium dioxide products with EU ... As a leading supplier of titanium dioxide pigment Tronox maintains manufacturing ... REACH registration dossier, even where they are not required by regulation. Tronox Titanium Dioxide September 28, 2017 REACH CAS#13463-67-7 EINECS# 236-675-5 Tronox successfully completed the registration of its titanium dioxide products with EU Regulation (EC) No. 1907/2006, the Registration, Evaluation, and Authorization of Chemicals (REACH). The registration was completed on November"
titanium dioxide REACH registration supplier,GLOBAL,EN,2026-08-29,7,Registration - ECHA,https://echa.europa.eu/regulations/reach/registration,echa.europa.eu,SERP-GLOBAL-TIO2-REACH-20260829,"Registration - ECHA (https://echa.europa.eu/regulations/reach/registration) citeturn11search4 [wordlim: 200] Crawled: last month; Chemical substances that are already regulated by other legislations such as medicines, or radioactive substances are partially or completely exempted from REACH requirements. ... All substances notified under the Dangerous Substances Directive (also called NONS) are considered to be registered under REACH and ECHA has assigned registration numbers to all the notifications. ## Registration ## Substance registration Companies are responsible for collecting information on the properties and uses of the substances they manufacture or import above one tonne a year. They also have to assess the hazards and potential risks presented by the substance. This information is communicated to ECHA through a registration dossier containing the hazard information and,"
titanium dioxide REACH registration supplier,GLOBAL,EN,2026-08-29,8,SAFETY DATA SHEET,https://www.tronox.com/download.php?path=20740,tronox.com,SERP-GLOBAL-TIO2-REACH-20260829,SAFETY DATA SHEET (https://www.tronox.com/download.php?path=20740) citeturn11search14 [wordlim: 200] Crawled: 3 months ago; REACH registration number: 01-2119489379-17-XXXX ... Synonyms: Titanium dioxide ... Details of the supplier of the safety data sheet SAFETY DATA SHEET TRONOX Issuing Date: 16-Jun-2025 Revision date: 16-Jun-2025 Revision Number: 1 SECTION 1: Identification of the substance/mixture and of the company/undertaking 1.1. Product identifier Product Name: TiONA® 8890 Other means of identification REACH registration number: 01-2119489379-17-XXXX See section 3 for more information Synonyms: Titanium dioxide Pure substance/mixture: Mixture 1.2. Relevant identified uses of the substance or mixture and uses advised against Recommended use: Pigment Uses advised against: For industrial use only 1.3. Details of the supplier of the safety data sheet Suppl
titanium dioxide REACH registration supplier,GLOBAL,EN,2026-08-29,9,REACH Regulation - TDMA,https://www.tdma.info/safety/reach-regulation/,tdma.info,SERP-GLOBAL-TIO2-REACH-20260829,"REACH Regulation - TDMA (https://www.tdma.info/safety/reach-regulation/) citeturn11search5 [wordlim: 200] Crawled: 2 days ago; Any company manufacturing or importing a chemical in quantities of one tonne or more each year has to register that substance under REACH with the European Chemicals Agency (ECHA). ... Leading European manufacturers and suppliers of titanium dioxide (TiO_{2}) have formed the Titanium Dioxide Industry Consortium (TDIC) to manage REACH registration of TiO_{2} and related substances produced in its manufacture. ... Titanium oxide sulphate (TiOSO_{4}) CAS 13825-74-6, EINECS 237-523-0 – This may be referred to as titanium oxygen sulfate. Leading European manufacturers and suppliers of titanium dioxide (TiO_{2}) have formed the Titanium Dioxide Industry Consortium (TDIC) to manage REACH registration of TiO_{2} and related substances produced in its manufacture. TiO"
titanium dioxide REACH registration supplier,GLOBAL,EN,2026-08-29,10,Tronox Titanium Dioxide,https://www.tronox.com/download.php?path=12010,tronox.com,SERP-GLOBAL-TIO2-REACH-20260829,"Tronox Titanium Dioxide (https://www.tronox.com/download.php?path=12010) citeturn11search15 [wordlim: 200] Published: 2 months ago; Tronox successfully completed the registration of its titanium dioxide products with EU ... As a leading supplier of titanium dioxide pigment Tronox maintains manufacturing ... REACH registration dossier, even where they are not required by regulation. Tronox Titanium Dioxide REACH CAS#13463-67-7 EINECS# 236-675-5 Tronox successfully completed the registration of its titanium dioxide products with EU Regulation (EC) No. 1907/2006, the Registration, Evaluation, and Authorization of Chemicals (REACH). The registration was completed on November 16, 2010 and confirmed by the European Chemical Agency (E"
titanium dioxide supplier India,INDIA,EN,2026-08-29,1,Titanium Dioxide Suppliers India - Esaar for TiO2 | Esaar International Pvt. Ltd.,https://www.esaar.com/portfolio/titanium-dioxide/,esaar.com,SERP-INDIA-TIO2-SUPPLIER-20260829,Titanium Dioxide Suppliers India - Esaar for TiO2 | Esaar International Pvt. Ltd. (https://www.esaar.com/portfolio/titanium-dioxide/) citeturn6search0 [wordlim: 200] Crawled: 2 weeks ago; # Titanium Dioxide (India & China)Esaar is one of the top titanium dioxide suppliers India. # Titanium Dioxide (India & China) Esaar is one of the top titanium dioxide suppliers India. Our stocks are sourced from the best manufactures and made available for our clients in the nick of time. Titanium Dioxide – RC 822 Titanium Dioxide ES 55 Titanium Dioxide R 607 Titanium Dioxide BLR 895 Titanium Dioxide R 996 ### Titanium Dioxide – RC 822 #### Description: TIO_{2}-RC 822 is silica – alumina treated Titanium Dioxide pigment produced by the Chloride process. It has the highest degree of gloss and tint retention properties in exterior film applications. It is characterized by an optical balance of
titanium dioxide supplier India,INDIA,EN,2026-08-29,2,Bharat Enterprises | Titanium Dioxide Distributor | Ti-Pure Products,https://bharatenterprises.org/,bharatenterprises.org,SERP-INDIA-TIO2-SUPPLIER-20260829,"Bharat Enterprises | Titanium Dioxide Distributor | Ti-Pure Products (https://bharatenterprises.org/) citeturn6search1 [wordlim: 200] Crawled: 4 days ago; # India's Trusted Titanium Dioxide Distribution Partner ... ""A trusted Indian supplier with global-ready standards."" Trusted B2B Distributor | Serving North India # India's Trusted Titanium Dioxide Distribution Partner Reliable supply. Competitive pricing. Industrial-scale execution across North India. Bharat Enterprises is a leading B2B distributor of Titanium Dioxide (TiO₂), serving SME and MSME manufacturers across paints, plastics, PVC, footwear, cosmetics, and industrial sectors. Request a Quote Contact Sales 40+ Years Experience 1000+ Customers 20+ Industries Served About Bharat Enterprises ## Built on Quality. Delivered with Trust. Bharat Enterprises is a leading North India–based distributor of Titanium Dioxide"
titanium dioxide supplier India,INDIA,EN,2026-08-29,3,"Titanium Dioxide Powder - Price, Manufacturers & Suppliers",https://www.tradeindia.com/manufacturers/titanium-dioxide.html,tradeindia.com,SERP-INDIA-TIO2-SUPPLIER-20260829,"Titanium Dioxide Powder - Price, Manufacturers & Suppliers (https://www.tradeindia.com/manufacturers/titanium-dioxide.html) citeturn6search2 [wordlim: 200] Published: 6 days ago; Crawled: yesterday; Contact Supplier ... ## Titanium Dioxide - 99.5% Purity, Superior Whiteness Powder for Industrial Applications | Non-Poisonous, High Tinting Strength and Oil Absorption ... ## Titanium Dioxide Manufacturers | Suppliers in India # Titanium Dioxide (2747 products) ## Powder Titanium Dioxide Rutile 245.00 - 255.00 INR/Kilograms Get Latest Price MOQ 500 Kilograms/Kilograms Other Names Titania, TiO2 Strength High Tinting Strength Alkali Resistance Excellent Density 4.2 Gram per cubic centimeter(g/cm3) Shelf Life 2 Years EINECS No 236-675-5 More details... Titanium Dioxide Anatase Price Trend : 170.00 - 190.00 INR Image: Industry LeaderImage: Made In India ## Titanium Dioxide -"
titanium dioxide supplier India,INDIA,EN,2026-08-29,4,Titanium Dioxide Importer | Anatase & Rutile Grade,https://www.pandoraindia.com/titanium-dioxide,pandoraindia.com,SERP-INDIA-TIO2-SUPPLIER-20260829,"Titanium Dioxide Importer | Anatase & Rutile Grade (https://www.pandoraindia.com/titanium-dioxide) citeturn6search3 [wordlim: 200] Crawled: 3 weeks ago; # Titanium Dioxide Importer & Supplier in India # Titanium Dioxide Importer & Supplier in India Pandora Industries is a leading importer and supplier of Titanium Dioxide in India. We supply Anatase Grade and Rutile Grade of high quality Titanium Dioxide, in bulk quantities, to manufacturing units across India. ## About Titanium Dioxide Titanium dioxide (TiO₂) is a naturally occurring compound derived from minerals such as ilmenite, rutile, and anatase. It appears as a white, odorless powder and is celebrated for its exceptional brightness and high refractive index, making it a leading white pigment worldwide. Known for its stability and non-toxic nature, titanium dioxide is used extensively across industries. This compound is p"
titanium dioxide supplier India,INDIA,EN,2026-08-29,5,Titanium Dioxide Manufacturers in India | TiO2 Suppliers,https://sudarshangroup.com/titanium-dioxide-manufacturers-in-india/,sudarshangroup.com,SERP-INDIA-TIO2-SUPPLIER-20260829,"Titanium Dioxide Manufacturers in India | TiO2 Suppliers (https://sudarshangroup.com/titanium-dioxide-manufacturers-in-india/) citeturn6search4 [wordlim: 200] Published: last week; Crawled: last week; # Titanium Dioxide Manufacturers and Suppliers in India * Call Now : +91-9983250000 * Email : info@sudarshangroup.net # Titanium Dioxide Manufacturers and Suppliers in India Image Sudarshan Group supplies Titanium Dioxide to manufacturers across India and export markets. Titanium Dioxide is the most widely used white pigment, valued for its opacity, brightness and UV resistance across paints, plastics, paper and coatings. Our supply is backed by consistent sourcing and quality checks, with a certificate of analysis released for every consignment. ## What Is Titanium Dioxide? Titanium Dioxide is an inorganic compound with the formula TiO_{2}, supplied as a fine white powder. It o"
titanium dioxide supplier India,INDIA,EN,2026-08-29,6,"Titanium Dioxide Manufacturers, Suppliers & Dealers",https://www.exportersindia.com/indian-suppliers/titanium-dioxide.htm,exportersindia.com,SERP-INDIA-TIO2-SUPPLIER-20260829,"Titanium Dioxide Manufacturers, Suppliers & Dealers (https://www.exportersindia.com/indian-suppliers/titanium-dioxide.htm) citeturn6search5 [wordlim: 200] Published: yesterday; Crawled: today; Where can I buy Titanium Dioxide from trusted suppliers in India? ... A wide variety of Titanium Dioxide products can be sourced from supplier-rich cities such as Vadodara, Ahmedabad, Delhi, Hyderabad, Bengaluru, Kurukshetra, Agra, Jaipur, Silvassa. # Titanium Dioxide ( 617 Products Available ) Location [Input: Search City] [Input] [Input] [Input] Near Me [Input] * All India * Delhi * Mumbai * Ahmedabad * Vadodara * Kolkata * Ludhiana * Chennai * Bengaluru * Indore * Kanpur Related Category * White Pigments * Zinc Oxide Powder * Titanium Dioxide Rutile * Lithophone Powder Business Type * Manufacturer * Exporter * Wholesaler * Retailer * Image:"
titanium dioxide supplier India,INDIA,EN,2026-08-29,7,Titanium Dioxide Supplier | Rutile TiO₂ Supplier | Corechem Corporation,https://www.titaniumdioxidesupplier.in/,titaniumdioxidesupplier.in,SERP-INDIA-TIO2-SUPPLIER-20260829,"Titanium Dioxide Supplier | Rutile TiO₂ Supplier | Corechem Corporation (https://www.titaniumdioxidesupplier.in/) citeturn6search6 [wordlim: 200] Crawled: yesterday; Delhi, India ... As a leading Titanium Dioxide Supplier, our mission is to provide reliable chemical solutions that meet international quality standards while ensuring consistent supply and customer-focused service. ## Titanium Dioxide Ki Har Requirement Ka Solution Yahan Milega! From paints and coatings to plastics, inks, and cosmetics — we supply premium-quality Titanium Dioxide for all industrial applications. Fill out the form below, and our team will contact you within 24 hours. [Input: Full Name] [Input: Email Address] [Input: Phone Number] [Input: Your Requirements] [Button: Request Quote →] Image: About ### Corechem Corporation Trusted Titanium Dioxide Supplier +91 9818544039 ## Trusted Titanium Dioxide"
titanium dioxide supplier India,INDIA,EN,2026-08-29,8,"Titanium Dioxide Manufacturers, Suppliers & Exporters | Inquiry Bazaar",https://dir.inquirybazaar.com/category/titanium-dioxide,dir.inquirybazaar.com,SERP-INDIA-TIO2-SUPPLIER-20260829,"Titanium Dioxide Manufacturers, Suppliers & Exporters | Inquiry Bazaar (https://dir.inquirybazaar.com/category/titanium-dioxide) citeturn6search7 [wordlim: 200] Crawled: today; Titanium Dioxide in India: Compare Prices, Grades & Suppliers 2026 Vaibhav International Second Floor, F-1/81, Sector-11, Rohini, Rithala, New Delhi - 110085, Delhi, India 4.2 • 47 reviews Image: Trust EliteTrust Elite GST Verified View Number WhatsApp Image: Titanium Dioxide Powder Titanium Dioxide Powder ₹ 240/Kg Grade : Rutile Application : Paint Packaging Size : 25 kg Form : Powder Vicky Plast Wazirpur District Centre,Netaji Subhash Place, Pitampura, New Delhi 4.0 • (33) WhatsApp Call Now Image: Titanium Dioxide Powder Titanium Dioxide Powder ₹240/Kg Grade Rutile Application Paint Packaging Size 25 kg Form Powder View more details → Vicky Plast Wazirpur District Centre,Netaji Subh"
titanium dioxide supplier India,INDIA,EN,2026-08-29,9,"Trader - Wholesaler / Distributor of Titanium Dioxide Rutile by Shankar Chemicals, New Delhi",https://www.shankarchemical.com/,shankarchemical.com,SERP-INDIA-TIO2-SUPPLIER-20260829,"Trader - Wholesaler / Distributor of Titanium Dioxide Rutile by Shankar Chemicals, New Delhi (https://www.shankarchemical.com/) citeturn6search8 [wordlim: 200] Crawled: yesterday; New Delhi - 110039, Delhi, India ... * Titanium Dioxide Powder Shankar Chemicals Bawana, New Delhi, Delhi GST No. 07BVKPD0698F1ZI TrustSEAL Verified Payment Protected Call 07942553121 95% Response Rate SEND EMAIL Titanium Dioxide Anatase Price: ₹ 270 / Kg Get Best Quote Titanium Dioxide opati Price: ₹ 255 / Kg Get Best Quote Rutile Titanium Dioxide Atr 315 Price: ₹ 215 / Kg Get Best Quote Precipitated Barium Sulphate Price: ₹ 70 / Kg Get Best Quote Caustic Soda Flakes Price: ₹ 62 / Kg Get Best Quote Optical Brightener Powder Price: ₹ 3,800 / Kg Get Best Quote Titanium Dioxide Thr218 Price: ₹ 220 / Kg Get Best Quote About Company * Nature of Business Trader - Wholesaler/Distr"
titanium dioxide supplier India,INDIA,EN,2026-08-29,10,Titanium Dioxide Supplier in India | Aanya Enterprise,https://titaniumdioxidesuppliers.com/,titaniumdioxidesuppliers.com,SERP-INDIA-TIO2-SUPPLIER-20260829,"Titanium Dioxide Supplier in India | Aanya Enterprise (https://titaniumdioxidesuppliers.com/) citeturn6search9 [wordlim: 200] Published: 1.3 years ago; Crawled: today; # India’s Leading Titanium Dioxide Supplier * Plot No 67/2 Kh. No. 154 Village Pooth Khurd New Delhi-110039, Delhi, India * sales@aanyaenterprise.com * +91-85275 57778 * +91-89201 09583 ## Welcome to Aanya Enterprise # India’s Leading Titanium Dioxide Supplier At Aanya Enterprises, we are proud to be recognised as one of India’s most trusted suppliers and importers of premium-grade chemical compounds, with a special focus on Titanium Dioxide (TiO₂), Titanium Dioxide Rutile, Lithopone, Optical Brighter, Caustic Soda, and Carbon. Our high-performance products drive innovation across industries from coatings and plastics to paper and industrial catalysts. Operating with a future-ready mindset, we continue to e"
titanium dioxide supplier UK,UK,EN,2026-08-29,1,Titanium Dioxide : Plater Group Ltd,https://www.platergroup.co.uk/products/titanium-dioxide,platergroup.co.uk,SERP-UK-TIO2-SUPPLIER-20260829,"Titanium Dioxide : Plater Group Ltd (https://www.platergroup.co.uk/products/titanium-dioxide) citeturn5search0 [wordlim: 200] Crawled: 4 months ago; Plater Group is a leading UK supplier of Titanium Dioxide packed in 25kg & bulk bags. # Titanium Dioxide Chemical Listing This product is used as/for: Solid Plater Group is a leading UK supplier of Titanium Dioxide packed in 25kg & bulk bags. We are also a Titanium Dioxide distributor, covering the UK, Ireland and Europe. Titanium Dioxide is used for the manufacture of: * machinery and vehicles * chemicals * plastic products * furniture * electrical * electronic and optical equipment * rubber products * pulp, paper and paper products If you would like a quote or require more information about how Plater Group can supply you with Titanium Dioxide please complete the form below and a member of our team will get back to you shortly or ph"
titanium dioxide supplier UK,UK,EN,2026-08-29,2,About - Devine Chemicals,https://www.devinechemicals.co.uk/about/,devinechemicals.co.uk,SERP-UK-TIO2-SUPPLIER-20260829,"About - Devine Chemicals (https://www.devinechemicals.co.uk/about/) citeturn5search1 [wordlim: 200] Crawled: last week; T: +44 (0)1207 580 101 E: hello@devinechemicals.co.uk ... This includes DeCAL – a range of synthetic thickeners and dispersants and DeTOX – a range of titanium dioxide pigments. ... ### Ming-Zu Chemical Industry Ltd – Supplier Profile T: +44 (0)1207 580 101 E: hello@devinechemicals.co.uk [Input: Search] Image: Search Over 30 years of experience supplying speciality chemicals to a diverse range of industries. ## About Us Headquartered in the North East of England, Devine Chemicals Ltd is a leading speciality chemicals manufacturer and global distributor. We have over 30 years of experience in supplying dispersants, water retention aids, rheology modifiers, defoamers, wax emulsions and high-performance pigments for use across a diverse range of industries. We hav"
titanium dioxide supplier UK,UK,EN,2026-08-29,3,Titanium Dioxide (TiO2) UK Supplier | Thermograde,https://thermograde.com/material/titanium-dioxide/,thermograde.com,SERP-UK-TIO2-SUPPLIER-20260829,"Titanium Dioxide (TiO2) UK Supplier | Thermograde (https://thermograde.com/material/titanium-dioxide/) citeturn5search2 [wordlim: 200] Crawled: last month; ## Titanium Dioxide Supplier ## Download Latest Stock Leaflets Raw Materials Leaflet Product Leaflet #### TiO2 # Titanium Dioxide Our premium-grade titanium dioxide is engineered for exceptional whiteness, opacity, and UV resistance, ensuring your products meet the highest standards of quality and durability. Enquire Now * * Molecular Formula: TiO2 * Molecular Weight: 79.866 g/mol * Specific Gravity: 4.26 g * Melting Point: 1843°C * Ignition Loss: n/a * Particle Size: Varies * Industries: Ceramics, Cosmetics, Paint, Pharmaceutical, Plastics ## Titanium Dioxide Supplier Beyond paints, catalytic coatings, plastics, paper, pharmaceuticals and sunscreen, some lesser-known applications include packaging and com"
titanium dioxide supplier UK,UK,EN,2026-08-29,4,"Titanium Dioxide UK Suppliers, Bulk Distributors and Wholesalers",https://www.ukchemicalsuppliers.co.uk/content/page/titanium-dioxide,ukchemicalsuppliers.co.uk,SERP-UK-TIO2-SUPPLIER-20260829,"Titanium Dioxide UK Suppliers, Bulk Distributors and Wholesalers (https://www.ukchemicalsuppliers.co.uk/content/page/titanium-dioxide) citeturn5search3 [wordlim: 200] Crawled: 3 weeks ago; Titanium Dioxide Quick enquiry Where to buy Suppliers range | Major UK Based supplier of Titanium Dioxide. # Titanium Dioxide UK Suppliers, Bulk Distributors and Wholesalers #### Titanium Dioxide other names include: Titania, Rutile, Anatase, Brookite. When used as a pigment, it is called titanium white, Pigment White 6 (PW6), or CI 77891. CAS Number 13463-67-7. Formula: TiO_{2} #### Where to buy Titanium Dioxide in the UK We have compiled a list of Titanium Dioxide suppliers in the UK. If looking for a particular type of Titanium Dioxide to purchase, simply use the search box, then use the suppliers website link for more information or prices. The companies listed that supply titanium dioxide"
titanium dioxide supplier UK,UK,EN,2026-08-29,5,Titanium Dioxide | Nexchem,https://www.nexchem.co.uk/titanium-dioxide/,nexchem.co.uk,SERP-UK-TIO2-SUPPLIER-20260829,"Titanium Dioxide | Nexchem (https://www.nexchem.co.uk/titanium-dioxide/) citeturn5search4 [wordlim: 200] Crawled: last month; Titanium dioxide (TiO₂) is a white, odourless powder with high brightness and opacity. ... Email: sales@nexchem.co.uk ## Nexchem Ltd are distributors of Titanium Dioxide Titanium dioxide (TiO₂) is a white, odourless powder with high brightness and opacity. ### Common uses of Titanium Dioxide: * Pigment: Commonly used in paints, coatings, plastics and inks for its whiteness and UV resistance. * Food Additive (E171): Used as a whitening agent in candies, chewing gum and dairy products (though banned in some regions). * Ceramics & Glass: Enhances brightness and strength. * Photocatalysis: Used in air and water purification due to its ability to break down pollutants. ### Common Titanium Dioxide Industries Water Treatment, Food & Catering Download Ma"
titanium dioxide supplier UK,UK,EN,2026-08-29,6,Titanium Dioxide | Potclays,https://www.potclays.co.uk/oxides-basic-materials-basic-materials/titanium-dioxide/,potclays.co.uk,SERP-UK-TIO2-SUPPLIER-20260829,Titanium Dioxide | Potclays (https://www.potclays.co.uk/oxides-basic-materials-basic-materials/titanium-dioxide/) citeturn5search5 [wordlim: 200] Crawled: last month; Image: Photograph: Titanium Dioxide Image: Photograph: Titanium Dioxide Potclays Materials # Titanium Dioxide 3468 Please choose an option below: [Input] 0.5KG £7.85 (£15.70 per kg) £6.54 (£13.08 per kg) [Input] 2.5KG £28.74 (£11.50 per kg) £23.95 (£9.58 per kg) [Input] 5KG £54.24 (£10.85 per kg) £45.20 (£9.04 per kg) [Input] 10KG £102.14 (£10.21 per kg) £85.12 (£8.51 per kg) [Input] 25KG £243.05 (£9.72 per kg) £202.54 (£8.10 per kg) [Input] £7.85 each (£15.70 per kg) £6.54 each (£13.08 per kg) Exc VAT [Input] VAT Toggle Inc VAT *The price has been rounded to the nearest pence Quantity [Input] Image: cart Add To Bag Image: Add to WishlistImage: Remove from Wishlist ImageImageAdd
titanium dioxide supplier UK,UK,EN,2026-08-29,7,Titanium Dioxide Sales,https://titaniumdioxide.eu/,titaniumdioxide.eu,SERP-UK-TIO2-SUPPLIER-20260829,"Titanium Dioxide Sales (https://titaniumdioxide.eu/) citeturn5search6 [wordlim: 200] Crawled: last week; As a titanium dioxide supplier UK and titanium dioxide supplier EU we have for many years supplied this product to a range of industries. * Our Titanium Dioxide Product Our TiO2 titanium dioxide white dye is readily available. It is a high quality rutile grade white pigment consisting of a minimum of 95% pure titanium dioxide. It is very durable, highly opague and has a high resistance to most chemicals. As a titanium dioxide supplier UK and titanium dioxide supplier EU we have for many years supplied this product to a range of industries. We welcome the opportunity to provide quotations to supply the product in various pack sizes and packaging types to meet customers requirements. This product is normally supplied in 25kg bags, however sample amounts can be supplied for testing"
titanium dioxide supplier UK,UK,EN,2026-08-29,8,Buy Titanium Dioxide at Inoxia Ltd,https://www.inoxia.co.uk/products/chemicals/inorganic-compounds/titanium-dioxide,inoxia.co.uk,SERP-UK-TIO2-SUPPLIER-20260829,Buy Titanium Dioxide at Inoxia Ltd (https://www.inoxia.co.uk/products/chemicals/inorganic-compounds/titanium-dioxide) citeturn5search7 [wordlim: 200] Crawled: last month; With aluminium oxide and organic surface treatment to reduce surface force between particles of titanium dioxide and enhance the dry powder flow and greatly improve dispersion and scatter. # Titanium Dioxide Chemicals > Inorganic Compounds > Titanium Dioxide Titanium Dioxide Image: Titanium Dioxide Image: Titanium dioxide 100g Image: Titanium dioxide 500g Image: Titanium dioxide 1kg Image: Titanium dioxide 6kg ## Buy Titanium Dioxide Weight | Cost | Quantity | 100g | £3.86 | [Input] [Input] Add | 500g | £8.30 | [Input] [Input] Add | 1kg | £13.75 | [Input] [Input] Add | 6kg | £45.41 | [Input] [Input] Add | 25kg | £141.58 | [Input] [Input] Add | * Rutile Titanium dioxide pigment. With
titanium dioxide supplier UK,UK,EN,2026-08-29,9,Titanium Dioxide | Univar Solutions,https://www.univarsolutions.co.uk/catalog/category/view/id/1960,univarsolutions.co.uk,SERP-UK-TIO2-SUPPLIER-20260829,"Titanium Dioxide | Univar Solutions (https://www.univarsolutions.co.uk/catalog/category/view/id/1960) citeturn5search8 [wordlim: 200] Crawled: 6 days ago; # Titanium Dioxide ... Product Name | Supplier | Package Type | Weight | Price (UOM) | Price (Package) Showing 11 Results Product Name | Supplier | Package Type | Weight | Price (UOM) | Price (Package) --- | --- | --- | --- | --- | --- TIONA RCL 595 500KG BIG BAG | UNIVAR | BIG BAG | 500.00 kgs | -- | Request Quote | -- Image: TIONA RCL 595 500KG BIG BAG TIONA RCL 595 500KG BIG BAG Product No.1011620 SDS View Product Documents [Input] [Input] [Input] [Input] [Button: Request Quote ] [Input] [Input] [Input] [Button: Request Quote ] TIONA 826 1000KG BIG BAG | TRONOX | BIG BAG | 1,000.00 kgs | -- | Request Quote | -- Image: TIONA 826 1000KG BIG BAG TIONA 826 1000KG BIG BAG Product No.2037478 SDS View Product"
titanium dioxide supplier UK,UK,EN,2026-08-29,10,Titanium Dioxide | Univar Solutions,https://www.univarsolutions.co.uk/product-categories-uk/additives-and-modifiers-uk/titanium-dioxide-uk?uk_rfq_only=1,univarsolutions.co.uk,SERP-UK-TIO2-SUPPLIER-20260829,"Titanium Dioxide | Univar Solutions (https://www.univarsolutions.co.uk/product-categories-uk/additives-and-modifiers-uk/titanium-dioxide-uk?uk_rfq_only=1) citeturn5search9 [wordlim: 200] Crawled: 4 months ago; # Titanium Dioxide ... Supplier (A-Z) [Input] Filters Price 1. Request Pricing 11 items [Input] Industry 1. Coatings, Adhesives, Sealants & Elastomers 7 items [Input] [Button: Less ] Package Type 1. BIG BAG 2 items [Input] 2. PAPER BAG 9 items [Input] ### Sort Product Name (A-Z) [Input] Product Name (Z-A) [Input] Grade (A-Z) [Input] Grade (Z-A) [Input] Concentration (Low-High) [Input] Concentration (High-Low) [Input] Form (A-Z) [Input] Form (Z-A) [Input] Package Type (Large-Small) [Input] Package Type (Small-Large) [Input] Supplier (A-Z) [Input] Supplier (Z-A) [Input] Est. Shipping (Fastest - Slowest) [Input] Est. Shipping (Slowest - Fastest) [In"
